ra_rad,dec_rad,magnitude,bv
1.7677953696,-0.2917512585,-1.440,0.009
1.6753053520,-0.9197127749,-0.620,0.164
3.7335290285,0.3347962181,-0.050,1.239
3.8381792118,-1.0617531758,-0.010,0.710
4.8735630955,0.6769031164,0.030,-0.001
1.3818164126,0.8028163926,0.080,0.795
1.3724303693,-0.1431456308,0.180,-0.030
2.0040830412,0.0911933319,0.400,0.432
0.4263550659,-0.9989698692,0.450,-0.158
1.5497291184,0.1292776317,0.450,1.500
3.6818756604,-1.0537083141,0.610,-0.231
5.1957721055,0.1547814171,0.760,0.221
3.2576512816,-1.1012869029,0.770,-0.243
1.2039308112,0.2881416661,0.870,1.538
1.3817577787,0.8028661535,0.960,0.650
3.5133172181,-0.1948018180,0.980,-0.235
4.3171054660,-0.4613254706,1.060,1.865
2.0303268875,0.4891494417,1.160,0.991
6.0111333839,-0.5170055514,1.170,0.145
3.3498170266,-1.0417654498,1.250,-0.238
5.4167685422,0.7902909828,1.250,0.092
3.8380695708,-1.0618286488,1.350,0.900
2.6545231722,0.2088671653,1.360,-0.087
1.8265996486,-0.5056582519,1.500,-0.211
1.9835582702,0.5565554130,1.580,0.034
3.2775789292,-0.9968135892,1.590,1.600
4.5972351525,-0.6475838425,1.620,-0.231
1.4186518338,0.1108232096,1.640,-0.224
1.4237168086,0.4992941924,1.650,-0.130
2.4138011729,-1.2167948189,1.670,0.070
1.4670083872,-0.0209774580,1.690,-0.184
5.7955076429,-0.8196236395,1.730,-0.070
1.4868406873,-0.0339042813,1.740,-0.199
2.1359886134,-0.8261793110,1.750,-0.145
3.3773355901,0.9766831266,1.760,-0.022
0.8915260038,0.8702417516,1.790,0.481
4.8178594527,-0.6001247623,1.790,-0.031
2.8960653502,1.0777588447,1.810,1.061
1.8692101323,-0.4606482337,1.830,0.671
3.6108299013,0.8606788389,1.850,-0.099
2.1926316760,-1.0386364142,1.860,1.196
4.6134236651,-0.7504535963,1.860,0.406
1.5687409450,0.7844806907,1.900,0.077
4.4011295862,-1.2047609005,1.910,1.447
1.7353445935,0.2862209442,1.930,0.001
2.2894512109,-0.9548490567,1.930,0.043
5.3478963791,-0.9902141216,1.940,-0.118
0.6622870749,1.5579526130,1.970,0.636
1.6698426956,-0.3133898839,1.980,-0.240
2.4765671803,-0.1511211225,1.990,1.440
0.5548981310,0.4094965333,2.010,1.151
2.7051398372,0.3462993056,2.010,1.128
0.1901946422,-0.3139254704,2.040,1.019
4.9535298294,-0.4589643845,2.050,-0.134
3.6943545481,-0.6347754527,2.060,1.011
0.0365971627,0.5077238185,2.070,-0.038
0.3042617927,0.6216960121,2.070,1.576
1.5173738928,-0.1687664399,2.070,-0.168
3.8864392902,1.2942577172,2.070,1.465
5.9457559977,-0.8182902343,2.070,1.610
4.6030200227,0.2192139606,2.080,0.155
0.8210415014,0.7148108979,2.090,-0.003
0.5406116765,0.7387930669,2.100,1.370
3.0938569660,0.2543304303,2.140,0.090
0.2474379511,1.0597070290,2.150,-0.046
3.3227502424,-0.8545112529,2.200,-0.023
2.1100341326,-0.6981866376,2.210,-0.269
2.4307649367,-1.0345479139,2.210,0.189
4.0783442887,0.4662593508,2.220,0.032
2.3910838764,-0.7580416852,2.230,1.665
3.5077838547,0.9586284043,2.230,0.057
5.3329772551,0.7026115975,2.230,0.673
0.1767448813,0.9867625763,2.240,1.170
4.6975807916,0.8986507442,2.240,1.521
1.4486524168,-0.0052201402,2.250,-0.175
0.0400258528,1.0323584044,2.280,0.380
3.5774351187,-0.9331646086,2.290,-0.171
4.1902451252,-0.3948233193,2.290,-0.117
4.4076754344,-0.5985298033,2.290,1.144
3.8481427618,-0.8270801174,2.300,-0.154
3.8201207361,-0.7357928411,2.330,-0.157
2.8878245691,0.9840589863,2.340,0.033
3.8614843384,0.4725343234,2.350,0.966
5.6905847755,0.1723514595,2.380,1.520
4.6359781677,-0.6812017099,2.390,-0.171
0.1146829030,-0.7383786688,2.400,1.083
3.1146712453,0.9371503534,2.410,0.044
4.4958726181,-0.2744514576,2.430,0.059
6.0378533040,0.4901371316,2.440,1.655
1.9377301885,-0.5114356375,2.450,-0.083
5.5788481524,1.0923243047,2.450,0.257
2.4526837752,-0.9601172782,2.470,-0.141
5.4376198187,0.5928928159,2.480,1.021
6.0421591459,0.2653819266,2.490,-0.002
0.7953445140,0.0713793229,2.540,1.630
4.3509267514,-0.1844305118,2.540,0.038
3.6457311141,-0.8253378423,2.550,-0.176
2.9413521654,0.3582064320,2.560,0.128
4.2125143827,-0.3456703699,2.560,-0.065
1.4518096517,-0.3110576147,2.580,0.211
3.1780639137,-0.8852733293,2.580,-0.128
3.2105604074,-0.3061644256,2.580,-0.107
4.9855850119,-0.5215062187,2.600,0.062
4.0011975270,-0.1637628017,2.610,-0.071
4.1201459864,0.1121483465,2.630,1.167
0.5002117420,0.3631687216,2.640,0.165
1.4819983268,-0.5947053712,2.650,-0.120
1.5695791535,0.6494821334,2.650,-0.083
3.2916353005,-0.4083504806,2.650,0.893
0.3744295873,1.0513040156,2.660,0.160
3.6419989524,0.3211007360,2.680,0.580
3.9205864841,-0.7528296217,2.680,-0.184
1.2958792110,0.5788574745,2.690,1.490
2.8220634854,-0.8625461715,2.690,0.901
3.3038399427,-1.2066432167,2.690,-0.176
4.5848225943,-0.6509346982,2.700,-0.179
1.9073945586,-0.6474729921,2.710,1.616
4.8039925129,-0.5205986101,2.720,1.380
5.1760341859,0.1852363513,2.720,1.507
4.2513849418,-0.0644780984,2.730,1.584
4.2934733707,1.0736255544,2.730,0.910
2.8054288325,-1.1238951714,2.740,-0.220
3.3233717735,-0.0252963627,2.740,0.368
1.4636027423,-0.1031472363,2.750,-0.210
3.4932668046,-0.6407504212,2.750,0.068
3.8871911695,-0.2799818461,2.750,0.147
4.6402743827,0.0797144715,2.760,1.168
1.3432479535,-0.0887752323,2.780,0.161
4.3206501315,0.3750645053,2.780,0.947
4.5145019814,0.2511586876,2.780,1.164
3.2076777620,-1.0253622208,2.790,-0.193
4.5833777117,0.9128314068,2.790,0.954
4.0803216941,-0.7184954506,2.800,-0.216
1.4322406986,-0.3623205948,2.810,0.807
4.3689377938,0.5515716134,2.810,0.650
0.1120281101,-1.3483409638,2.820,0.618
4.3453574616,-0.4924623845,2.820,-0.206
4.8344342751,-0.4436923676,2.820,1.025
0.0577524134,0.2650037404,2.830,-0.190
2.1273129937,-0.4241904755,2.830,0.458
4.1676061267,-1.1070750249,2.830,0.315
1.0215936441,0.5564744158,2.840,0.271
4.5609811069,-0.9691793082,2.840,1.479
4.5895253105,-0.8705029436,2.840,-0.136
0.9925887749,0.4207140092,2.850,-0.086
3.4128895430,0.1912732567,2.850,0.934
5.7030406808,-0.2814742384,2.850,0.180
1.9836087168,0.5565945680,2.850,0.650
0.5182191583,-1.0745967597,2.860,0.290
5.1704264424,0.7876812219,2.860,-0.002
1.6709799892,0.3929361990,2.870,1.621
4.0095048888,-1.1986841875,2.870,0.014
5.8403179287,-1.0517282074,2.870,1.390
0.7778121182,-0.7034492364,2.880,0.128
5.0167913454,-0.3669312994,2.880,0.377
1.9510630591,0.1446758469,2.890,-0.097
3.3860627176,0.6687818903,2.890,-0.115
4.1837806439,-0.4557771176,2.890,-0.180
1.0378330199,0.6983099793,2.900,-0.199
4.2812429555,-0.4466785609,2.900,0.299
5.6354888118,-0.0972352982,2.900,0.828
0.8063268792,0.9338635493,2.910,0.716
2.5617165220,-1.1357207682,2.920,0.273
5.9472193251,0.5274602314,2.930,0.852
1.7886829951,-0.8833907164,2.940,1.207
3.2719004348,-0.2882486743,2.940,-0.012
5.7848236743,-0.0055824472,2.950,0.969
1.0385992839,-0.2357680692,2.970,1.588
1.4732531914,0.3690070937,2.970,-0.148
2.5562583438,0.4149390200,2.970,0.808
4.7377320340,-0.5310005637,2.980,0.981
3.4859528940,-0.4044191821,2.990,0.920
4.6582169637,-0.7003482245,2.990,0.509
4.9977945454,0.2419633388,2.990,0.014
0.5652399794,0.6106435271,3.000,0.140
2.9219591840,0.7766451055,3.000,1.144
4.0174380411,1.2537400930,3.000,0.058
4.4151182200,-0.6640520453,3.000,-0.200
5.7330946093,-0.6521396963,3.000,-0.084
0.9726935149,0.8340501113,3.010,-0.125
1.6594293654,-0.5247047424,3.020,-0.160
1.8457927748,-0.4159693974,3.020,-0.077
3.1857701420,-0.3947893995,3.020,1.326
1.3175878916,0.7648610190,3.030,0.537
3.3435305922,-1.1887109248,3.040,-0.178
3.8051588582,0.6686051375,3.040,0.191
5.1082355472,0.4879884922,3.050,1.088
5.3276665980,-0.2579835241,3.050,0.790
1.7624862964,0.4386208606,3.060,1.377
2.7154237004,0.7243031976,3.060,1.603
5.0289633474,1.1809166705,3.070,0.990
4.7893037272,-0.6416124578,3.100,1.582
2.3360960501,0.1037696555,3.110,0.978
2.8345227794,-0.2826324803,3.110,1.232
3.0359208545,-1.0999037274,3.110,-0.044
5.3999045901,-0.8253924132,3.110,0.998
1.5313508146,-0.6242747530,3.120,1.146
2.3527461102,0.8384880495,3.120,0.223
4.4445696603,-0.9772123050,3.120,1.552
4.5161784662,0.4335258950,3.120,0.080
3.9233320666,-0.7348568098,3.130,-0.208
2.4480663506,0.6002634410,3.140,1.550
2.4924272339,-0.9954376611,3.160,1.538
4.5162458418,0.6424410675,3.160,1.437
1.7355605988,-0.7539112643,3.170,-0.103
2.4995858496,0.9019390372,3.170,0.475
4.4889295933,1.1469375884,3.170,-0.120
4.9116025138,-0.4710779479,3.170,-0.107
1.3374230331,0.7196773430,3.180,-0.148
3.8506743020,-1.1340300965,3.180,0.256
1.2646661967,0.1214971799,3.190,0.484
1.3328252865,-0.3904481742,3.190,1.460
4.4404157453,0.1636251875,3.190,1.160
4.6681358435,-0.6465276120,3.190,1.192
5.5542329424,0.5275592013,3.210,0.990
6.1930792977,1.3549388191,3.210,1.031
4.0202441343,-0.7094330192,3.220,-0.227
4.2687327391,-0.0818997608,3.230,0.966
4.8053714734,-0.0505940424,3.230,0.941
5.6228386965,1.2315168153,3.230,-0.201
1.7810719348,-1.0810812248,3.240,0.225
5.2853140601,-0.0143371984,3.240,-0.066
1.9601388027,-0.7557525678,3.250,1.509
3.6929926332,-0.4656950528,3.250,1.091
3.9447509890,-0.4412535238,3.250,1.674
4.9695794529,0.5705404071,3.250,-0.049
0.9915114595,-1.2957143241,3.260,1.590
0.1715996556,0.5386264769,3.270,1.268
4.5466247960,-0.4363243778,3.270,-0.186
5.9980431161,-0.2761254025,3.270,0.066
1.3654219570,-0.2828387763,3.290,-0.110
2.6779356113,-1.2223920127,3.290,-0.074
4.0357669492,1.0291519899,3.290,1.166
1.1955325220,-0.9607160430,3.300,-0.079
2.7577274152,-1.0766121515,3.300,-0.089
1.6357124064,0.3928177436,3.310,1.600
4.5613932233,-0.9839769554,3.310,-0.150
0.2883477037,-0.8153901375,3.320,0.885
0.8079835982,0.6778906595,3.320,1.528
3.2088975991,0.9954069443,3.320,0.077
4.5036176877,-0.7546662123,3.320,0.441
4.7081413916,-0.1705820569,3.320,0.987
5.0044707444,-0.4829399859,3.320,1.169
1.1101352424,-1.0903745178,3.330,0.915
2.9419274527,0.2692968010,3.330,-0.003
2.0476824881,-0.4338851111,3.340,1.218
0.4991424996,1.1112529044,3.350,-0.150
1.4157977591,-0.0418380942,3.350,-0.240
1.7684087828,0.2250705234,3.350,0.443
2.2264548414,1.0597319680,3.350,0.856
5.0854458481,0.0543630841,3.360,0.319
4.0259564860,-0.7799810449,3.370,-0.191
2.2984903710,0.1120293549,3.380,0.685
3.5547696812,-0.0103990230,3.380,0.114
1.4623151733,0.1733837721,3.390,-0.160
2.6925333333,-1.0704506454,3.390,1.541
3.3842085610,0.0592970417,3.390,1.571
5.8069481913,1.0158036285,3.390,1.558
1.1722604465,0.2769991565,3.400,0.179
4.4958240630,-0.2744865517,3.400,0.650
0.3855673035,-0.7560458063,3.410,1.542
1.0501657623,0.2179976718,3.410,-0.099
3.6193970556,-0.7275877825,3.410,-0.225
3.9805969035,-0.9093033999,3.410,0.918
5.4335967516,1.0792903489,3.410,0.912
5.9404986236,0.1890429712,3.410,-0.086
0.4934123459,0.5162479586,3.420,0.488
4.1893233107,-0.6701489499,3.420,-0.206
4.6533058636,0.4838170701,3.420,0.750
5.4321577353,-1.1554640326,3.420,0.163
2.4040525034,-1.0291664792,3.430,-0.190
2.6908188936,0.4087091723,3.430,0.307
5.0014546532,-0.0852166466,3.430,-0.096
2.6925941687,0.7489969632,3.450,0.029
0.2142198755,1.0090653770,3.460,0.587
0.2992795719,-0.1777140351,3.460,1.161
2.0803397581,-0.9247166240,3.460,-0.177
3.9946334660,0.5814535325,3.460,0.961
0.7125335103,0.0564756865,3.470,0.093
3.6198851443,-0.7413064633,3.470,-0.170
2.6499881097,0.2925636845,3.480,-0.031
4.3759592563,0.6793214920,3.480,0.916
0.4540854403,-0.2781615013,3.490,0.727
1.8400968600,-0.4875547652,3.490,1.729
2.9604230952,0.5776045970,3.490,1.400
3.9354825407,0.7049483565,3.490,0.956
4.8300838364,-0.8023009573,3.490,-0.179
5.9714447984,-0.8956482338,3.490,0.083
1.7882687196,-0.5673799696,3.500,-0.116
1.9203987459,0.3836638698,3.500,0.374
5.9763617680,1.1554150784,3.500,1.053
5.2305645147,0.3402021559,3.510,1.571
5.9777660893,0.4293785582,3.510,0.933
0.9741048016,-0.1704033817,3.520,0.915
2.5357477093,0.1726533443,3.520,0.516
2.6043037440,-0.9523876069,3.520,-0.067
4.9309037987,0.5822883858,3.520,0.003
4.9642836239,-0.3683806111,3.520,1.151
5.8040912731,0.1081731488,3.520,0.086
3.3233262359,-0.0252939237,3.520,0.650
1.1720610098,0.3347616812,3.530,1.014
2.1664569037,0.1603179982,3.530,1.481
3.0237928922,-0.5560204497,3.540,0.947
4.1434995228,-0.0598684188,3.540,-0.036
4.6145925258,-0.2687555231,3.540,0.262
1.1252759353,-0.5898924503,3.550,-0.108
1.5138797625,-0.2586918291,3.550,0.104
3.7498562746,-0.8038653708,3.550,-0.184
4.8042113830,1.2694275841,3.550,0.489
5.2739898290,-1.1550949974,3.550,0.751
0.0847702514,-0.1540064812,3.560,1.214
0.5956338357,-0.8990568770,3.560,-0.120
2.9641835698,-0.2579342054,3.560,1.112
4.4171480579,-0.6635311696,3.560,-0.210
2.0265349136,0.4258253002,3.570,0.932
2.3720142217,0.8230366183,3.570,0.007
3.8040759432,0.5300815759,3.570,1.298
4.0221390996,-0.6328804085,3.570,1.534
1.9115413098,0.2886841442,3.580,0.106
5.3147642378,-0.2189489681,3.580,0.883
0.4275720595,0.8487224280,3.590,1.275
1.3858197865,-0.1194574790,3.590,-0.115
1.5030051472,-0.3917981801,3.590,0.481
3.1009932624,0.0308001382,3.590,0.518
3.2348013394,-1.0541988799,3.590,1.389
0.3666213510,-0.1428247701,3.600,1.065
1.8011316792,0.5927356988,3.600,0.102
2.2702075566,-0.9236611784,3.600,-0.168
2.4901504781,-0.7062783622,3.600,0.371
4.0885392765,-0.4910497706,3.600,1.361
4.5862849841,-1.0591329524,3.600,-0.104
0.7416942123,0.4757856031,3.610,-0.100
0.8936663372,0.1575835062,3.610,0.887
2.6641927558,-0.2156194230,3.610,1.007
3.4132772364,-1.2487630976,3.610,1.190
4.6501386030,-1.1296446603,3.610,1.161
0.3991719865,0.2678351374,3.620,0.974
0.9999094198,0.4198112958,3.620,-0.070
2.0300577261,-0.6626768017,3.620,1.706
4.4269571986,-0.7393443823,3.620,1.393
6.0297678252,0.7387276952,3.620,-0.099
3.0787977931,-1.1646366132,3.630,0.160
5.3998260776,0.2547323236,3.640,0.425
1.1335623407,0.2727538118,3.650,0.981
2.4937578754,1.1006371004,3.650,0.360
4.1285221525,0.2691616326,3.650,0.073
4.7413231774,-0.8742612018,3.650,-0.101
5.8853892850,-0.0003485765,3.650,0.406
4.0484181742,0.5079903419,3.660,0.319
4.0956602635,-0.5197198479,3.660,-0.177
3.6843459064,1.1235705482,3.670,-0.049
5.4751408994,-1.0202174619,3.670,1.250
1.2706261564,0.0978275187,3.680,-0.157
2.2846024722,-0.5792116933,3.680,-0.180
5.1809562477,0.3234843159,3.680,1.313
6.0626043882,-0.3695282573,3.680,1.202
0.1613176818,0.9406785238,3.690,-0.196
0.5059440330,-0.9007451556,3.690,0.844
1.3198096307,0.7169086049,3.690,1.154
2.5536217696,-1.0909687168,3.690,1.010
3.0807281738,0.8339079475,3.690,1.181
5.6727165093,-0.2908121293,3.690,0.320
0.8705556573,-0.3797463610,3.700,1.614
4.7026353945,0.5104717995,3.700,0.935
6.0962850560,0.0572867479,3.700,0.916
1.2839148437,0.0425977628,3.710,-0.179
1.5551097156,-0.2472730146,3.710,0.337
2.0604366188,-0.7081810612,3.710,1.012
4.1487178651,0.0781511336,3.710,0.147
4.7444582889,0.1669206224,3.710,0.159
5.2155378112,0.1118191158,3.710,0.855
0.9290861752,-0.1650778157,3.720,0.881
0.9812049122,0.4208571624,3.720,-0.105
1.5687310664,0.9474459814,3.720,1.010
5.5193027408,0.7666856508,3.720,1.609
0.9039461732,0.1698673059,3.730,-0.082
3.8669896014,0.0330370823,3.730,-0.005
4.6841498457,0.9926148695,3.730,1.177
5.6787567582,-1.3507111162,3.730,1.008
5.9891610126,-0.1322889624,3.730,1.626
0.4863384111,-0.1803804357,3.740,1.136
4.2844354045,0.3342851844,3.740,0.299
5.5623251075,0.6640160455,3.740,0.393
2.3743236008,-0.8220105800,3.750,1.174
4.6595608059,0.0472508823,3.750,0.043
1.4557149090,-1.0906531992,3.760,0.640
1.5329289598,-0.3644088412,3.760,0.984
1.6965378441,-0.1227500968,3.760,-0.113
4.9946216800,-0.3794606828,3.760,1.012
5.1038046205,0.9028549610,3.760,0.148
5.8961189620,0.8775950305,3.760,0.031
0.7448048909,0.9755604423,3.770,1.690
0.9825938161,0.7431358632,3.770,0.425
1.1472696509,0.3061746306,3.770,0.983
1.4780588366,-0.0453797620,3.770,-0.190
2.2066943350,-1.1543064894,3.770,1.132
2.2716603077,-0.8141741820,3.770,0.670
4.4060207505,-1.0304664384,3.770,1.562
5.4089415967,0.2777180456,3.770,-0.057
5.6141443243,-0.3911515411,3.770,1.002
5.7901768826,0.4423556454,3.770,0.435
1.8707630318,-1.2304384760,3.780,1.006
1.9448498592,0.4851680274,3.780,1.024
2.5786890551,1.0304203196,3.780,0.291
2.8514034991,-1.0271816044,3.780,0.945
3.8447386002,0.2396040388,3.780,0.044
5.4440129008,-0.1657325503,3.780,0.000
0.8268300973,0.7829118301,3.790,0.980
2.8506094507,0.5971621530,3.790,1.040
0.8380850471,-0.5059293772,3.800,0.543
2.0020287378,-0.4678151949,3.800,-0.159
4.0788452089,0.1839379255,3.800,0.268
5.0488117326,0.9314553318,3.800,0.950
5.2954674862,0.8157900813,3.800,1.270
1.2023168238,-0.5334134849,3.810,0.957
2.7396387639,-1.0251959842,3.810,0.317
4.1134917938,0.4589454508,3.810,0.020
6.1852869133,0.8108477122,3.810,0.984
0.5325304992,0.0482367022,3.820,0.024
2.4384175526,0.6423264861,3.820,0.066
3.0168208398,1.2100555469,3.820,1.613
4.3236767282,0.0346259903,3.820,0.022
4.6227872778,0.8029619654,3.820,-0.179
2.7318351615,-0.2938487012,3.830,1.456
3.6576480265,-0.7347967638,3.830,-0.224
3.8740290035,-1.3795911541,3.830,1.433
0.9782377563,-1.1310938276,3.840,1.133
0.9787756370,0.5635362392,3.840,0.022
1.1718790300,0.2785926083,3.840,0.952
2.3345847816,-1.0584481041,3.840,-0.104
2.7611597327,0.1624305597,3.840,-0.148
2.7807589195,-0.8416958540,3.840,0.300
3.2832611289,-1.2589581459,3.840,-0.157
4.7452993858,0.5020001246,3.840,-0.018
4.7724435490,-0.3675459840,3.840,0.195
5.1843740243,1.2264067383,3.840,0.888
1.1082917630,-0.7381759741,3.850,1.085
1.5153156553,-0.8912788072,3.850,0.171
1.6672861988,-0.5835752703,3.850,0.858
2.6822936820,-0.7351665677,3.850,0.051
3.2876918766,1.2180345245,3.850,-0.116
3.3061058538,-0.8472055736,3.850,0.049
4.1733131845,0.2733467798,3.850,0.478
4.8157910660,0.3799538500,3.850,1.168
4.8660089838,-0.1438862160,3.850,1.317
0.2476321701,0.6719403219,3.860,0.130
1.2137910801,-0.2496522405,3.860,1.082
1.4451873071,-0.6190773400,3.860,1.130
4.2561503229,-1.1115248313,3.860,1.105
4.3347717805,-1.3770149965,3.860,0.923
4.6960396112,0.6501445551,3.860,1.350
5.8540797645,-0.0242135025,3.860,-0.057
0.9853551087,0.4252974418,3.870,-0.063
2.2952277762,-0.8035762455,3.870,0.015
3.6594285675,-0.7819700581,3.870,-0.208
3.8530777946,-0.0987543345,3.870,0.385
4.1751968312,-0.5098817648,3.870,-0.199
5.2031441324,0.0175520873,3.870,0.630
0.0410596787,-0.7984432093,3.880,1.013
0.4953689125,0.3367412381,3.880,-0.047
2.5864202487,0.4539069312,3.880,1.222
3.9790674175,-0.8506354049,3.880,-0.029
6.0665830434,-0.7897040864,3.880,0.998
0.7698101254,-0.1553019172,3.890,1.088
1.8069941172,-0.4220941040,3.890,1.740
2.4188706354,0.0403918101,3.890,-0.060
3.2284487342,-0.0116379122,3.890,0.026
5.2198708187,0.6123212552,3.890,1.019
2.5300992272,-0.0199457991,3.900,1.313
2.9714537087,-0.9510476983,3.900,-0.157
3.5388484441,-0.6877872582,3.900,1.186
1.0609696512,0.1045330939,3.910,0.032
2.2063603251,-0.0681799536,3.910,-0.012
3.2639396937,-0.8766899644,3.910,-0.192
3.9493231738,-0.8211991435,3.910,-0.144
4.0820035128,-0.2581261110,3.910,1.007
4.2749251222,0.8083207296,3.910,-0.151
4.4518533774,0.5397675857,3.920,-0.018
5.0687531757,-0.3114923576,3.920,0.228
5.5668317436,0.0915921664,3.920,0.549
0.1143320176,-0.7623568403,3.930,0.175
0.3981577545,-0.8564802247,3.930,0.972
0.7603426016,0.9208789768,3.930,0.758
1.2056691954,-0.0585114476,3.930,-0.210
2.0150710100,-1.2672154674,3.930,1.033
2.9172736756,-1.0293085683,3.930,1.225
4.2184917985,-0.3607454617,3.930,-0.046
4.7152044634,0.0511655063,3.930,0.029
0.2983838461,-0.9642204111,3.940,-0.120
2.0125706489,-0.1666986802,3.940,1.022
2.0237434031,-0.5053570434,3.940,0.160
2.2893702006,0.3168524595,3.940,1.083
5.4854546840,0.7185020582,3.940,0.027
0.5385914915,1.2639900329,3.950,-0.002
1.7308601237,-0.3360784917,3.950,1.037
3.5078490631,0.9585430452,3.950,0.130
1.0849901115,0.8327404401,3.960,-0.025
1.5670730511,-0.7472650817,3.960,1.146
2.3589919415,0.7292493665,3.960,0.463
2.4054088203,-1.0876364292,3.960,-0.180
5.0729660551,-0.7759553135,3.960,-0.085
5.0784114559,-0.7088818789,3.960,-0.105
5.3034971216,0.8327700319,3.960,1.451
6.1216137210,-0.3508213031,3.960,1.082
1.1520779014,-0.5937059698,3.970,1.468
1.5336642687,0.6832698775,3.970,1.132
1.9060325066,-1.1860760474,3.970,0.760
2.2693746966,-0.6162470015,3.970,0.936
3.1924345841,-0.9140020551,3.970,-0.156
4.1493412709,-0.5869047537,3.970,-0.045
5.2385650416,-1.2725283466,3.970,-0.032
5.8872987378,-0.7591408114,3.970,1.022
5.9626174486,0.4112982513,3.970,1.070
1.0426815704,0.6246713606,3.980,0.016
5.6460571165,0.7957276745,3.980,0.885
0.5236207634,-0.3678775586,3.990,1.554
1.6356158788,-0.1095155030,3.990,1.319
2.7244394032,-1.2920953761,3.990,0.369
3.5134558304,0.9597209084,3.990,0.169
6.0974380262,-1.0164053017,3.990,0.410
2.3668699127,-1.1588301440,4.000,0.145
2.9841821958,0.1837745936,4.000,0.423
4.2411307925,-0.3396534321,4.000,0.076
0.4523042075,0.8846852735,4.010,-0.098
1.2457397376,-0.0568044881,4.010,-0.148
1.8505240284,0.3590194113,4.010,0.899
1.8972205212,-0.4672711936,4.010,-0.150
3.8482761370,-0.6596209835,4.010,-0.157
4.1970453902,1.0221564644,4.010,0.528
4.2753639578,-0.8753787455,4.010,1.080
4.9001670960,-1.2466557559,4.010,1.134
5.3642501734,0.5300312739,4.010,0.404
2.3148835202,-0.4836280191,4.020,1.272
3.1783035478,-0.4316002974,4.020,0.334
4.9725418233,0.2629914149,4.020,1.082
4.9815207285,-0.1001664504,4.020,1.079
0.5991469431,0.5907449693,4.030,0.019
1.3239117708,1.0549161900,4.030,0.921
2.2981493603,0.5019549166,4.030,1.007
3.3798039003,-0.9979430328,4.030,-0.180
4.7361898460,0.0436349668,4.030,0.860
5.3809061490,0.1972791513,4.030,-0.123
6.2801810781,0.1197875500,4.030,0.419
1.0989712977,-0.1193383030,4.040,0.327
3.0798922844,0.1139591153,4.040,1.501
3.7751385591,0.9049661940,4.040,0.497
5.9138576728,-0.0020507188,4.040,-0.083
0.8249312929,0.8659150462,4.050,0.595
2.1752133635,-1.3425024173,4.050,0.413
2.2881231590,-0.7443702885,4.050,0.874
2.9720189764,0.1052315147,4.050,-0.058
3.6192778637,0.2757254551,4.050,1.520
3.7548898318,-0.6612231312,4.050,-0.030
3.8305057315,-0.8626434373,4.050,-0.152
5.9759711693,-0.2372361789,4.050,1.570
1.2931635789,0.2358719239,4.060,1.158
1.9893371280,0.4694192291,4.060,1.540
2.9883619477,-0.3086441924,4.060,0.216
3.2182781557,-1.1861385986,4.060,1.603
3.2220431170,-1.1170643143,4.060,-0.168
3.8556830543,-0.6138960929,4.060,1.356
4.4487749745,-0.9278246687,4.060,1.452
3.7350678498,-0.1047292951,4.070,0.511
3.9655785473,-0.7902825976,4.070,-0.162
4.0034146212,-1.0262746834,4.070,0.088
5.8868688437,1.0195375456,4.070,0.778
0.2065547077,0.4235421551,4.080,1.100
0.6185006010,-1.1983329070,4.080,0.034
0.6958741676,0.0057335917,4.080,-0.212
0.7958343542,-0.4123248134,4.080,0.163
1.8072447738,-0.2101136938,4.080,1.418
2.5064859856,-1.0337542096,4.080,-0.013
2.8788099899,-0.3193740190,4.080,1.079
4.9538332239,0.7670039361,4.080,1.397
5.5237362434,-0.3007701588,4.080,-0.010
5.5941580851,0.3456538700,4.080,1.108
1.4700317151,0.1621528273,4.090,0.951
4.1396576094,0.3166300164,4.090,1.616
0.4223606834,0.7226615841,4.100,0.536
0.7164491350,0.8591984968,4.100,0.514
2.0474382010,-0.8093651165,4.100,-0.160
4.8381847729,-0.8564433234,4.100,0.995
5.0179492829,-0.6866264223,4.100,1.163
0.7010413471,-0.6956075258,4.110,1.006
1.8489940036,-0.2728523121,4.110,-0.112
2.2586476947,-0.7503009993,4.110,0.109
2.5808106064,-0.2591221072,4.110,0.918
2.7727606700,-1.3719646769,4.110,1.580
3.0827486001,-1.0677644835,4.110,0.895
4.0872121237,-1.1574506537,4.110,1.161
5.0155183618,-0.6615578790,4.110,0.042
6.0252282798,-0.9207333827,4.110,0.960
0.6963336206,-1.1914829802,4.120,-0.061
1.1122009308,0.8449022120,4.120,0.935
1.5811954780,0.1683767388,4.120,0.170
3.1643212768,0.1524193491,4.120,0.967
5.2153123384,-0.7307394781,4.120,1.063
5.4621018089,-0.4698274947,4.120,1.633
5.8894271487,-0.7635679971,4.120,1.570
1.4134860379,-0.1362764345,4.130,0.943
1.6971717583,0.3527682687,4.130,-0.115
4.1618492552,-0.2919812527,4.130,1.003
5.4371177564,-0.4410603667,4.130,0.426
5.9605678070,-1.4203771337,4.130,0.208
6.1957035679,0.0981973119,4.130,0.507
0.9201068925,0.2257876262,4.140,1.112
0.9875343911,0.4179777029,4.140,-0.051
2.2587008571,0.0995497695,4.140,0.003
3.1716176078,-1.1277223304,4.140,0.353
4.0706739137,0.5473201278,4.140,-0.127
4.1782642087,0.4691074995,4.140,1.231
5.6925899824,0.4475903064,4.140,0.425
5.8292669958,0.6588397422,4.140,1.447
1.8843636487,-0.0086003596,4.150,-0.005
4.5539240114,0.6483190659,4.150,-0.011
6.1976997431,0.7737730767,4.150,-0.071
1.5887743077,0.4060218963,4.160,0.835
1.9596195120,0.5547450551,4.160,0.320
4.5656515964,-0.4219387476,4.160,0.283
0.1439888523,1.0983668109,4.170,0.130
1.0011828205,-0.6318135533,4.170,0.927
5.8330383960,-0.1358440424,4.170,0.979
3.7214597971,-0.1793099225,4.180,1.323
3.7366820754,0.8043926744,4.180,0.087
4.3475038594,-0.6153215170,4.180,1.535
5.8251786806,0.9955984041,4.180,0.278
5.9369802177,-0.4720001563,4.180,-0.105
3.6191384693,-0.6012794678,4.190,1.520
4.9116274556,0.3586007183,4.190,0.483
1.4433183287,0.1038146104,4.200,-0.143
2.0806899729,-0.3993334031,4.200,0.718
2.7396591834,0.6406617028,4.200,0.908
4.3375928969,0.7406660888,4.200,-0.013
5.9633229847,0.2124569721,4.200,0.502
6.0037070588,-0.5679236498,4.200,0.952
0.9122351602,1.0461561135,4.210,0.419
1.1578921700,0.3891014985,4.210,0.136
4.3893701919,1.4318203301,4.210,0.897
5.3650587410,1.0994545374,4.210,0.199
5.6131635375,-1.1408553782,4.210,0.494
0.7443122630,0.6687864955,4.220,0.343
0.9898122695,-0.4057842093,4.220,0.434
2.0651724691,-0.8395545751,4.220,-0.130
4.2175551930,-0.6423211046,4.220,-0.184
4.3067042813,-0.3221223466,4.220,0.217
4.8029597613,1.2450797393,4.220,-0.093
4.9182267669,-0.0828659171,4.220,1.087
4.9402297626,-1.0853782590,4.220,-0.150
4.9502107925,0.6440022873,4.220,1.575
5.4352283152,0.5361601748,4.220,1.051
5.5737782472,0.6875668969,4.220,0.098
6.0838802947,-0.1055750152,4.220,1.545
0.0874781017,-1.1322786980,4.230,0.576
2.0215800633,0.5041123407,4.230,1.118
3.4552032157,0.4865660842,4.230,0.572
3.6027447948,-0.5767217337,4.230,0.390
3.6723758756,0.0269571657,4.230,0.121
4.2270553899,0.7842620572,4.230,-0.045
4.3767952230,-1.3529344618,4.230,1.060
5.0021933399,-0.6468790049,4.230,0.523
5.6876249993,1.0259053368,4.230,2.242
5.7019621501,0.8606143531,4.230,-0.120
0.2999207391,1.5054702291,4.240,1.213
0.6413442572,-0.8325890748,4.240,-0.136
0.7161194994,-0.2418798803,4.240,-0.122
3.2216539340,-1.3842597199,4.240,-0.123
3.2888316235,0.7218241914,4.240,0.588
4.3257210797,-0.6057054503,4.240,-0.168
4.6312947519,-0.2247164965,4.240,0.086
6.0907258018,-0.1586109300,4.240,1.107
0.3305751868,-1.2021117063,4.250,0.480
1.0759262283,0.8787953001,4.250,-0.011
1.2027689073,0.1773392333,4.250,0.184
1.2072900901,0.7202067639,4.250,1.171
1.3489055600,-0.1527875353,4.250,-0.187
2.1940326842,0.7537750756,4.250,1.550
3.3747531172,-0.7012535981,4.250,0.224
3.7852938995,1.3211443051,4.250,1.431
5.6960948983,1.0667593031,4.250,0.474
0.3032600026,0.8245248217,4.260,0.012
0.4598673493,0.1598326410,4.260,0.942
0.8723007990,-0.7517095358,4.260,0.711
0.9328256951,-0.3775650293,4.260,-0.106
1.1171234453,-0.8986115267,4.260,0.312
1.2830359568,1.1578981651,4.260,-0.008
2.3495928614,0.2069559225,4.260,0.141
4.6100571175,-0.6743133360,4.260,1.075
4.7189635803,0.3769175065,4.260,0.406
5.7761152996,1.1279708858,4.260,0.379
0.2746427451,0.1377088419,4.270,0.952
0.7196966753,0.1765251464,4.270,0.311
1.1149786530,0.1552009073,4.270,-0.054
1.2136918525,0.2183553149,4.270,0.122
1.2315262675,0.4006739446,4.270,-0.112
3.4335460689,-0.8710283093,4.270,-0.182
4.0078599216,-0.8355811213,4.270,-0.086
5.0754985208,-0.7819036373,4.270,0.350
5.4395733431,0.2814220580,4.270,1.042
6.1434204650,0.1113344149,4.270,1.062
1.1619862625,0.3981721288,4.280,0.263
2.5180259336,1.4194131344,4.280,1.488
2.7364660215,-0.5422350315,4.280,1.429
4.5699462840,-0.5212780691,4.280,0.402
5.2944443983,0.9872930006,4.280,0.114
5.5948561968,-0.2938181929,4.280,0.888
5.8031648805,0.5790692450,4.280,0.471
6.0514012289,-0.7595735430,4.280,0.423
0.9462872070,0.0070103170,4.290,0.575
1.3944107694,-0.2299783431,4.290,-0.235
2.7895016725,-0.9704601102,4.290,1.025
3.1106514097,-0.5918084112,4.290,-0.100
4.1192297864,1.3577700399,4.290,0.038
4.3246618213,-0.2899468807,4.290,0.924
5.7876738849,-0.2420715648,4.290,-0.075
5.8970547890,-0.5645454803,4.290,0.011
6.1877881689,0.7551703367,4.290,-0.083
0.2557168389,-0.5123841447,4.300,-0.154
0.6464657508,0.1476557886,4.300,-0.053
0.9826562479,0.4270345520,4.300,-0.110
0.9974460048,-0.6565955645,4.300,-0.038
1.1584172415,0.3129010606,4.300,0.049
1.5705127063,0.8017472835,4.300,1.701
2.2829979361,0.0593178463,4.300,-0.192
2.8606529818,0.4319640723,4.300,0.016
3.0410130031,-0.0143771266,4.300,0.983
3.0965833404,-1.1133189686,4.300,-0.149
3.2815271257,-0.2826736558,4.300,0.388
3.7538794079,-0.9841300331,4.300,0.082
5.3129908804,-0.2183094862,4.300,0.928
2.2716210056,-1.0430262603,4.310,-0.117
3.7826873425,-1.4602800597,4.310,1.300
4.0338522352,0.6523546237,4.310,0.309
4.2211024690,-0.3642286457,4.310,0.831
5.4032690223,-0.0192879966,4.310,0.949
0.9446138282,0.8411201310,4.320,-0.058
1.2236583637,-0.3433323177,4.320,1.599
1.4495505576,0.3245306097,4.320,2.060
1.6378966123,0.5148385501,4.320,1.021
2.2967469503,-0.2364523209,4.320,0.900
2.4946012079,0.4008667079,4.320,1.541
3.1547997125,-1.1050190882,4.320,0.280
3.4469735823,0.3059462936,4.320,0.455
3.6295288469,-0.5758554946,4.320,-0.146
3.8905068014,-0.7605334849,4.320,-0.154
4.5414674605,-0.2242202736,4.320,0.037
1.9554810618,0.1557798835,4.330,1.425
3.3733527671,-0.8542219870,4.330,1.344
3.7794239108,-0.7920177834,4.330,0.434
4.5175673935,-0.4643069619,4.330,0.855
4.7498263592,-1.1112258803,4.330,0.228
4.7990526993,0.6294450938,4.330,1.162
2.9591494159,0.5502810640,4.330,0.590
0.1609228361,0.5885135670,4.340,-0.123
0.1682326802,0.5115865716,4.340,0.871
0.3102368445,0.9625473466,4.340,0.170
1.5043576381,-1.1473013614,4.340,0.217
1.7097948296,-0.4087285614,4.340,-0.245
2.1844840938,-1.3523592461,4.340,1.161
2.4268865920,-1.0042881686,4.340,1.602
2.5168797395,-0.8614077010,4.340,0.173
3.6727177350,-0.7959298413,4.340,0.598
4.0930324326,-0.7429403746,4.340,1.412
4.5662816690,0.0722629068,4.340,1.480
4.9077460702,0.6563330681,4.340,0.192
4.9175576044,0.3173273675,4.340,0.148
5.6920055651,0.3028149280,4.340,1.161
5.8884370835,0.8326422470,4.340,1.679
0.8361406877,0.3442954701,4.350,1.033
1.2680341871,0.1553373718,4.350,0.010
1.7234095785,-0.9245987634,4.350,-0.021
1.8207131001,1.0196695097,4.350,0.850
2.1289979485,-1.1975936558,4.350,-0.113
2.3057232462,0.1018890483,4.350,-0.044
3.2591317686,0.4933770533,4.350,1.128
4.0047917565,-0.5261936116,4.350,1.100
4.5911542831,1.5112188195,4.350,0.021
4.8137359435,-1.0732710389,4.350,1.462
5.0456083342,0.6655591572,4.350,1.258
5.6939044276,-0.5764086246,4.350,-0.053
0.1376343999,-1.0988281874,4.360,-0.064
0.1891675831,-1.0029195925,4.360,0.024
0.5803216593,0.1544043441,4.360,0.878
0.9188055382,0.8376745441,4.360,1.367
1.0676841773,0.3854023075,4.360,1.064
1.2779933350,-0.0951674812,4.360,0.257
1.3667293646,-0.2258681460,4.360,-0.094
1.5600487556,-0.6158094003,4.360,-0.165
1.8157405496,-0.2976526750,4.360,-0.063
2.1318940707,-0.0520768880,4.360,0.970
3.6915729311,-0.7187201776,4.360,-0.198
5.1344152332,-0.0224554212,4.360,-0.079
0.0085534787,-0.1049653588,4.370,1.631
1.6430191815,-0.6133177508,4.370,0.978
1.9142252548,-0.4355360123,4.370,-0.132
2.8804666117,-0.7369802621,4.370,0.116
4.7506037610,0.3632825500,4.370,-0.164
5.2348371274,-0.6156876769,4.370,-0.150
3.4468064879,-0.0966739544,4.380,-0.008
5.2747720823,1.3563201332,4.380,-0.046
6.1350350704,-0.3602711123,4.380,1.460
6.1652479000,-0.6600532858,4.380,-0.095
0.4958746411,-0.8081340178,4.390,1.597
1.0014760289,1.1436439630,4.390,1.870
1.4609305464,0.1656244014,4.390,-0.157
1.5462881741,0.3538860047,4.390,0.594
1.6745041872,0.0801606150,4.390,0.215
2.1042807115,0.0407459450,4.390,1.252
2.6524838726,0.1744894286,4.390,1.448
3.9396471654,0.0365001179,4.390,1.026
4.4244439729,0.1774189848,4.390,-0.088
4.5422457788,-0.3684901883,4.390,0.394
5.1491424431,0.3144016985,4.390,0.777
5.1532983393,0.3050144579,4.390,1.041
5.5844679268,-0.9328684913,4.390,0.191
0.2496113333,0.4087150601,4.400,0.940
2.0424111175,-0.4526889893,4.400,-0.070
2.1337840991,-0.3358888616,4.400,-0.160
4.9608828508,-1.1734458477,4.400,0.530
5.7505003441,-0.9598015057,4.400,0.297
1.7883308737,-0.9358882957,4.410,0.899
1.8812012049,0.5278776758,4.410,1.261
3.7657109773,-0.6896113342,4.410,-0.185
4.5847115021,0.4557167288,4.410,1.434
4.7058548576,0.5269022770,4.410,0.380
5.5759687874,0.6090657646,4.410,-0.103
6.0558446335,1.3157600210,4.410,0.802
6.0995050347,-0.1602650909,4.410,-0.144
6.1035209786,-0.5677909770,4.410,1.109
1.6038357510,0.2577584555,4.420,-0.164
1.7361242320,-0.3183040323,4.420,1.137
1.8916673532,-0.7791104185,4.420,1.331
1.8947885239,-0.4599380070,4.420,-0.170
2.1556934822,-0.7042035289,4.420,1.170
2.8899580278,0.3522046836,4.420,0.053
3.8846177245,-0.4880005298,4.420,1.366
4.1296391256,0.1283353363,4.420,0.604
4.7200392266,0.0227778776,4.420,0.046
5.8623884898,0.9115688260,4.420,1.015
6.1321251664,0.4084786211,4.420,0.617
0.9867316952,-0.2112125785,4.430,1.604
1.1138350819,-0.1335677886,4.430,0.820
1.2971582467,0.9381511444,4.430,-0.017
5.0342195306,0.6832260331,4.430,-0.150
5.2475853234,-0.4836280263,4.430,1.640
5.3400978619,0.5618244865,4.430,1.331
5.4256129921,0.2631010673,4.430,0.302
5.4442808680,-0.0877499330,4.430,1.639
0.0638802753,-0.3304408408,4.440,1.640
0.2124170299,0.1323846046,4.440,1.500
1.1191236962,-1.0350178787,4.440,1.078
1.2241841700,-0.7306603175,4.440,0.342
1.6564184481,1.0299356243,4.440,0.032
1.9811801260,-0.3891397770,4.440,0.521
2.1439548170,-0.6914740625,4.440,1.590
2.1753586148,-0.6398252806,4.440,0.222
3.8075132955,-0.8806435270,4.440,-0.177
5.0994402598,0.4304837974,4.440,1.502
0.4425787198,0.0957769181,4.450,1.347
0.7377950459,-0.5655896107,4.450,0.981
1.3626586784,-0.2071569464,4.450,-0.099
1.6228940996,0.2479897328,4.450,-0.180
2.2635056987,0.0583190450,4.450,1.216
2.3565883777,-0.7200112382,4.450,0.646
2.7732776784,-1.0045702548,4.450,1.604
2.8177696394,-1.4056914554,4.450,-0.188
2.9524935681,-0.0637324610,4.450,0.210
4.3290127413,-0.3746591791,4.450,0.130
5.0420544487,1.2802944384,4.450,1.257
5.1229305435,0.1287868242,4.450,1.176
0.6504239886,1.1763950921,4.460,0.153
1.0222903928,-0.0515697638,4.460,0.672
1.3669914194,0.0499385026,4.460,1.166
2.3949048169,0.9006710212,4.460,0.288
2.9306615397,-0.3983861872,4.460,0.025
3.1768800367,-0.8842061088,4.460,-0.163
4.3074027600,-0.8299875901,4.460,-0.070
5.9887728685,-0.5737857876,4.460,-0.037
0.7203973354,-0.3241523670,4.470,0.481
0.8741453527,0.5069912414,4.470,1.555
1.3026629866,0.0299152186,4.470,1.369
1.6937118194,-0.5686295007,4.470,-0.169
1.7143661840,0.1279843850,4.470,0.023
2.0867185257,-0.8594858499,4.470,-0.180
2.3786529010,-1.2671562522,4.470,0.607
2.4637693964,0.4569677602,4.470,1.222
2.5081440837,0.9084696507,4.470,0.027
3.1029561039,-0.7884257927,4.470,1.283
3.8165114958,0.5191504531,4.470,0.364
3.9147007649,-0.0758600726,4.470,0.318
5.5609691303,0.1746547671,4.470,0.529
5.7862674831,-0.6901617109,4.470,1.349
0.1951505337,0.8427211298,4.480,-0.069
1.0511104374,-1.0848841694,4.480,1.500
1.1621521030,0.2725901514,4.480,0.262
1.7796285508,0.0421001177,4.480,1.099
2.6526299538,-0.0064862838,4.480,-0.032
4.0289945245,-1.0353430513,4.480,0.169
4.2939597208,-0.3497173263,4.480,0.996
6.0383020805,0.0666723683,4.480,-0.115
6.0505359790,-0.4143955395,4.480,0.892
0.5321449237,1.2375609615,4.490,0.164
1.1934098011,-0.5195232889,4.490,0.972
1.7627311049,0.2308724546,4.490,1.167
1.8874035467,-0.8161038258,4.490,0.324
2.0622990584,-0.6782840295,4.490,-0.188
2.6504100842,0.6151359411,4.490,0.190
3.8428925999,0.2865538153,4.490,-0.002
5.1331978673,0.8765235939,4.490,0.395
5.5288881466,-0.4364344728,4.490,1.604
5.6903955885,0.5016535681,4.490,0.512
6.2048495553,0.0310675722,4.490,0.200
6.2077974191,-0.2538564759,4.490,-0.032
6.2828172119,-1.1445368663,4.490,-0.075
1.4799771232,0.0719331660,4.500,-0.098
1.5264085560,-0.9802931986,4.500,1.075
2.2982025552,-0.9908195085,4.500,-0.169
2.7092458261,-0.9781387178,4.500,-0.102
3.0891703400,0.3528869226,4.500,0.547
3.6096140638,0.3046804874,4.500,0.508
5.3047927990,0.4854501098,4.500,1.258
5.5396493429,-0.1984734846,4.500,0.926
5.6231158962,-0.3806070890,4.500,0.889
5.7961657088,-0.5757573891,4.500,0.054
5.8201438802,0.6931562386,4.500,1.385
5.9363620002,0.7727673012,4.500,1.318
0.0799700056,0.6420232749,4.510,0.054
0.3126779195,0.5251632565,4.510,1.092
1.5235592004,0.6838386941,4.510,0.949
2.4838015455,-0.6274691729,4.510,1.408
2.5278927479,-1.0703765700,4.510,-0.070
4.1082910607,0.3433132541,4.510,0.062
5.2482819070,1.1846171807,4.510,1.313
5.4281395821,-0.9061918915,4.510,0.278
5.6595813848,-0.3397459926,4.510,-0.180
5.8788443735,-1.1338767869,4.510,-0.029
6.2586804874,1.0035535346,4.510,1.190
0.7326403522,0.5104585081,4.520,1.112
3.5021456030,-1.0644482614,4.520,-0.141
3.5081452675,-1.1263598881,4.520,0.822
3.7485739367,-0.2333696302,4.520,0.128
3.9463897277,0.4703251963,4.520,1.240
4.7613866734,-0.8020558916,4.520,1.009
5.0689905039,-0.2784675880,4.520,0.079
5.4338760816,1.0049557903,4.520,0.535
5.6284609457,0.4125755493,4.520,1.618
5.8926140940,0.7526448917,4.520,-0.086
0.1376924059,-1.0989563555,4.530,0.147
0.2173547931,0.7169622463,4.530,-0.136
1.5710398984,-0.0536558454,4.530,1.202
1.9956466980,-0.6103159868,4.530,-0.081
3.7240225242,0.9039054066,4.530,0.233
4.5667908182,-0.0887778435,4.530,0.385
4.6581110484,-0.4857388916,4.530,0.600
5.4428482183,0.6368831511,4.530,-0.083
6.0761438186,0.8623009852,4.530,0.302
1.3883050997,0.5824445200,4.540,1.252
1.7237589851,-0.4008112492,4.540,-0.035
2.4957428755,-0.0206762832,4.540,0.109
2.5055205633,0.6352572210,4.540,0.914
2.5066513633,1.2187693975,4.540,0.781
3.8894206604,0.3333659152,4.540,0.720
3.9803172672,-0.3454305128,4.540,-0.071
4.0280273943,-0.6433019823,4.540,-0.155
5.2226672852,-0.4742041912,4.540,1.462
6.0519480635,0.1642266087,4.540,1.559
6.1485982372,0.2227136742,4.540,0.939
0.0163180280,-0.3025700638,4.550,-0.047
0.9159156907,1.0276280396,4.550,0.489
1.3282235823,-0.6192947998,4.550,1.177
1.8328786484,1.3435092132,4.550,1.365
1.9626069465,0.2095540760,4.550,1.276
2.5835496324,0.9436006056,4.550,0.038
4.0835797938,-0.7846719142,4.550,-0.175
4.2788332566,-0.4218342110,4.550,0.758
4.7476575288,-0.4966699681,4.550,0.938
5.6806936985,1.2446190124,4.550,1.108
5.8513283704,0.8122163594,4.550,-0.100
5.8665601338,0.8635259500,4.550,0.092
0.7483707341,0.6119079136,4.560,1.554
1.0417247183,-1.0716353974,4.560,1.590
1.5416817430,0.4819248856,4.560,-0.008
2.3846849135,0.6711177617,4.560,1.037
2.9461325086,0.4030925558,4.560,1.657
3.7792361209,-0.7892627407,4.560,-0.147
4.6061854450,-0.8116773036,4.560,-0.020
5.4634393007,0.4729315094,4.560,0.835
5.5265917542,0.8316215240,4.560,1.569
0.9472541595,-0.7029234197,4.570,1.023
4.2996878760,0.2449267584,4.570,0.002
4.3004271210,-0.4092304642,4.570,0.227
4.6335817274,1.2592348680,4.570,0.434
4.9512725425,0.3952311357,4.570,0.782
5.0106192743,-0.7068007996,4.570,1.070
5.2074584604,0.4202685435,4.570,-0.047
1.4633977900,-0.0844452743,4.580,-0.183
2.5816818715,-0.8124092343,4.580,1.172
2.8079656033,-1.0570869246,4.580,1.700
3.4570327403,-1.0458113907,4.580,-0.073
3.6278078115,1.1296341930,4.580,1.572
4.2424740326,-0.4874071379,4.580,-0.172
4.6157204917,-0.1416992805,4.580,0.132
6.1114333350,0.4143470453,4.580,0.180
0.1803186272,-0.8043351029,4.590,0.953
0.9722988587,-0.6512437507,4.590,1.191
1.0051268570,1.2449828973,4.590,0.064
1.4260960474,0.0540297119,4.590,-0.199
2.2698635163,1.1227342826,4.590,1.179
2.4833779106,-0.0483275366,4.590,0.411
2.7035700266,-0.9604425510,4.590,1.600
2.9347723427,-1.0527411522,4.590,0.541
4.1433862907,0.4549793114,4.590,0.794
4.1609172883,-0.4420420155,4.590,-0.073
4.9060317433,0.6913724157,4.590,0.180
5.1343535263,-0.4343011507,4.590,-0.075
6.2348642764,-0.4909657895,4.590,0.001
1.1267992994,0.8778221122,4.600,0.043
2.6403537671,-0.2280207378,4.600,-0.087
2.8654699289,-0.6481762834,4.600,1.006
3.8625926488,0.2960825357,4.600,0.972
4.0375447345,-0.6760292083,4.600,0.000
4.1568252556,0.7409187610,4.600,0.563
5.0643695367,1.1469349381,4.600,0.033
0.0232813053,-0.0996167299,4.610,1.029
0.0745769335,0.6751219007,4.610,0.059
0.4954808180,0.0556330069,4.610,0.928
0.8346590741,0.6913525328,4.610,1.115
1.9491585913,0.8589031716,4.610,-0.001
2.0938170227,-0.3211271017,4.610,0.087
4.0761217788,-0.1756591617,4.610,1.000
5.3839179941,0.6152434270,4.610,1.593
0.2472518135,1.0329042740,4.620,0.957
1.0468690460,-0.4191620294,4.620,-0.121
1.3225046415,0.3768159281,4.620,0.155
1.4483222051,-0.1274358614,4.620,-0.261
2.3913103760,-0.4513165872,4.620,1.594
2.9016847077,0.1280374812,4.620,0.332
2.9083332366,-1.0895063080,4.620,0.988
3.0314681555,-0.9470870561,4.620,-0.077
3.3439584984,-0.9859158142,4.620,-0.150
3.3800628443,-1.0323046767,4.620,-0.153
4.3101042318,-0.1461142725,4.620,0.185
4.7144986671,-0.0644073458,4.620,0.390
4.8585733188,-0.7384926101,4.620,0.994
4.9576937149,0.0733665745,4.620,0.161
0.7819603168,0.3724607461,4.630,0.048
2.0225739042,-0.4958634813,4.630,1.632
2.0641163600,-0.8659109665,4.630,-0.228
2.2849540345,-0.1262524115,4.630,0.840
2.4249224635,-0.6529825470,4.630,0.473
3.3155828449,-0.6979100860,4.630,-0.082
3.5811451921,0.9543745497,4.630,1.630
3.9164514571,1.1507385128,4.630,1.590
4.1494290724,-0.4494448907,4.630,-0.072
4.2042183297,-1.0083650893,4.630,0.252
4.8492828543,-1.0869614200,4.630,-0.116
4.9357948872,1.0365222568,4.630,1.185
6.2734062593,0.4388002249,4.630,1.584
1.0197595921,-0.4295644486,4.640,-0.136
1.2867241722,0.1771654584,4.640,0.085
1.5878994469,0.3514822898,4.640,0.236
3.6069682912,-0.8976711039,4.640,0.955
4.0988093764,0.6394155388,4.640,-0.103
4.1067173515,-0.7794850739,4.640,0.413
4.4062311559,-0.1881988500,4.640,0.478
4.5276939379,0.6508594258,4.640,0.043
4.7442674153,0.1524347368,4.640,0.951
5.0898956305,0.0059091624,4.640,0.576
5.3900519233,0.2561133358,4.640,0.120
5.9226610604,0.8996321052,4.640,0.254
6.0396339816,0.8735737771,4.640,1.058
0.7131933459,0.4835809321,4.650,-0.122
1.1948899017,0.2590840816,4.650,0.255
1.3289336206,0.2688523544,4.650,-0.064
1.5450505462,-1.1011217164,4.650,1.022
1.9124731981,-0.6411285845,4.650,-0.099
1.9665935990,-0.5403937474,4.650,0.904
1.9869772240,-0.4951380997,4.650,-0.111
2.7375834214,-1.0059869172,4.650,0.474
3.1454025664,0.1154417037,4.650,0.122
4.2028171339,-0.8592202742,4.650,0.902
2.4901739361,-0.7062583331,4.650,0.650
0.3117753223,0.3671238995,4.660,1.024
0.4781550725,-0.1865130455,4.660,0.333
1.7495951730,0.1727134905,4.660,-0.233
1.8135010023,-0.3514481688,4.660,0.374
1.9049537266,-0.4866183678,4.660,1.589
2.2832652285,0.3746960220,4.660,0.010
2.3808021380,-1.2311290145,4.660,-0.149
2.8535211186,0.7538069347,4.660,-0.039
3.3128361638,-0.1395489221,4.660,1.240
3.3274330697,-0.8519494639,4.660,1.075
4.1005040387,-0.6006014102,4.660,0.964
4.7342946650,-0.5162699176,4.660,0.774
4.7911608150,-0.4719831271,4.660,1.629
4.8156240412,-0.1559344048,4.660,0.932
5.2407906000,0.4843912285,4.660,0.184
0.3217911562,0.4290667361,4.670,1.047
0.9135375611,0.8640941551,4.670,-0.096
1.1121613093,0.7065733596,4.670,1.007
1.2185670565,0.2778211035,4.670,0.147
1.5976543354,-0.2606693617,4.670,0.046
2.1476803891,0.3080117029,4.670,0.531
2.4038266305,1.1085220090,4.670,0.381
4.7126374116,0.2923586889,4.670,1.254
4.8397873702,-0.2542214016,4.670,0.076
4.9058546085,0.6923742640,4.670,0.170
5.1153371761,1.2158168706,4.670,0.786
5.5034202193,-0.5630042471,4.670,0.890
0.4098542743,1.0337941247,4.680,0.991
0.5014955720,-1.1806681710,4.680,0.931
0.5431928128,-0.5113259487,4.680,-0.156
0.7799924089,0.6922452017,4.680,0.065
2.3401424287,-0.9201982347,4.680,-0.115
2.5239852464,0.0811454679,4.680,1.310
2.6189252098,0.1403981781,4.680,1.589
2.7869426682,0.5580906266,4.680,0.823
3.5428646027,-0.1091845881,4.680,1.606
3.5537302342,0.8554901069,4.680,0.132
4.2775714096,-1.3734998562,4.680,1.680
5.1460018767,0.5262747341,4.680,0.971
5.6625104893,-0.1370816758,4.680,0.175
5.9497717240,-0.3286520466,4.680,1.358
1.1632890229,0.2568039396,4.690,0.979
1.3925095851,0.6998604748,4.690,0.630
1.9997143353,-0.4426993492,4.690,-0.100
2.0435033753,-0.8216612600,4.690,1.039
2.0997281595,-0.0243055986,4.690,1.475
2.7870729468,-1.0329381595,4.690,1.562
3.3407043078,-1.0643247834,4.690,1.049
5.6814585137,0.8934274445,4.690,-0.119
5.7741127237,-0.9911022626,4.690,1.056
6.1744334813,-0.7437733657,4.690,0.078
1.3982209323,-0.3707038024,4.700,-0.048
3.0398482366,-0.1710814804,4.700,-0.073
3.0552566448,-0.6064087091,4.700,-0.070
4.4243897936,-0.7393568121,4.700,0.444
4.8968431299,-0.1579967793,4.700,0.358
5.2178322522,-0.4590129769,4.700,0.748
5.5429111466,0.1768294203,4.700,0.262
5.9969834264,1.4721184914,4.700,1.418
6.1665844778,-0.3650269565,4.700,0.020
0.7841547361,0.1554628431,4.710,-0.109
0.9135642244,-1.0984670762,4.710,0.410
1.2764147059,0.2487206199,4.710,1.773
1.3330440660,-1.0030879109,4.710,0.526
1.4387317441,-0.0190631653,4.710,1.592
1.4517992762,0.5618567703,4.710,0.281
2.4499762371,-0.4531823973,4.710,1.633
2.4574425845,-0.5032460190,4.710,0.892
3.0751083157,-0.3202796869,4.710,0.958
3.4307873802,-0.8458439627,4.710,-0.148
3.6549313041,-1.1115425297,4.710,1.075
5.2108899808,0.1476802090,4.710,1.023
5.5760563457,-0.5615167384,4.710,0.070
6.0646481038,-0.3919592605,4.710,0.674
0.3749511146,1.1890930367,4.720,1.047
1.4039536041,-0.0066752762,4.720,-0.168
1.5317032619,0.6511050762,4.720,1.621
1.6157320596,-0.9593838340,4.720,-0.229
2.1435774684,-0.2256186892,4.720,0.939
2.4753421150,-0.3899725724,4.720,1.154
2.7310638075,0.5898535711,4.720,0.260
2.7503546542,-1.2565112733,4.720,0.042
2.7629954165,0.7055591214,4.720,0.222
3.1604442198,-1.1024496294,4.720,-0.081
3.2319882817,0.3105441323,4.720,1.010
3.4799366369,0.7081255877,4.720,0.306
4.2009990500,0.8034920757,4.720,-0.094
4.5230706583,-0.0077719036,4.720,1.119
5.6839193993,-0.3292794539,4.720,0.868
0.6354027362,0.8775276533,4.730,1.532
1.8092253735,0.2299964721,4.730,0.321
2.1442746969,-0.7502695309,4.730,0.164
2.8877690154,-0.0433641848,4.730,1.593
4.2171106231,-0.7884208131,4.730,0.230
4.2279368300,0.6368871214,4.730,1.015
5.4657336723,-0.1567884731,4.730,0.325
0.1386330789,0.9515934527,4.740,-0.098
0.3467382469,0.4758475891,4.740,0.032
0.6636054523,-0.2660698031,4.740,0.454
0.6972570744,-0.7486008603,4.740,0.061
0.8726110511,1.1458486615,4.740,-0.108
0.9189927626,-0.0885779976,4.740,-0.092
2.1337208510,-1.0699292304,4.740,0.437
2.2742464733,-0.8258396156,4.740,0.137
2.3673000913,1.1803595209,4.740,1.542
3.4837024806,-0.3195906628,4.740,0.709
3.7084517751,-0.9326855528,4.740,0.938
4.1506773886,0.3661337592,4.740,1.534
4.7114838439,-0.4156699438,4.740,-0.030
4.9877775756,-0.7346981730,4.740,-0.027
5.1128199840,0.6013177341,4.740,-0.150
5.4970275166,0.8293970588,4.740,-0.084
5.7740468745,-0.0376181796,4.740,-0.100
6.1865360142,-0.7939913135,4.740,0.082
1.8964559997,-0.8425040573,4.750,-0.091
3.0902877783,-1.1661401733,4.750,1.522
3.6355601260,-0.5572419566,4.750,-0.111
3.7357305067,0.8965273123,4.750,0.236
4.1100176202,-0.3434603418,4.750,1.574
4.1132336706,-0.6058108889,4.750,-0.151
5.3912354478,-1.0573509895,4.750,0.291
6.1026483611,1.1887689648,4.750,0.836
0.1370765714,-0.8517820111,4.760,0.018
0.7438387468,-1.3101653850,4.760,1.337
0.7462971986,-0.3665892925,4.760,0.906
1.5378124082,0.0323781926,4.760,1.382
1.6530288824,1.2098585219,4.760,0.025
2.0842217940,-0.5294381171,4.760,0.151
2.5363276598,-0.4117495949,4.760,-0.117
2.8022812740,-1.1251513959,4.760,-0.139
2.9632716386,0.6664636911,4.760,0.113
3.2464207578,0.8999311492,4.760,0.877
3.3986973420,0.3038521456,4.760,1.568
3.5231773891,-0.2787915323,4.760,1.096
3.6293741838,0.6011654022,4.760,1.611
3.7638821229,-1.0203040666,4.760,0.795
4.5465472882,-1.1828213000,4.760,1.194
4.6268527967,-0.8624646870,4.760,0.415
5.0449498270,0.3733333944,4.760,-0.058
5.6632462174,1.0835342535,4.760,0.246
6.0524192720,0.4445049669,4.760,1.285
0.1928153487,-0.1851715869,4.770,0.998
0.8095722677,0.9897015009,4.770,1.018
1.4786635227,-0.1258876120,4.770,0.139
1.7773146399,0.1402765447,4.770,1.396
2.4424706546,-0.2090006042,4.770,0.927
3.0120669171,-0.0524209731,4.770,1.529
3.3787511494,-0.1664868585,4.770,1.590
4.6118209718,1.2000529553,4.770,0.430
4.7258367030,-0.1427740275,4.770,0.410
4.8545258576,0.9956335252,4.770,0.611
5.2515102061,-0.6621901115,4.770,1.417
5.3135968943,0.6637998581,4.770,0.377
5.3261497064,-0.2226879476,4.770,-0.047
5.3619143052,-0.3109074869,4.770,0.386
5.9667688293,1.4513081227,4.770,1.257
0.0069680834,-1.3450506304,4.780,1.254
0.2312920693,-0.0199711070,4.780,1.550
0.5606314472,0.6607655497,4.780,0.120
0.9862806201,1.1055796382,4.780,0.747
1.1805429074,0.2826388705,4.780,0.170
1.3086868935,-0.2188191830,4.780,0.267
1.4619082510,-0.1047551322,4.780,-0.248
2.1312992445,0.8989609858,4.780,0.048
2.1532649213,-0.6265647838,4.780,-0.110
2.5490605881,-0.4846687012,4.780,0.516
2.7041095875,0.3398315599,4.780,0.452
3.2397901720,0.4511005946,4.780,0.515
3.4802070823,0.0954672292,4.780,1.638
3.7555538558,-0.7886629806,4.780,0.310
3.7659689282,-0.4843989836,4.780,1.300
4.5876672893,-0.4182270227,4.780,0.016
4.6695638380,-0.6997100858,4.780,0.259
4.9106929379,-1.1322170609,4.780,0.199
5.8526225900,0.4944610186,4.780,-0.010
5.8811430417,0.0819547904,4.780,1.039
0.0637162239,0.3526734758,4.790,1.572
0.5145610260,0.4118289540,4.790,0.290
1.2768526303,0.6405914560,4.790,1.414
2.1926931306,-0.8463168001,4.790,-0.146
2.4475931598,-1.0891663025,4.790,0.926
3.4699309868,-1.1849841229,4.790,-0.078
4.1505334997,0.6223387175,4.790,0.996
4.3205971659,-0.4383433470,4.790,-0.116
4.6651542370,-0.5533252837,4.790,-0.028
4.7135378805,0.0762467196,4.790,-0.100
5.3025935107,0.4466639110,4.790,-0.181
5.8023751944,1.2625922431,4.790,0.919
5.8277206611,-0.7216360585,4.790,0.790
0.1835425616,0.8816098861,4.800,-0.105
0.2315644213,1.0668145247,4.800,0.540
0.8544858980,-0.1539333250,4.800,0.232
1.1412388812,0.8115585165,4.800,-0.022
1.1523360319,0.3044575072,4.800,0.154
1.3152761072,-0.1252093171,4.800,-0.164
1.7424077459,0.7415707953,4.800,1.236
2.4015391354,1.1717096530,4.800,0.489
2.4268299596,0.9428592784,4.800,0.199
2.4455712077,-0.1667783329,4.800,0.913
2.8104838493,-1.1163312912,4.800,-0.134
3.2936605902,0.3949550753,4.800,0.012
3.4347154074,0.4821426835,4.800,1.482
3.7038062011,1.3534594484,4.800,1.368
3.7437180737,0.6197577825,4.800,1.057
3.8546588502,0.4629983294,4.800,1.672
3.9361907846,0.4364743523,4.800,1.506
4.2686318226,-0.4994088681,4.800,0.008
4.5261891299,0.5777057305,4.800,-0.166
5.2940235690,0.8170876699,4.800,0.100
5.4683166591,0.7747038415,4.800,-0.134
5.5883717606,-0.7122595388,4.800,0.029
5.8698784717,0.0240401751,4.800,-0.171
5.9417849729,0.5115148253,4.800,-0.013
2.9591494159,0.5502810640,4.800,0.650
1.3513179140,0.2722230573,4.810,0.313
1.3690244412,-1.1726039083,4.810,1.274
1.3852880413,-0.6090362640,4.810,0.987
1.5620446641,0.4529812143,4.810,-0.088
2.0958472212,-1.1094613988,4.810,-0.173
2.5091896976,0.6915255128,4.810,0.992
2.9871740110,-0.1895309454,4.810,1.556
3.7882471802,-0.0388851879,4.810,0.693
4.8230021504,-0.3585199313,4.810,1.310
5.4040728263,0.3700302838,4.810,-0.030
5.4495209061,0.8048434759,4.810,0.571
0.5112398201,-0.8270291051,4.820,0.864
1.3675905974,0.6716811993,4.820,0.189
1.7421817703,-0.2468901519,4.820,1.459
1.8044455540,-0.3529798163,4.820,-0.212
1.9800733671,-0.2534897394,4.820,1.362
2.7154116169,-0.7269289381,4.820,1.095
2.7516323576,0.9770446740,4.820,0.541
3.2573494352,-0.8979829880,4.820,-0.141
3.5668451473,0.6334654734,4.820,0.239
3.7105652585,0.4379323758,4.820,0.541
4.1988034239,0.3980128028,4.820,0.066
4.2850995759,0.0179601190,4.820,0.338
4.4036266024,0.8025603848,4.820,0.087
4.4552148553,-0.0736990345,4.820,1.483
4.8257662917,1.1442986017,4.820,1.179
4.9497388162,1.2443707444,4.820,1.151
5.5170077091,-0.3465349592,4.820,0.169
5.8534761404,0.2130206820,4.820,-0.132
5.8933089999,-0.1863653840,4.820,-0.053
6.0988084567,0.8554783629,4.820,1.668
6.2036132339,-0.3109571613,4.820,0.822
0.2399954393,1.0292677419,4.830,1.216
0.3824666059,0.7924961915,4.830,0.421
0.6962287129,-0.2072082096,4.830,0.447
0.7223169730,-1.1801325936,4.830,0.058
1.8712162086,-0.6921217756,4.830,-0.179
1.9050875267,-0.4069338853,4.830,1.601
2.1876995102,-0.5769075210,4.830,1.419
2.2795015106,-0.9270139014,4.830,-0.173
3.4189051590,-0.8644138178,4.830,0.029
3.9435297932,0.8317202495,4.830,0.647
3.9829571778,-0.7766787348,4.830,-0.177
4.3137660936,0.7309731633,4.830,1.289
4.4716318730,-0.5955574817,4.830,0.257
4.9134275584,0.4653419497,4.830,1.199
4.9613652489,-0.1020374220,4.830,1.057
4.9686176198,-0.6476455554,4.830,0.396
0.3935073192,0.1072298954,4.840,1.372
0.5812912710,0.7719879591,4.840,1.476
0.5979999337,0.5973255168,4.840,0.607
0.8698790592,0.0588210487,4.840,0.681
1.1080212134,0.1616842309,4.840,0.799
1.4891817159,0.2885753182,4.840,-0.125
2.0047536433,-0.6686010990,4.840,-0.189
2.2485425493,-1.0124520299,4.840,0.981
2.8822402553,0.0631371811,4.840,1.144
3.0773819558,0.1441313718,4.840,0.174
3.7513844084,0.2846099284,4.840,1.228
4.3310559279,0.2005041479,4.840,1.495
4.3673315183,1.1272915156,4.840,1.212
4.3864345591,0.9910303628,4.840,0.375
5.2314205465,-0.4572023875,4.840,0.882
5.9493892370,-0.7228167075,4.840,1.027
5.9586900429,-0.9337532604,4.840,1.180
6.0502430232,1.0370704504,4.840,-0.060
4.2078423575,-0.1985244135,4.840,0.450
0.8374851094,1.2984142949,4.850,0.035
0.8671249977,0.5972979658,4.850,1.491
1.9628709126,-0.4018496194,4.850,0.243
2.6569907217,-0.9042770864,4.850,-0.120
3.4559878014,-0.6597871968,4.850,0.693
4.0039953959,-1.1102120616,4.850,1.260
4.6983844357,-0.7739181912,4.850,1.176
4.8034415725,0.0589426515,4.850,0.911
4.9674806211,-0.9239533737,4.850,-0.051
0.1218603922,-0.5760837406,4.860,1.634
0.8655453484,-0.3928931266,4.860,0.904
1.7725376298,1.0374528532,4.860,0.084
2.2676536361,-0.5159382399,4.860,0.900
2.7711146484,1.3214402214,4.860,0.957
3.4785158122,-1.1655908780,4.860,1.480
3.7671983645,0.1474212795,4.860,0.010
3.8469056919,0.1424496539,4.860,0.992
4.2852075203,0.5391670409,4.860,0.970
4.3375082901,-0.7687357623,4.860,0.045
4.3578587845,0.8539606733,4.860,1.562
4.5913767754,0.9629497836,4.860,0.279
4.6400885507,-0.3784431267,4.860,0.469
4.9057831053,-0.6220700185,4.860,-0.168
4.9487485141,-0.3969722408,4.860,1.412
5.0419962146,-0.4408122668,4.860,0.569
5.3999959192,-1.0738996636,4.860,0.447
5.7843666540,0.0882880116,4.860,1.443
0.3592768834,0.7946270763,4.870,1.077
0.6801309655,0.0976205635,4.870,0.880
0.8504187566,0.3672947872,4.870,-0.007
1.1100067642,-0.1790059049,4.870,1.156
1.8902902303,-0.7885875632,4.870,-0.003
2.2764428312,-0.2782645432,4.870,1.063
2.3366732690,-0.4831397941,4.870,0.142
2.5927106886,-0.4526047947,4.870,1.199
2.7804355103,-0.4784407241,4.870,1.626
2.8224325275,-1.1237036092,4.870,-0.149
5.1764824963,-0.3448964868,4.870,1.061
5.6495250088,0.6725461079,4.870,1.085
0.6368274032,-0.2145093353,4.880,-0.027
1.4295762852,0.3828722707,4.880,-0.140
1.5228700550,0.4287843718,4.880,1.021
1.5407535143,-0.5899450356,4.880,-0.154
1.9140719825,-0.4286301933,4.880,-0.160
3.1399685635,-1.3652286347,4.880,-0.054
3.3243472198,0.1786453629,4.880,0.076
3.4045899761,0.5372999804,4.880,1.165
4.4332452604,1.1368166397,4.880,0.481
4.7027755215,-0.7280867023,4.880,1.617
4.9022846231,-0.1444297448,4.880,1.112
5.0511340897,-0.3307906464,4.880,1.013
5.1278493054,-0.8394894338,4.880,1.096
6.2267109580,1.0236703269,4.880,1.122
6.2773949944,-0.0620636147,4.880,0.930
6.2788608918,0.9731070721,4.880,-0.071
0.0491498571,-0.2699671345,4.890,0.487
1.2649742150,0.6542938254,4.890,1.447
1.4169765711,0.0322265385,4.890,-0.200
1.5251945694,0.2208072520,4.890,-0.068
2.0034878361,0.6036107060,4.890,0.413
2.0338503281,0.3230612030,4.890,1.425
2.7548560877,-0.9375120485,4.890,0.500
2.7818564237,-0.2336043418,4.890,2.800
3.0827862159,-0.7068645249,4.890,0.664
3.1060499510,-1.1380578259,4.890,-0.123
3.3741393029,0.3707942005,4.890,0.904
3.7447463567,-1.4138521369,4.890,0.243
4.4740562458,0.2223693955,4.890,0.125
4.5909798428,0.9631467269,4.890,0.251
5.1673813249,0.6519564847,4.890,0.948
5.4540144004,-0.5895673725,4.890,1.004
5.9308963157,0.6815557692,4.890,-0.207
6.1524259840,1.0218714260,4.890,-0.122
0.2130764095,0.8895623384,4.900,-0.091
0.3735902026,-0.2547970618,4.900,1.231
1.4943386914,0.0257371290,4.900,1.144
1.8222046267,0.7870404171,4.900,0.027
3.3627527701,-0.5933997712,4.900,-0.031
3.4655899328,-1.0315460513,4.900,0.489
4.2036394780,-0.6737414317,4.900,-0.146
4.2125379527,-0.3456076549,4.900,-0.024
4.3129934886,-1.2232035480,4.900,0.555
5.1970165295,0.3946197507,4.900,-0.153
5.4518959776,-0.8068103177,4.900,1.494
0.7079432876,0.7015166580,4.910,0.582
1.1862906375,-0.0007681366,4.910,1.320
1.3152204360,-0.3499719963,4.910,-0.047
1.3415028759,0.3254175472,4.910,0.657
1.6580337069,-0.0513910924,4.910,1.613
1.8772239180,-0.0739514535,4.910,1.020
1.8834515647,0.6862730387,4.910,1.451
2.7863421925,-0.2945517442,4.910,0.922
3.3246036832,-1.0417140654,4.910,-0.044
3.5552208231,0.6489555618,4.910,0.404
3.9312340727,-0.1486836062,4.910,0.000
3.9907913367,-0.5501124414,4.910,0.374
4.3701868952,-0.3096592270,4.910,1.095
4.4738710992,0.9506815852,4.910,0.471
5.2169200925,0.9152322951,4.910,0.124
5.3653603222,-0.0503620108,4.910,1.160
5.3962404146,-0.0445051479,4.910,1.606
5.9035788356,-1.0817921034,4.910,1.612
6.0005635584,0.1538711225,4.910,-0.003
0.5090685424,-0.3931665657,4.920,1.434
1.5788264221,-0.1849687797,4.920,-0.128
1.5925496227,-0.2877076625,4.920,0.196
1.6794359768,0.8602360128,4.920,1.905
1.8495853744,-0.8654026545,4.920,0.140
1.9681843816,1.4383514192,4.920,1.633
2.4243147008,-0.6731724848,4.920,1.084
2.9030585996,-0.4763633994,4.920,0.369
3.2567891142,0.4759205238,4.920,0.277
3.5523217739,0.0638610146,4.920,0.029
3.6203097177,0.3711286532,4.920,1.432
3.8614828549,-0.6142132261,4.920,0.013
4.0325752423,-0.1801575236,4.920,0.453
4.7421970206,-0.7579130003,4.920,0.255
4.8009581648,0.3832969358,4.920,1.594
4.8509560341,-0.8013646717,4.920,-0.101
4.9446300446,0.8850254218,4.920,0.903
5.4317923852,0.4410554620,4.920,1.183
1.0945068166,-0.7329261167,4.930,0.334
1.1225130358,0.3591641672,4.930,0.259
1.1362559906,0.6033031661,4.930,0.950
1.3057537074,0.6613095228,4.930,0.037
1.9882000944,-0.9168884088,4.930,1.373
2.0202503208,1.0246890924,4.930,0.104
2.0932426376,-0.0642208351,4.930,1.205
2.3429897724,-1.0337469571,4.930,-0.182
2.5405040652,-0.4174054206,4.930,0.534
3.0206126520,-0.5107011844,4.930,0.540
3.0582272817,-1.0836767002,4.930,1.111
3.2128994960,0.4179262263,4.930,0.957
3.3671708010,0.4806761098,4.930,0.681
3.4065662778,0.9837781813,4.930,0.368
3.7124960790,-0.2845240981,4.930,1.684
3.8877988044,-0.0401277450,4.930,0.988
3.9588470609,0.4340493427,4.930,0.429
4.2411492601,-0.1756543527,4.930,0.087
5.1351549377,-0.1226526151,4.930,-0.046
5.2682153374,-0.9229439471,4.930,1.591
5.2771206926,0.6429726898,4.930,-0.139
5.2994030394,0.6423911591,4.930,0.151
5.4418455015,0.5999416286,4.930,1.294
6.0949035114,-0.1348529286,4.930,1.613
6.2133342926,0.5124540381,4.930,0.935
0.5775793510,0.5288882853,4.940,0.770
0.7813026478,0.6140614285,4.940,1.235
1.8163052486,-0.8503443777,4.940,1.668
1.9295726826,-0.3319022828,4.940,-0.039
2.1097454517,0.4851026107,4.940,1.130
2.3116624904,-0.7907715893,4.940,0.043
2.5956107678,-0.3317759173,4.940,1.559
2.7232847612,1.1443499584,4.940,-0.052
2.7534074410,-1.2779560879,4.940,1.677
3.4428998428,-0.4034864326,4.940,1.048
3.4632387230,0.7008000515,4.940,1.061
4.3108933484,1.2002304117,4.940,-0.051
4.9742483570,0.5610450616,4.940,1.465
5.2982827734,0.2652483076,4.940,0.072
5.3671447036,0.8543660511,4.940,-0.087
5.8038548776,-0.5680768643,4.940,0.489
0.1896646678,0.8207331596,4.950,0.170
0.3494234164,1.0163333351,4.950,0.683
1.0359576246,1.1008186730,4.950,-0.074
1.4872179385,-0.0197010548,4.950,-0.197
1.6233946833,0.2815286946,4.950,-0.149
3.0016928727,0.0498512354,4.950,1.000
3.2931488604,1.2221104303,4.950,1.312
4.1808903376,-0.2492218204,4.950,-0.080
4.2476027919,-0.9534815286,4.950,1.017
4.2651809746,1.3221799402,4.950,0.393
5.2179353769,0.6717197255,4.950,-0.086
5.2436042020,-1.0363048347,4.950,1.356
5.9866255742,0.7559442878,4.950,1.559
6.1389014923,0.0219144942,4.950,0.036
6.2238089413,0.0608563295,4.950,2.508
0.4388640492,0.7082031071,4.960,-0.068
0.4441119220,0.7437435934,4.960,0.618
0.6712758067,-0.4927473484,4.960,-0.050
0.8789603095,0.7562450689,4.960,0.051
1.1712882665,0.2855301447,4.960,1.137
1.3931073523,0.3856565725,4.960,0.937
1.5483094822,0.9722696346,4.960,0.052
3.6209972519,-0.3165009347,4.960,1.059
4.1791549122,0.9555636166,4.960,0.269
4.2033802320,-0.4514336028,4.960,1.234
4.7387071515,0.3877925989,4.960,1.656
4.7635367597,-0.4136645902,4.960,1.055
4.7643240396,0.5481267534,4.960,1.643
6.1297602542,1.0870400399,4.960,1.676
0.3280459256,-0.7946774539,4.970,0.571
0.5061463423,1.1987836152,4.970,-0.084
0.9703046032,0.5928015390,4.970,-0.048
1.0528778638,-1.0660265418,4.970,1.386
1.1360070131,0.4773607028,4.970,1.150
1.5511549507,-0.6478778735,4.970,1.102
2.0660201638,0.4671510357,4.970,0.098
2.7182169291,-1.1676514197,4.970,-0.128
3.2303849038,0.0578153248,4.970,1.172
3.5274422901,0.2404852043,4.970,0.714
3.7881228770,-0.5147261770,4.970,-0.074
4.1027524644,-0.4157038870,4.970,1.302
4.2630346280,-0.8738535750,4.970,0.788
4.4642519613,0.2459508666,4.970,1.600
6.1695340114,0.5467292233,4.970,1.383
6.1949783244,-0.2482238308,4.970,0.257
6.2222474329,0.8101866499,4.970,1.086
0.4482231019,-0.0644061474,4.980,1.378
0.5647108226,0.4527365259,4.980,0.339
0.7801461310,-1.1182548613,4.980,0.126
1.3381323846,0.9005501048,4.980,0.343
1.4628638830,-0.0940263845,4.980,0.650
1.4633786383,-0.0945280734,4.980,-0.097
2.0088165667,-0.2664056645,4.980,1.543
2.2690351264,-0.2177363185,4.980,1.415
2.8830513952,0.1064903796,4.980,0.166
3.0977138072,-1.2256712631,4.980,1.360
3.2593512718,0.4681967735,4.980,0.088
4.0656706246,0.7138280131,4.980,0.086
4.1950856265,0.5209993063,4.980,-0.050
4.8167179913,1.0262664455,4.980,0.082
4.9577999697,0.0733410473,4.980,0.204
5.0638476954,-0.0945229463,4.980,0.937
5.2181987012,1.0270559111,4.980,1.584
0.0196435747,-0.1834257840,4.990,1.619
0.5336412464,0.9509869938,4.990,-0.071
0.9077939507,0.8563085558,4.990,-0.091
0.9697414479,-0.5574295613,4.990,-0.159
1.0347104958,1.0665512066,4.990,1.435
1.2168985124,-0.2115883810,4.990,0.074
1.4086261592,0.0618623654,4.990,-0.096
1.7923039984,0.7292200280,4.990,1.256
1.7927696197,-0.5998228619,4.990,1.379
1.8453058353,-0.0739885438,4.990,-0.195
1.9445074579,0.1618984391,4.990,0.991
2.1525704353,-0.2755564459,4.990,1.066
2.3822556513,0.0888776749,4.990,1.189
2.4045110175,-0.7830926127,4.990,0.222
2.4955837405,0.1972191776,4.990,1.046
2.9793928219,0.7589163335,4.990,0.998
3.2135978663,0.5770324953,4.990,1.140
3.5855454553,-0.9522416057,4.990,-0.055
3.7187006250,0.0420525328,4.990,-0.118
4.0235883539,-0.8364977702,4.990,0.515
4.0282416983,0.5286220445,4.990,0.577
4.1866284492,-0.7285778534,4.990,0.988
4.7730074301,1.1239446853,4.990,0.440
5.0794591974,0.5169898683,4.990,-0.120
5.2548655245,-0.5594879033,4.990,1.208
5.7963789047,-0.5941771163,4.990,1.499
6.0058232971,0.8680140893,4.990,1.778
6.1041200640,-0.1677392299,4.990,-0.022
1.0666261641,1.0324583709,5.000,0.495
1.4155679313,0.3033999032,5.000,0.544
1.6036399752,-0.6501861163,5.000,-0.095
1.6395103691,-0.2394314900,5.000,-0.078
1.8156257149,-0.2451040857,5.000,1.182
1.9134610503,0.8633228489,5.000,0.087
2.5185586485,0.1193072509,5.000,1.051
2.9810723060,-0.6311942967,5.000,1.464
3.0696848218,-1.0906457026,5.000,0.784
4.0640738309,1.3500008623,5.000,1.545
4.2240259584,0.2975259314,5.000,0.931
4.7084097115,-0.5280148931,5.000,1.654
4.7450222323,0.7585531046,5.000,0.913
4.9528907198,-0.3956893191,5.000,1.348
4.9804691911,0.8191670105,5.000,0.186
5.0349225266,1.0071440171,5.000,1.156
5.1250790399,0.3451109822,5.000,-0.093
5.1767627158,0.5886576263,5.000,0.476
6.2726418913,-1.1222158339,5.000,0.060
2.2894198757,-0.9548360241,5.000,0.650
4.2078423575,-0.1985244135,5.000,0.650
5.0021608303,-0.6469017522,5.000,0.650
0.0450327403,0.8041128329,5.010,0.405
0.1223847836,0.3122939398,5.010,1.584
0.4334966668,0.7746847132,5.010,0.883
1.3184374263,-0.4585857737,5.010,1.056
1.3762209035,0.5705062470,5.010,0.222
1.6198838292,-1.1447512869,5.010,1.599
1.6489599013,1.0736442875,5.010,1.843
1.9626785306,0.4872286707,5.010,1.117
2.0606293394,-0.6057242372,5.010,0.470
2.2459188682,-0.8716907888,5.010,1.304
2.5051871584,-0.8945731579,5.010,-0.180
2.8059105359,1.2056073675,5.010,1.406
3.0521166241,-1.1414063374,5.010,0.804
3.2244803299,-0.9624269442,5.010,1.600
3.2543810289,0.6810033177,5.010,0.955
3.2729813594,1.2077874511,5.010,1.621
4.5392283794,0.3151555096,5.010,1.654
5.1878936918,0.3340916649,5.010,0.095
5.2270451714,-0.2703775092,5.010,0.055
1.1730185084,0.2277236203,5.020,0.215
1.4165631725,0.6524973724,5.020,1.445
2.5010903185,-0.3685388779,5.020,1.023
2.7617556762,-0.8203632613,5.020,1.045
2.8612053158,0.5848062266,5.020,1.101
3.6502236989,0.4798273540,5.020,1.441
3.8957986381,-0.6597896099,5.020,-0.155
4.0015951822,1.2535635555,5.020,1.369
4.6647053818,0.8862969552,5.020,0.043
4.6663529076,1.3432556676,5.020,0.518
4.8063946373,0.8573335400,5.020,1.619
4.9080067923,0.0359544501,5.020,-0.055
4.9625875030,-0.3605212475,5.020,0.137
5.0844704604,-0.4277553287,5.020,0.235
5.7060742312,-0.5392771419,5.020,0.042
0.5522457697,0.3952876996,5.030,0.121
1.2662083958,-0.2830428165,5.030,0.992
1.5850207344,-0.4587518420,5.030,1.335
1.9060020522,-0.6386619276,5.030,-0.161
2.0330809712,-0.2541863476,5.030,0.342
2.2229302038,-0.7805952281,5.030,-0.168
2.8774684463,0.7056410985,5.030,0.624
3.2948732687,0.3207401644,5.030,1.152
3.5849628001,-0.1518957293,5.030,1.623
3.7304340062,-0.9963408606,5.030,-0.074
4.4146111779,0.4303359342,5.030,1.246
4.4587812631,-0.5610102381,5.030,-0.100
4.5318194128,0.1896208666,5.030,1.539
4.8984086866,0.9693463920,5.030,-0.070
5.0739045107,-0.9498767802,5.030,0.020
5.1079851142,-0.0486752587,5.030,1.770
5.1950981549,0.9248150858,5.030,1.286
5.4740533681,0.4896978731,5.030,1.481
0.0101752528,-0.5187190791,5.040,-0.150
0.2967650521,0.7669341847,5.040,0.109
0.4629640462,-0.9341357695,5.040,0.031
0.8560988214,0.8890299472,5.040,1.107
1.2307097306,-0.6482902748,5.040,0.391
1.5667466205,-0.1668229360,5.040,0.189
1.6015850465,-1.0848020751,5.040,1.256
1.6425452449,0.2141896512,5.040,0.431
1.7587815209,0.7770982475,5.040,1.479
1.9350258322,0.4372142495,5.040,0.902
2.0048446149,0.3084785448,5.040,1.616
2.0200088513,-0.7884196403,5.040,0.765
2.1235087030,-0.7900410094,5.040,1.488
3.1624361342,-1.3355095510,5.040,1.491
3.4560094006,-0.2827189296,5.040,0.460
3.5130057846,-1.3070389980,5.040,1.110
3.5317649734,-0.8930000485,5.040,0.059
4.0009416573,-1.0639047961,5.040,-0.077
4.0112609533,0.0308121758,5.040,0.540
4.0619452875,0.7126711083,5.040,1.589
4.1597056479,-0.3519812520,5.040,-0.014
5.5783038507,0.7670014292,5.040,-0.061
5.6590101914,0.7053489990,5.040,0.198
5.7563186785,1.2772301247,5.040,0.439
5.9243296881,-0.0737934925,5.040,1.140
0.8688562824,0.8743220964,5.050,-0.067
1.0000165727,0.4212650952,5.050,-0.082
1.3306675720,-0.8652964985,5.050,1.484
1.3963303778,0.5926798439,5.050,0.287
1.7393394803,-0.8416009598,5.050,0.997
2.0093874053,1.5187871020,5.050,1.604
2.2651401791,-0.3955243330,5.050,0.720
4.7430448594,0.5334099614,5.050,0.528
5.8098069247,1.0369784308,5.050,0.192
6.0629434364,0.1514450223,5.050,1.484
6.1101492023,0.0939215303,5.050,1.204
6.2304440792,1.1834520538,5.050,0.007
0.9693367441,1.1033414044,5.060,1.651
1.3762191455,-0.4702529376,5.060,-0.067
1.4039905302,-0.4323700921,5.060,0.662
1.6089255448,-1.2015441592,5.060,-0.072
1.6225609058,-0.1143240776,5.060,-0.201
1.6927926226,-0.0831152732,5.060,-0.175
1.9823029325,-0.4096926679,5.060,0.468
2.1743013371,-1.1451662271,5.060,1.129
2.6449893822,-0.8267623748,5.060,0.880
2.8834608524,0.6843801138,5.060,0.255
3.7628710030,-1.3981648544,5.060,-0.108
4.4973012195,-0.7776789037,5.060,0.867
5.1523692059,0.7945601277,5.060,0.426
5.1597119253,-0.2814168245,5.060,0.319
5.2419188129,0.8744918955,5.060,1.122
5.4041148838,0.4209028761,5.060,-0.133
5.4545104702,0.7689799153,5.060,0.198
5.4607025108,-0.9007326420,5.060,1.125
5.5559984171,-1.2239342438,5.060,1.578
6.2504086257,0.3337119583,5.060,1.587
0.1428148016,-1.1001072027,5.070,0.038
0.2137089002,0.2956700102,5.070,0.502
0.8411349935,-0.0208759038,5.070,0.575
1.1817405525,-0.7845909392,5.070,-0.194
1.2213437989,0.9264126544,5.070,1.079
1.4158189506,-0.0155566130,5.070,0.961
1.8256941044,-0.5953616257,5.070,-0.154
1.8909388349,0.2820271618,5.070,1.653
1.9606188054,0.4907564815,5.070,0.120
2.0394895103,-0.6721462710,5.070,-0.112
2.4956446509,0.1695721172,5.070,1.364
2.5040736858,-1.4126914517,5.070,-0.139
2.5320628635,-0.2501456876,5.070,-0.149
2.5853005711,-0.1414594647,5.070,0.038
2.7698386178,0.1213658130,5.070,0.921
3.0184066389,-1.0374596786,5.070,1.026
3.7208983529,-0.4757974588,5.070,1.130
4.3468679291,0.9237054185,5.070,-0.027
4.4922779368,0.7116934856,5.070,1.275
4.5900619048,1.1891805093,5.070,1.077
4.8521567625,-0.7986169710,5.070,-0.127
5.0046300425,0.1932293890,5.070,-0.055
5.4067232187,0.1760374538,5.070,0.702
5.7152764653,0.5266393991,5.070,0.010
5.7820423843,1.0869878043,5.070,0.240
4.5175405376,-0.4643136941,5.070,0.850
0.1576832928,0.9454178045,5.080,-0.098
0.9960207504,0.1944871670,5.080,-0.125
1.2180373704,0.2757593271,5.080,0.141
1.2713603503,0.3288176083,5.080,0.214
1.4074430637,1.3828444123,5.080,0.506
1.4296345679,0.6017178286,5.080,1.400
1.6154676176,-1.3046867621,5.080,0.714
1.7785793084,-0.1570534969,5.080,1.795
2.0826449490,-0.7698622684,5.080,-0.166
2.2148672741,-0.9265687633,5.080,0.256
2.5682021295,0.8032181149,5.080,0.619
2.7501647221,-0.0111182005,5.080,-0.138
2.7664112221,-0.4144313038,5.080,1.596
2.7765672914,-1.0395947635,5.080,1.172
2.8074320411,0.4047140058,5.080,0.042
2.9817418659,-0.3277723688,5.080,0.439
3.3798957167,-0.9977815267,5.080,-0.089
3.9127369326,-1.0957354397,5.080,-0.023
4.9511437520,-0.2723243483,5.080,0.141
5.2660515340,0.4121494691,5.080,-0.162
5.3551944278,-0.3178544891,5.080,-0.049
5.7303352711,-0.2365229721,5.080,0.378
5.9156391584,1.2853161035,5.080,0.395
0.2119990529,-1.3076606713,5.090,1.345
0.5120398512,0.3109745932,5.090,0.921
0.9163126809,0.9678166297,5.090,0.022
1.3105035560,1.4171041633,5.090,1.304
1.7175437528,-0.0212956960,5.090,-0.132
1.9283607038,0.3568091470,5.090,1.528
1.9476312687,-0.8904404747,5.090,1.038
2.0904474260,-0.4068431583,5.090,1.111
2.1553589426,-0.6339433873,5.090,-0.184
2.3149946969,-0.8120875071,5.090,-0.205
2.4709474051,-0.9316377118,5.090,-0.102
2.5592100371,0.9970729190,5.090,1.594
2.5741531640,-0.7981868138,5.090,-0.098
2.9817072707,-1.1336736281,5.090,-0.061
3.2114194847,0.2600378363,5.090,0.068
4.1506542776,-0.0539393401,5.090,0.135
4.2369378066,-0.5134098967,5.090,1.131
4.6636031623,0.4472034194,5.090,1.141
4.8097332174,-0.6746900727,5.090,1.498
5.2584946765,0.3489100028,5.090,1.058
5.6731270059,0.7552709781,5.090,1.601
5.7293172739,0.4524790444,5.090,-0.155
5.7859085954,0.7856485874,5.090,1.568
5.8469630209,-1.4039384328,5.090,1.276
6.0327574146,0.7462642957,5.090,0.094
6.1220745552,0.2149182765,5.090,1.315
6.2106348241,0.1803193226,5.090,1.692
0.7735649921,0.5573572584,5.100,-0.007
0.8846814650,0.3620173958,5.100,1.231
1.0910328682,1.4084576903,5.100,0.589
1.1513228273,0.1651250349,5.100,0.074
1.5266933505,-1.1676459840,5.100,-0.128
3.0925114503,-0.4668716856,5.100,1.594
3.4770690278,-0.5498868621,5.100,0.959
3.7707362030,0.1015804413,5.100,0.124
4.1941948338,0.3109896987,5.100,0.992
4.3924123222,-1.1712850609,5.100,-0.080
4.5562611706,-0.7707823490,5.100,-0.052
4.7511398835,0.3498553080,5.100,0.176
5.0550913078,0.0189390721,5.100,1.143
5.6703758968,0.0391574804,5.100,1.034
5.6941551818,-0.1585182800,5.100,1.108
6.0217569503,0.9938842649,5.100,1.011
6.2487634214,-1.4314984290,5.100,0.934
0.3909633993,-0.3775031784,5.110,0.028
1.0194862891,-0.6061929424,5.110,-0.133
1.3470814155,-0.0777754890,5.110,0.455
1.8051245012,1.2023278147,5.110,-0.114
1.9139125484,-0.6412817007,5.110,-0.170
2.6078910553,0.7165559810,5.110,0.481
2.9171725591,-1.0811821599,5.110,0.195
3.5174010999,-0.6938575169,5.110,1.181
4.1691267505,-1.1973482490,5.110,1.108
4.8181115170,0.6895313936,5.110,0.047
4.9034255695,-0.6688702317,5.110,0.075
5.0141693892,1.3362328379,5.110,0.308
5.4106987667,-1.0567775282,5.110,0.544
5.4475436228,-0.7677449234,5.110,0.361
5.7449798590,1.1104754600,5.110,1.547
5.8313312388,-0.7265321350,5.110,0.930
5.9281488097,0.9912707716,5.110,1.537
5.9519713046,0.7298833349,5.110,0.960
0.4990216501,-0.7417116972,5.120,-0.060
0.8011687563,-1.0426208643,5.120,0.349
1.3384968293,-0.0812479240,5.120,-0.059
1.8796824177,-0.8540262243,5.120,1.251
1.9287801453,0.6415932273,5.120,1.082
2.0232659681,-0.7144286378,5.120,1.104
2.0581786904,0.0308376716,5.120,-0.116
2.4276828753,-0.7725828133,5.120,1.636
2.5034236448,-0.8552998525,5.120,-0.114
2.8010125546,1.1469654517,5.120,1.207
2.8517574421,0.9526902110,5.120,1.355
3.0186053714,-1.0387440066,5.120,0.432
3.2976215923,-0.7159679999,5.120,0.224
3.3451242644,0.2893352967,5.120,1.346
4.6432090881,-0.9046748877,5.120,0.694
4.8040929281,0.5038757476,5.120,0.212
4.8495643369,-0.3211876621,5.120,0.016
4.8652792449,-0.1915883918,5.120,0.926
5.1083893133,0.4880861504,5.120,-0.095
5.1274324324,-0.1843145150,5.120,1.122
5.1968371259,0.1817887289,5.120,0.563
5.3839821868,-0.7769516082,5.120,0.999
5.8538029489,-0.3769602236,5.120,1.057
6.0366434831,-0.6064916495,5.120,0.305
0.0079593118,-0.0528399088,5.130,-0.128
0.0630956771,-0.1357959019,5.130,1.601
0.3394633277,0.0630843320,5.130,0.071
0.6458955093,-0.5901139538,5.130,0.089
0.8930674816,1.1272382875,5.130,2.038
1.4629106530,-0.0940679385,5.130,0.020
2.1819423833,0.4750385986,5.130,0.487
2.2074609857,0.1320255290,5.130,0.934
3.0233562849,-0.5425744425,5.130,1.581
3.6997891846,0.7654045855,5.130,1.493
3.9502008984,-0.7167584786,5.130,1.011
4.0780577263,-0.4895122014,5.130,1.306
4.2553545762,-0.8267977434,5.130,-0.114
4.5417981017,0.4275958080,5.130,0.000
5.0251337280,0.9923804682,5.130,1.008
5.5183701457,-1.3443183375,5.130,0.490
6.2785134365,-0.9205879958,5.130,1.121
0.1604575411,0.7764723197,5.140,1.587
0.3246340832,-0.1382793947,5.140,0.448
0.9180772962,0.1978582409,5.140,-0.041
1.0015784141,0.5775535717,5.140,0.057
1.4238448483,-1.0282174502,5.140,0.986
1.5858764042,0.3436651203,5.140,-0.097
1.7885709952,-0.8135775524,5.140,0.460
1.7931140845,1.1793527313,5.140,-0.152
1.8363403550,-0.8971443455,5.140,1.652
1.8484543519,0.1911452588,5.140,1.391
1.8513816642,-0.9904695381,5.140,-0.032
1.9952524874,-0.0717501254,5.140,0.442
2.0398772471,0.5832139345,5.140,1.635
2.0850665635,-0.7954803809,5.140,1.263
2.1165381828,0.2289560480,5.140,0.018
2.1537477296,-0.8201586294,5.140,-0.139
2.8228869755,-0.9905998766,5.140,-0.080
3.0045179068,-0.7448053430,5.140,-0.028
3.0412848351,-1.0695978416,5.140,1.105
3.1948193257,1.3546589651,5.140,0.358
3.2329106621,-0.2367665493,5.140,1.048
3.4829878497,0.8671155668,5.140,-0.049
3.7504565636,-0.0395407518,5.140,1.023
4.0807917310,0.6808541121,5.140,1.650
4.1752271996,-0.5928208711,5.140,0.129
4.5291790014,-0.4238863962,5.140,1.046
4.9681176539,-1.0506978016,5.140,1.355
5.0340170032,0.0400327466,5.140,-0.071
5.0853512830,0.3455466613,5.140,0.999
5.2067079868,1.0039741541,5.140,-0.125
5.3173688082,0.6105646054,5.140,0.660
5.4190341171,-1.1651937074,5.140,-0.061
0.3102881369,0.5484651141,5.150,0.261
0.5310443350,-0.7803979497,5.150,1.471
0.6636733586,0.6308888980,5.150,1.472
1.6480070642,-0.2934929642,5.150,1.293
2.0361648713,0.6548020527,5.150,1.588
2.2849467950,-0.8695719352,5.150,-0.197
2.3210576699,0.7631731897,5.150,0.971
2.3928114719,1.1671581272,5.150,1.514
2.5436154229,1.2610460808,5.150,1.029
2.6769469188,-1.1584240899,5.150,0.217
2.9115515734,-0.7441853758,5.150,0.029
3.0461330082,-1.0790770930,5.150,-0.040
3.1575553958,-0.7406140004,5.150,0.417
3.2381216031,-1.1784830539,5.150,0.195
3.4378486340,-0.1874554829,5.150,1.138
3.6082030486,-0.6327155838,5.150,-0.007
3.8659107902,-0.4440672739,5.150,0.315
3.8863525947,-0.2792044528,5.150,0.401
3.9908504217,1.1754220462,5.150,0.550
3.9970967287,-0.7241572646,5.150,0.564
4.0519445409,0.0321503817,5.150,0.245
4.3887679387,0.1497949117,5.150,1.535
5.2356383454,0.6465203138,5.150,-0.133
5.4079675134,0.0084900603,5.150,1.060
5.4107348578,-0.3165793186,5.150,1.647
5.4395268932,0.2814192199,5.150,0.495
6.0725960252,0.1521947278,5.150,0.139
0.0921577400,0.6626771360,5.160,0.442
0.6211506323,0.9746905245,5.160,0.369
0.7706664404,-0.0647922043,5.160,0.084
0.8666820674,0.8765422962,5.160,-0.073
1.5310333567,-0.9094713973,5.160,0.960
1.7077351649,-0.2162803741,5.160,1.262
2.0584924988,-0.2425663591,5.160,0.600
2.1610040101,-1.0980851265,5.160,0.086
2.3970303646,0.3847656093,5.160,0.970
2.7714127260,0.9962799543,5.160,0.349
3.6420764887,-0.0262344753,5.160,1.093
3.9479427130,-1.1175578813,5.160,0.935
4.0395206943,0.2692700264,5.160,1.650
4.0772719261,-0.1602808465,5.160,-0.090
4.8535661406,-0.6929655399,5.160,0.079
5.5976790559,0.1188768270,5.160,0.064
5.6790731471,-0.2451770559,5.160,0.672
5.9882298129,0.1716647288,5.160,0.487
0.1325472477,-0.4151733424,5.170,0.128
0.2187183562,-0.1857785287,5.170,0.514
0.2977907576,0.9585407671,5.170,0.704
0.6895556780,1.2709182451,5.170,0.896
0.7197723125,0.2172195067,5.170,0.234
1.1505248502,-0.0653707886,5.170,0.072
2.0493946740,-0.3006924395,5.170,1.282
2.3512768017,-0.8244008220,5.170,0.268
2.3535967903,-1.0312053086,5.170,0.417
3.1242087984,-0.2993384281,5.170,-0.022
3.1757745098,-1.3154026260,5.170,1.278
3.2476595064,0.4555065993,5.170,0.082
3.3216491477,-0.2271354226,5.170,0.432
3.3906193749,-0.8935867947,5.170,-0.066
4.6831566280,0.6982706183,5.170,1.166
5.0018185574,-0.9135212139,5.170,0.532
5.0831398871,0.2084693773,5.170,0.761
5.0882984480,0.6338668654,5.170,-0.120
5.1340313945,0.7800737905,5.170,0.928
5.5206395204,-0.9551670649,5.170,1.201
5.5659931119,-0.3604400900,5.170,1.161
6.2454670844,-0.3300271560,5.170,-0.122
3.4469526431,0.3059383596,5.170,0.650
0.0938983811,-0.5058220523,5.180,1.006
0.1231645526,0.7748293557,5.180,0.043
0.4491149263,1.2325955982,5.180,-0.022
1.0760253628,0.4817091833,5.180,-0.124
1.2862274481,0.1994214332,5.180,0.121
1.3600160698,0.2800498241,5.180,1.525
1.4480957037,-1.3324011743,5.180,1.130
1.4823807306,0.4519895048,5.180,-0.150
1.5097021407,-0.5638536586,5.180,-0.274
1.8319093746,-1.1853655395,5.180,1.396
1.9402379957,-0.2827690418,5.180,-0.035
2.1875552959,-0.6367690069,5.180,-0.187
2.2057566063,-0.9028137069,5.180,-0.164
2.2687540351,-0.9259797134,5.180,-0.147
2.4187751632,1.0720391283,5.180,0.605
2.8080137599,0.8064097797,5.180,0.324
2.9552351424,0.0350908184,5.180,1.511
2.9920310786,-1.1165303174,5.180,0.495
3.7178449720,1.2118265749,5.180,1.595
3.9076928731,-1.0491900898,5.180,1.161
4.9421636462,-0.9094451733,5.180,0.962
5.1452045512,0.0942089146,5.180,-0.001
5.1948266186,0.6758337113,5.180,1.665
5.3036366228,0.4103078067,5.180,1.016
5.3734617028,1.3082048963,5.180,0.100
5.6857082197,1.2622235781,5.180,1.063
6.2276251274,-0.8766171106,5.180,-0.164
0.6219579714,-0.4156733052,5.190,0.608
0.6301299110,0.8727788767,5.190,0.979
1.3420140902,-1.1065331399,5.190,1.646
1.5892314694,-0.1170931164,5.190,-0.066
1.6896068030,0.0052228320,5.190,1.186
2.0927620677,-1.0574436999,5.190,1.758
2.2649384519,-1.2284804451,5.190,0.013
2.3119431121,-0.5721280936,5.190,0.876
2.7466175307,-0.0478059293,5.190,-0.050
3.0370677567,1.2099137670,5.190,0.974
3.4765881077,0.1644825597,5.190,0.585
3.9559048894,-0.2837349966,5.190,1.589
4.1306109538,1.0925683795,5.190,0.062
4.3232799498,-1.0757075574,5.190,1.236
4.5640387813,-0.8837214556,5.190,1.055
5.2981307907,0.5008190396,5.190,0.191
5.4786386679,0.2394859792,5.190,1.119
5.5823058705,1.1322274633,5.190,-0.045
5.9282328838,1.1097583878,5.190,0.083
6.1202275825,-0.2624859581,5.190,0.203
0.1314350119,0.5192626204,5.200,0.271
0.1537983223,-0.0627070001,5.200,0.567
1.1201446863,0.9357024107,5.200,0.052
1.1963961949,-0.1436642008,5.200,1.708
1.5488216308,1.0452491902,5.200,0.010
1.6355829449,0.3343430917,5.200,0.430
1.6994065426,-0.9922679521,5.200,1.087
1.7558249757,0.3079686349,5.200,0.063
1.8431244730,0.4226392540,5.200,0.953
1.8502524315,-0.7389249257,5.200,0.198
1.9020424275,1.0408701541,5.200,1.081
1.9536317886,0.3742901750,5.200,0.455
2.1362768958,-0.7700876633,5.200,-0.173
2.2703231584,-0.7027371811,5.200,-0.027
2.2774299637,-0.7925664720,5.200,0.171
3.0618855800,-0.5672215967,5.200,1.475
3.2313059662,-0.3877406215,5.200,-0.090
3.4284404910,0.6248086486,5.200,-0.059
3.6587299933,-0.4358479605,5.200,-0.086
4.2863413542,0.5899047364,5.200,1.631
4.8311083350,0.0034227381,5.200,0.487
4.9207095753,-0.7052206478,5.200,0.781
4.9612138641,0.5742355506,5.200,0.594
5.0065909336,0.5672623439,5.200,0.367
5.5257617276,-0.5644677125,5.200,1.104
5.5278401643,0.6763048804,5.200,1.069
6.1047736728,-0.2348960374,5.200,0.787
0.2958221272,-0.7240832810,5.210,0.159
0.3217139944,0.1322148645,5.210,0.320
0.7010114197,-0.9520755607,5.210,0.411
1.0777744461,0.5061681629,5.210,0.359
1.5656746477,0.0096513112,5.210,0.009
1.6762666291,-0.2012379951,5.210,1.230
1.6877970878,1.0195761289,5.210,1.538
1.7537931253,-0.1600036975,5.210,1.525
2.9910193249,-0.6294191750,5.210,0.979
3.4731150304,-0.3480728088,5.210,1.011
3.5472415808,-0.1774127163,5.210,0.964
4.1464330160,0.0383363159,5.210,1.019
4.5521151755,-0.8284763199,5.210,-0.097
5.9109667835,-0.3614265461,5.210,0.446
0.1952149862,-0.3840795145,5.220,0.350
0.5477112739,1.3284584138,5.220,0.954
0.7797314305,-0.0485703628,5.220,0.014
1.1109190973,0.1747320049,5.220,-0.085
1.2112680897,-0.0431715607,5.220,0.283
1.3357918217,1.0292620606,5.220,-0.080
1.4041474153,0.7296274323,5.220,-0.129
1.7095717220,0.2014879966,5.220,0.185
1.7787506803,0.8515370025,5.220,1.131
1.8410594323,-0.0998688799,5.220,1.687
1.9549196356,0.1211601964,5.220,0.221
2.0399632056,-0.8134716098,5.220,-0.151
2.0920955887,-0.6858610560,5.220,0.400
2.3441916134,0.2674326491,5.220,0.149
2.9354433161,-1.1199737615,5.220,-0.082
2.9958159413,-1.0666608845,5.220,-0.077
3.1508182784,0.7512874557,5.220,0.283
3.3406371611,0.1339247992,5.220,0.322
3.7518475671,-1.0694150986,5.220,0.281
3.8703621604,-0.9142648591,5.220,0.984
4.3972420363,0.0915729916,5.220,-0.001
4.9291084198,-0.3547321660,5.220,1.404
4.9300401141,0.5681231307,5.220,0.100
5.0738818566,0.4583654033,5.220,-0.119
5.2424263816,1.1313394239,5.220,1.598
5.6262825201,0.8122864369,5.220,0.965
6.1579117566,0.6848008430,5.220,1.029
0.3539651763,0.5015763334,5.230,1.396
0.5794550283,0.3702016657,5.230,0.457
0.8140137260,-0.1062653258,5.230,1.575
1.7648527350,-0.5422829203,5.230,-0.127
1.9379313389,0.7098671075,5.230,1.249
2.1368033923,-0.8366618538,5.230,-0.199
2.3372634855,0.4874265034,5.230,1.000
2.3542061695,0.5658105968,5.230,0.913
2.3637986397,-0.9108643900,5.230,-0.120
2.3899966023,0.1861950575,5.230,-0.092
2.6130697015,-0.6264156432,5.230,0.300
2.8208593867,-1.1216051524,5.230,-0.077
2.8513973792,-0.3514871665,5.230,0.480
3.3836518106,1.1421168202,5.230,0.303
3.8735257555,-0.4553127733,5.230,0.938
4.1130373057,-0.6531883464,5.230,0.987
4.2528499890,0.5909442734,5.230,0.599
4.4137720403,-0.7196085687,5.230,0.047
4.4270053816,-0.1074072493,5.230,1.100
4.6032631768,1.0799146876,5.230,0.602
5.0134518844,0.1059974537,5.230,0.346
5.2448181228,0.4352509610,5.230,0.374
0.0511953526,-0.6131886116,5.240,0.459
0.2211597441,-0.8898878070,5.240,0.356
0.4472241507,0.3537521359,5.240,0.836
0.7891944145,0.9137103042,5.240,-0.049
0.8648043479,-1.0909418393,5.240,0.600
0.9437440037,-0.3048577854,5.240,-0.117
0.9796031356,-0.0202997711,5.240,-0.088
0.9933576571,-0.4166917149,5.240,0.075
1.0049413829,0.4464440854,5.240,0.231
1.1427009073,-1.1063012280,5.240,0.955
1.1964065144,-0.1565605298,5.240,1.465
1.4113776008,1.0043391627,5.240,-0.011
1.4645846189,-0.0847543505,5.240,0.269
1.7747336001,0.7605695803,5.240,0.575
1.9135727389,-0.6843485748,5.240,0.026
1.9726546681,0.0334139952,5.240,0.230
2.2596308546,-0.4582361908,5.240,-0.030
2.4190619860,-0.7544620741,5.240,-0.137
2.4290428110,-0.1108832889,5.240,1.172
3.0476072250,0.1419702904,5.240,1.499
3.4530787038,-0.7569240420,5.240,1.049
3.9543849568,0.9521873774,5.240,0.958
4.2492153162,-0.2066076559,5.240,1.394
4.3097601607,-0.1326088778,5.240,1.721
4.3221298612,0.3574292592,5.240,1.274
4.8184352851,-0.7698692016,5.240,-0.163
5.2233557210,-1.0280225168,5.240,0.014
5.4073440114,-0.2610098020,5.240,-0.129
5.4937954742,0.0749550899,5.240,0.457
5.6810970354,-0.4060134592,5.240,0.991
5.8111212402,0.9920339278,5.240,0.534
5.9670718386,-0.3423179706,5.240,0.941
6.2142504868,-0.3189927405,5.240,-0.084
4.7257936895,-0.1427977420,5.240,0.380
0.4456845103,-0.5642120672,5.250,1.044
0.5931418866,0.5822225525,5.250,-0.004
0.7375050241,-1.0961805909,5.250,0.101
1.4115464074,-0.2430781490,5.250,-0.219
1.7119771595,-0.6579315642,5.250,0.982
1.7357013782,-0.5644348505,5.250,1.177
2.0344867495,0.1879414488,5.250,0.018
2.1130257857,-0.5702833417,5.250,1.882
2.6949194860,-0.1408291231,5.250,0.336
2.7536186378,1.4409191767,5.250,0.399
4.0920397794,0.7043002670,5.250,0.886
4.6167985515,-0.9512120107,5.250,0.195
4.7227917615,0.3636154659,5.250,-0.100
4.8119482264,0.3111331473,5.250,1.250
4.9121389696,1.2930368217,5.250,0.953
5.0060500089,0.6300666014,5.250,-0.109
5.5547311770,-0.6880946941,5.250,0.460
5.9405663362,0.7020665237,5.250,-0.137
6.0368656562,1.1730219964,5.250,1.248
0.7386785928,0.3048096922,5.260,-0.066
0.8040524866,-0.1326599804,5.260,0.193
1.1371044170,0.2634653622,5.260,0.225
1.1373982221,1.1369151776,5.260,0.820
1.5184534788,0.1126462762,5.260,0.234
1.7243897746,0.4890816374,5.260,-0.008
2.4185903998,-0.9698729981,5.260,0.980
2.4351617712,-0.8910055769,5.260,-0.062
2.6102399696,0.2172027393,5.260,-0.035
2.6560130474,-1.1486960874,5.260,0.973
2.8471300588,-0.9990335400,5.260,0.130
3.0365511412,-0.8315035249,5.260,0.257
3.0577492075,0.3726754348,5.260,0.984
3.1185060389,-0.4487919986,5.260,0.883
3.6306395012,-0.9217350794,5.260,-0.084
3.7013576492,0.8632078571,5.260,1.637
4.0552922433,-0.8156395559,5.260,1.731
4.0862215018,0.1747105300,5.260,0.925
4.2839637741,1.2061864218,5.260,1.115
4.9731323399,0.4578069214,5.260,1.228
5.7765272299,1.1016504347,5.260,1.557
0.3931428581,0.8204316978,5.270,0.999
0.5459342203,1.3488138474,5.270,0.345
0.5799197479,-0.5362319067,5.270,-0.013
0.6610504051,0.0395697838,5.270,1.271
0.6617852726,-1.3807191806,5.270,0.981
0.8780186807,0.3690862783,5.270,-0.067
1.1580994223,0.3874630587,5.270,0.250
1.6568118512,-0.1365355103,5.270,-0.177
1.7774288352,-0.6619981154,5.270,-0.078
1.9792384119,0.2762273556,5.270,0.055
2.2482435065,-1.0162133286,5.270,-0.133
2.5993045736,0.8695202880,5.270,0.086
2.6763793889,-0.8941840254,5.270,0.257
2.7439912105,-1.1200175339,5.270,1.856
3.0845506671,0.9708950729,5.270,1.276
3.3285083199,-1.1005806162,5.270,0.195
3.5199778143,-0.2217905792,5.270,1.477
3.9022747545,-0.4300875590,5.270,1.336
4.2780101762,-1.3730068162,5.270,1.413
4.4575971394,0.5858768316,5.270,0.028
4.4643129642,-0.9291614157,5.270,0.498
4.9702424768,0.2377530247,5.270,0.573
5.3098213703,0.7045034608,5.270,1.650
5.7199012490,-1.4437172302,5.270,0.756
5.7814386260,1.0958166877,5.270,1.413
5.8170518136,1.5028673194,5.270,-0.030
6.2066688088,-0.2696190344,5.270,1.344
0.4298552640,1.2747891798,5.280,0.972
1.0323979341,0.8848013093,5.280,0.425
1.0538916261,-0.0270466650,5.280,-0.133
1.2407208378,-1.0425328624,5.280,0.206
1.3430599383,0.3563679349,5.280,0.118
1.4736848164,-0.5007295577,5.280,0.486
1.5171934003,0.2425937751,5.280,-0.156
1.6043675596,-0.3345074700,5.280,1.661
1.7009024320,-0.8768374417,5.280,0.371
1.7752246988,-0.2517806876,5.280,-0.024
1.7957289888,0.3798036773,5.280,-0.020
2.1907157329,-1.2810714173,5.280,0.014
2.3005610753,-0.0331094663,5.280,0.058
2.4252654535,0.9903243654,5.280,1.568
2.4322037043,-1.3071523479,5.280,0.021
2.5235845394,0.7023168831,5.280,0.223
3.0793410668,-0.7974432684,5.280,-0.118
3.1453131222,-0.3431139662,5.280,-0.192
3.2280384199,0.8549346713,5.280,1.623
3.9901982239,0.5090129664,5.280,0.062
4.3107672470,-1.1180219937,5.280,0.383
4.3546301379,0.9776555994,5.280,1.055
4.5678160582,-0.8001118100,5.280,-0.058
4.8605795097,-0.5762476757,5.280,-0.115
5.0519281296,0.2023782904,5.280,0.196
5.1599211565,0.2064128100,5.280,0.575
5.2195708594,0.1993815419,5.280,0.014
5.3206074117,-0.3336813534,5.280,1.394
5.8668624975,-1.2610948460,5.280,0.660
6.2221656157,-0.3259985312,5.280,0.299
0.0437973202,-1.4350803420,5.290,1.049
0.0530859466,-0.3130820064,5.290,1.478
0.4609667223,-0.4372505284,5.290,0.395
0.5219996420,1.1278597203,5.290,0.002
0.6062832181,0.4999089673,5.290,0.037
0.6193466061,0.0069058391,5.290,1.648
0.6464977117,0.5178275020,5.290,0.311
1.1063281277,0.1346703888,5.290,0.366
1.1611022557,0.5487125131,5.290,0.986
1.2566550662,0.9905997225,5.290,0.246
1.3961923999,-0.2149475099,5.290,-0.104
1.4933614377,-0.6050674638,5.290,-0.032
1.5482596439,-0.9186624417,5.290,0.295
1.8141917976,-0.4004036507,5.290,-0.163
1.9148643184,-0.4640106938,5.290,0.956
2.5825809130,0.4257795180,5.290,0.229
3.2677440287,0.4522645777,5.290,-0.056
3.7299758205,0.1762889058,5.290,1.007
4.7787774560,-0.3617765545,5.290,0.007
4.9514719546,-1.5290104112,5.290,1.304
5.6149862693,0.8523344788,5.290,0.108
5.6378405273,-0.7187145495,5.290,1.109
5.6988173498,0.4005335113,5.290,1.381
5.7804884515,-0.0158186759,5.290,0.231
0.1794188984,0.6886836049,5.300,0.891
0.6868110401,-0.9170498465,5.300,0.289
0.7011184567,0.4723025473,5.300,0.081
0.9269351524,0.8038438784,5.300,0.398
1.2338340121,-0.8810654860,5.300,0.977
1.2344073180,0.7568644361,5.300,0.028
1.3208508358,-1.2446693389,5.300,0.996
1.7714651735,-0.2582411369,5.300,0.075
1.8861053324,-0.7068375493,5.300,0.072
2.0250848446,0.4500184682,5.300,1.535
2.0871703689,0.0388295046,5.300,0.933
2.1282730081,0.3766737460,5.300,0.642
2.3097779078,-0.0600920935,5.300,-0.080
2.4164238598,0.7542933331,5.300,-0.130
2.5338237033,-1.0120039109,5.300,0.195
2.6620553069,-0.2236800575,5.300,0.368
3.0066300535,0.6865597208,5.300,0.019
4.5525161677,-0.4911850682,5.300,1.549
4.7960687453,0.4266642235,5.300,1.508
5.1518761026,-0.2843711645,5.300,1.109
5.2353582226,-0.6055908356,5.300,0.170
5.3092250353,0.4305919531,5.300,0.951
5.3371218483,0.0932527183,5.300,0.983
5.4902495897,0.3896605959,5.300,1.419
5.4937493742,0.0749353869,5.300,0.464
5.5351389130,-0.3698993092,5.300,0.000
5.6171506176,0.6478103388,5.300,-0.140
5.6821703735,0.0991370988,5.300,1.653
6.0547850175,0.8096099086,5.300,1.409
6.1986938193,-0.5597816293,5.300,0.965
6.2509770520,0.1910667751,5.300,0.186
0.5829561404,0.8912666629,5.310,0.926
0.6077245596,0.8269365289,5.310,0.006
1.5117002449,-0.8132742193,5.310,1.040
2.0248860749,0.8802357515,5.310,-0.001
2.3293307627,-0.8293940347,5.310,0.275
2.4301587275,-0.6876865823,5.310,1.166
2.9490173661,0.2322610527,5.310,1.189
3.0589089132,0.5969311474,5.310,0.723
3.0888619395,0.1439180140,5.310,0.038
3.2028759852,-0.7980329389,5.310,1.400
3.4652711967,-0.3478606406,5.310,0.862
4.3270907656,-0.7298468570,5.310,0.299
4.5832198978,-0.0185514824,5.310,0.715
5.0172916457,-1.1942319007,5.310,0.901
5.5664979906,-0.2647926303,5.310,1.639
5.8684003899,-1.0087551949,5.310,0.665
0.3082895818,1.2004133863,5.320,-0.014
0.7971991060,-0.1341367866,5.320,0.941
0.8867136861,0.8589335862,5.320,-0.076
1.0635312522,0.0948695419,5.320,-0.080
1.2096348607,0.0174238685,5.320,-0.107
1.4585696879,0.0657447219,5.320,0.051
2.0465204508,-0.4348000460,5.320,0.751
2.2037502206,-0.4196855788,5.320,1.476
2.8329188126,0.1840484963,5.320,0.035
3.0651182609,1.1649183691,5.320,1.267
3.2445252875,-0.6180678167,5.320,-0.066
3.5134965494,-1.1254780841,5.320,0.411
3.8803797959,-0.2469470154,5.320,0.066
3.9084252946,-0.5908949171,5.320,0.046
3.9932662758,0.0862081249,5.320,1.092
4.2868194474,-0.8652008014,5.320,-0.047
4.5049718101,0.1847460271,5.320,1.593
5.2003976721,-0.6959389962,5.320,-0.045
5.2441636354,-1.1683926204,5.320,1.218
5.2848478598,-0.6300850146,5.320,0.868
5.5107286361,-0.6742459469,5.320,0.424
5.9794076714,-1.3984249103,5.320,-0.126
0.2865942183,0.3747777155,5.330,0.003
1.1313138365,-0.7726209429,5.330,1.066
1.2801097436,0.0437767853,5.330,1.632
1.2862917458,0.1357708597,5.330,1.214
1.3433867250,0.1483255644,5.330,0.338
2.1262502735,-0.3587409400,5.330,0.100
2.1808605615,-1.2481705767,5.330,-0.063
2.2212771624,-0.8365175139,5.330,-0.140
2.2322566096,0.3158072112,5.330,1.567
2.2371120319,0.3567655753,5.330,1.252
2.8199116855,-1.1259914755,5.330,-0.096
3.4787050342,0.2386868856,5.330,1.304
4.8122419483,-0.6400044807,5.330,-0.121
4.9665341734,0.3030050756,5.330,0.731
5.1837119047,-0.9837131447,5.330,0.196
5.2362283384,0.3057207906,5.330,1.576
5.8219843068,-0.3678205686,5.330,0.812
6.1674185757,0.3926776955,5.330,1.481
0.5290335077,-0.5236307180,5.340,0.883
0.7579532911,0.6691153978,5.340,0.423
0.9846887593,0.1055922638,5.340,-0.099
1.1327699029,0.3800191092,5.340,-0.107
1.3927159435,0.0453053690,5.340,0.412
1.4516305709,-0.0277826936,5.340,-0.188
1.4529534391,-1.1209816459,5.340,1.039
1.6380735233,0.2817515569,5.340,-0.101
1.6657801274,0.9329165153,5.340,0.448
1.7401791969,0.6964310294,5.340,-0.075
1.7751091177,0.9977903545,5.340,0.964
1.8024200842,1.0375728146,5.340,0.675
1.9859521497,0.5403700673,5.340,1.010
2.1503029375,1.1950980055,5.340,1.037
2.3150872386,-1.1657574328,5.340,0.423
2.4616159065,-1.4099969776,5.340,0.454
2.7204825942,-0.6633968437,5.340,0.251
3.1618765765,-1.1925644915,5.340,-0.012
3.1775695781,-0.8498442244,5.340,-0.010
3.3857305218,-0.9919719491,5.340,0.010
3.7734476117,-0.4329517925,5.340,0.962
4.1093351663,0.2242316570,5.340,0.033
4.4199057613,0.5532985856,5.340,0.319
5.1255417676,0.7402379181,5.340,0.060
5.4701656979,-0.6948132110,5.340,1.318
5.7165857712,0.3016950208,5.340,0.394
5.8154241396,0.6039640664,5.340,1.134
5.8328935961,-0.2239508083,5.340,1.132
6.0086231488,0.8496972777,5.340,-0.102
0.2213360798,1.1213312749,5.350,0.528
0.2444544785,-0.1966379788,5.350,1.505
0.3763557431,0.3346205560,5.350,0.395
1.2480369586,0.2043011032,5.350,0.197
1.5995285125,0.6716488454,5.350,0.251
1.6143571910,1.0286219102,5.350,1.096
1.9405047455,-0.5551701227,5.350,1.071
1.9631987713,0.8669480210,5.350,0.470
2.2733687154,0.7999543825,5.350,0.993
2.4972226436,-0.7094647314,5.350,0.897
3.5912849168,0.0617480473,5.350,1.091
4.0187657509,0.0124849803,5.350,1.191
4.1653633485,0.7529100299,5.350,1.645
4.2242479522,-0.4594872262,5.350,1.643
4.3184047819,-0.8070965946,5.350,0.488
4.4303852825,0.3217202507,5.350,1.407
4.6104067989,0.8479792905,5.350,1.142
4.9579682044,-0.7454419150,5.350,0.998
5.0295088313,-0.1385707285,5.350,0.094
5.8477195742,-0.1365039807,5.350,-0.048
6.1170104667,0.5552322501,5.350,-0.101
6.1921618430,0.8808979167,5.350,-0.061
0.1742108023,0.3741723256,5.360,1.160
0.2031096947,0.2700985051,5.360,1.559
0.2936964183,-1.0781821928,5.360,0.884
0.6322421017,-1.0526420609,5.360,0.395
0.6639102191,-0.0180623439,5.360,1.004
1.0653689608,0.0493395349,5.360,0.505
1.2215889951,0.9332802704,5.360,0.331
1.4552734597,-0.0201772768,5.360,-0.175
1.5331251238,-0.1312139036,5.360,-0.195
1.6268691697,1.1470028421,5.360,1.344
1.6530146351,-0.1638867361,5.360,1.239
1.8951412290,0.0543044173,5.360,1.193
1.8995780051,-0.5355795301,5.360,-0.155
2.0314940941,-0.5964202519,5.360,0.589
2.0811453623,-0.7592253977,5.360,-0.166
2.1447918207,-0.1356563972,5.360,0.892
2.4226517957,0.2607784869,5.360,1.319
2.5470102087,0.2447246920,5.360,1.610
2.8042037811,-1.0335099626,5.360,0.213
2.8181174442,0.5355073906,5.360,-0.050
3.1413681097,0.0637952194,5.360,-0.001
3.5038296325,-0.3095389192,5.360,0.987
3.8627981607,-1.0973870751,5.360,0.308
4.0349840489,-0.6930749317,5.360,-0.093
4.0967645429,-0.3368815663,5.360,0.883
4.5385712130,0.4457152527,5.360,0.063
4.7871133796,-0.9777919401,5.360,-0.050
4.9596800069,-0.6517625065,5.360,-0.147
5.4435030444,1.4059021862,5.360,1.144
5.8392491054,-0.9359689996,5.360,0.614
6.2027903424,-0.3146318472,5.360,1.580
0.4624584694,-0.1000649465,5.370,1.517
1.3212651282,-0.8578538860,5.370,0.421
1.4636861415,0.4195699742,5.370,-0.092
1.5997932480,-0.0731962473,5.370,-0.122
1.6391931877,1.0471796690,5.370,1.339
1.6819624009,-1.2163251689,5.370,0.971
1.9350603785,-0.4858000666,5.370,1.539
1.9415464070,0.2036716085,5.370,0.105
2.0952496714,1.2901110644,5.370,1.424
2.6224089449,0.5571731853,5.370,0.676
2.9345593464,-0.8569740474,5.370,0.175
3.2723003581,1.0193725039,5.370,0.205
3.4030425626,1.1623416670,5.370,1.282
3.9177636478,-1.3380157487,5.370,1.442
4.2640824399,1.0429218993,5.370,1.551
4.2936028595,-0.6840465483,5.370,0.625
4.7248315903,-0.4238090119,5.370,0.495
4.8480042802,-0.5757686639,5.370,0.182
4.9146004292,-0.3908171986,5.370,1.591
4.9147203939,1.3165710399,5.370,0.049
5.8029072900,-0.5936731639,5.370,0.241
5.8120929328,1.0604462573,5.370,1.184
5.8488584284,0.1010458011,5.370,-0.037
6.0417192947,-0.9418652734,5.370,1.453
0.0898743921,0.1429472008,5.380,1.343
0.1081738009,1.0791555321,5.380,0.008
0.1422065626,0.3542026405,5.380,1.069
0.1853196904,-1.1426326776,5.380,0.515
0.6797191213,0.6054121030,5.380,1.652
1.0585963601,-0.0046935924,5.380,0.516
1.1373010745,-0.3602293568,5.380,-0.027
1.1457317341,0.4473159175,5.380,-0.041
1.2178148612,0.1373744536,5.380,0.257
1.3919020578,0.5890205871,5.380,-0.167
1.9226845244,-0.9090708685,5.380,-0.069
2.0754797747,0.3470407411,5.380,-0.035
2.4316317475,-1.1988604069,5.380,0.415
2.4774062401,-0.1059622053,5.380,0.642
3.2411818864,-1.0066383992,5.380,-0.098
3.2615016768,-1.0296003785,5.380,1.543
3.3563978868,1.4558297565,5.380,0.033
3.5867318872,-1.0260280703,5.380,-0.029
3.7976155969,-0.8642699062,5.380,0.056
3.9107913284,-0.9217004849,5.380,0.142
4.0221534806,0.5748014061,5.380,-0.051
4.1621677679,-0.4281843693,5.380,-0.011
4.5407323888,0.5666690206,5.380,0.619
4.8419054800,-0.0346501573,5.380,0.961
4.8605017397,0.9137412425,5.380,1.091
4.8714926382,0.1592175077,5.380,0.387
4.9195704896,-0.0995735983,5.380,1.280
5.0455827099,-0.7935319766,5.380,1.349
5.1957567547,-0.1878587163,5.380,0.402
5.2637529134,0.6278380075,5.380,0.850
5.3592133844,1.4210943488,5.380,1.010
5.5029450235,0.8055702105,5.380,-0.206
5.6032045618,-0.3639337639,5.380,1.176
5.8082993864,0.8870355404,5.380,0.152
0.2741032622,-0.8097858461,5.390,0.900
0.7413415587,-0.4876795767,5.390,0.013
1.0296110383,0.8355138953,5.390,-0.073
1.0944569200,0.4621797956,5.390,0.352
1.2410619752,0.1945367816,5.390,0.251
1.3083026028,-0.1791288131,5.390,0.797
1.6454542153,0.1735274487,5.390,0.106
1.7753402523,-0.8947546822,5.390,1.330
1.7844346562,-0.2643253252,5.390,-0.096
2.1152783213,1.3871809159,5.390,-0.040
2.4938149666,0.6126676845,5.390,1.543
2.9846822493,0.0245701417,5.390,0.938
3.0264892779,-0.7083704532,5.390,0.117
3.8281002149,-0.8051804059,5.390,0.927
3.8346513911,0.7750047302,5.390,0.030
4.1281136155,-0.0314891037,5.390,-0.035
4.1933487177,0.5812558890,5.390,0.612
4.2317338934,-0.0605058379,5.390,1.446
4.4284215846,0.3657946206,5.390,0.966
4.5470101516,-1.2238808618,5.390,-0.042
4.8002947941,-0.2763152380,5.390,1.473
4.9751828361,0.8819753716,5.390,-0.182
5.1262448953,0.5142255605,5.390,0.581
5.1898308371,-1.2654226707,5.390,0.234
5.3841255858,0.2273684856,5.390,0.093
5.6185096951,0.4818608531,5.390,0.049
6.0651253692,0.1714276742,5.390,-0.068
0.2750738056,-0.0844146046,5.400,1.106
0.7092838532,-0.8866323868,5.400,0.561
1.0001982290,1.2369331642,5.400,0.096
1.1422900793,1.0600366354,5.400,1.497
1.1808142550,0.2395360069,5.400,0.263
1.4275406703,0.3134998176,5.400,-0.090
1.4775729958,0.5321929918,5.400,0.450
1.7302639063,0.6710005578,5.400,2.773
1.9330029027,-0.5571750898,5.400,-0.161
2.3310855582,0.5337062393,5.400,1.050
2.4803601528,0.1580705900,5.400,0.605
2.4812757555,0.7958960226,5.400,0.993
2.5117907024,0.6250047342,5.400,0.770
2.9398290978,-0.0012130372,5.400,-0.020
3.5275382214,1.0462513503,5.400,-0.010
3.7806279991,0.3355727056,5.400,0.231
4.0644951841,-1.2808899955,5.400,-0.146
4.2869081916,0.5882366673,5.400,1.523
4.2964018595,-0.5184441721,5.400,0.625
4.9085316112,-0.6926546508,5.400,0.850
4.9868782506,-0.0645594959,5.400,-0.005
4.9956535240,0.9319474247,5.400,-0.014
4.9958356537,-0.0703615519,5.400,1.120
5.2601894566,1.0820241949,5.400,1.191
5.5761295595,-0.3138998738,5.400,-0.118
4.3689493029,0.5515451049,5.400,0.650
5.5609832754,0.1746392895,5.400,0.650
0.0504996266,-0.4851969350,5.410,1.346
0.1975994084,0.9637951715,5.410,0.022
0.4188039959,-0.2687838970,5.410,1.226
1.7952879485,-1.2385451727,5.410,-0.110
1.8617402933,-0.1971177289,5.410,0.033
1.9352716980,-0.5620321030,5.410,-0.169
1.9595465067,-0.6773983224,5.410,-0.148
2.0126421332,-0.6725370068,5.410,-0.130
3.3061097783,-0.4736629444,5.410,0.334
3.6103146388,-0.3117129938,5.410,1.623
3.7492783798,0.2269678322,5.410,0.385
4.1192970239,-0.2735425519,5.410,0.238
4.1623095216,-0.4184966957,5.410,-0.033
4.3134344407,0.0116064745,5.410,1.461
4.4856464703,0.6271870957,5.410,0.309
4.5763736401,0.0057704995,5.410,0.237
4.7959856469,0.1267068301,5.410,1.084
4.8090147615,0.4064029958,5.410,1.633
4.8721843808,0.5841448825,5.410,-0.101
5.1462836655,0.7473199274,5.410,-0.063
5.1956117575,-1.0331243810,5.410,0.082
5.4201656124,0.8785992624,5.410,-0.107
5.4511168459,-1.2003767427,5.410,1.122
5.5557702403,-0.4820482908,5.410,1.425
0.0408016535,-0.4884814968,5.420,0.414
0.1240999512,-0.6966482105,5.420,1.556
0.2084234706,1.3063365830,5.420,-0.066
0.3342514976,-0.0436396578,5.420,0.888
0.3694849750,-0.7241815870,5.420,1.030
0.4943169728,0.7108689311,5.420,1.311
0.5375359506,0.0022428662,5.420,0.146
0.6204933865,-0.0154435825,5.420,0.335
1.1652183279,1.4106476944,5.420,1.179
1.7183844485,-0.6323682038,5.420,1.419
1.7660884578,0.5056381437,5.420,1.445
1.9802974336,-0.6342245766,5.420,-0.078
2.2319070169,-0.3416911667,5.420,-0.061
2.3911049465,0.5175640458,5.420,0.888
2.6907695847,0.2396046345,5.420,1.650
3.0862623768,-1.0069938640,5.420,1.664
3.2884124338,0.5802798017,5.420,1.011
3.3385114217,0.7930820816,5.420,2.994
3.7903986173,-0.1204370778,5.420,1.490
4.2958193996,-0.6556511543,5.420,-0.104
4.8851159510,-0.7537357640,5.420,1.654
5.4010027683,0.1985779060,5.420,0.050
5.6189530835,1.1660386900,5.420,-0.099
6.0592683829,0.0371385615,5.420,0.908
0.5225951186,-0.3634567622,5.430,1.640
0.5255493562,-0.1487696506,5.430,1.391
0.6197031517,-0.1881034459,5.430,0.364
0.7159601848,0.7731291961,5.430,0.904
1.3496952034,0.1715585091,5.430,0.249
1.4406388449,1.1007306457,5.430,1.704
1.7096999583,-0.1423880611,5.430,1.373
2.2973294932,-0.8013243704,5.430,0.238
2.3417820987,-1.4951040537,5.430,0.306
2.5583957806,-1.3399960769,5.430,0.901
2.7584764803,0.2467419012,5.430,1.696
2.9011878599,-0.6249095202,5.430,0.021
2.9178999814,-0.4901001554,5.430,0.069
3.3491662776,1.1657107162,5.430,1.567
4.0091045525,-1.0558602189,5.430,-0.089
4.0963957292,-0.9140759581,5.430,0.005
4.1704338633,0.6622993551,5.430,0.352
4.1825991990,-0.4333912267,5.430,-0.092
4.2416820541,-0.1491833415,5.430,0.118
4.4933464989,-0.1836662567,5.430,0.465
4.6913826656,1.2567265391,5.430,0.340
4.8723102081,0.1164449680,5.430,0.386
4.9404764854,0.3739392677,5.430,-0.068
5.7632388933,-0.4966113863,5.430,-0.095
5.8059455146,-0.2018462718,5.430,-0.117
5.9767547334,0.9756875130,5.430,1.167
5.9822728166,-0.6834156697,5.430,1.444
6.0190191785,0.0168062478,5.430,0.982
6.2344741212,1.0858481525,5.430,0.670
0.2523565330,0.5060096384,5.440,1.076
0.7740361005,-0.4164733231,5.440,0.238
0.8740913031,1.3567271627,5.440,0.211
0.9963514099,0.4087779227,5.440,-0.067
1.0924686139,-0.1208440206,5.440,0.941
1.3629895678,1.2906129350,5.440,-0.108
1.3935092107,-0.8832407508,5.440,0.517
1.4827911647,-0.5694872504,5.440,0.913
1.6395160718,0.2190574417,5.440,0.015
1.7725572410,1.3886679181,5.440,0.525
1.8082094733,-0.0196697834,5.440,0.167
1.8823096449,-0.0052696339,5.440,0.310
2.0641069460,-0.6346675038,5.440,1.161
2.3384174575,0.2029123833,5.440,1.462
2.3428574941,0.5743953590,5.440,0.181
2.5185582603,-0.9366921723,5.440,0.137
2.8224923220,-0.3018873968,5.440,0.112
3.1339738934,-0.9829224869,5.440,-0.062
3.4388190060,-1.1398051176,5.440,-0.033
4.0849511286,-0.7748707394,5.440,1.497
4.2164035674,1.1835100967,5.440,-0.019
4.2729764668,-0.7448011941,5.440,0.099
4.6984077948,-0.0712412579,5.440,1.162
4.8297631817,-0.8398043100,5.440,0.855
5.2937204700,-0.0176162932,5.440,1.430
5.3726189269,0.8590562451,5.440,1.566
6.0439142503,-0.1342821651,5.440,0.312
6.1064562648,0.8486719701,5.440,1.014
0.1629861603,0.6178378526,5.450,0.886
0.1708889384,0.8614000708,5.450,1.644
0.2400048770,-1.2134765380,5.450,1.095
0.6929680587,0.3832988826,5.450,0.168
0.8091557013,0.4407859475,5.450,-0.031
0.9808906154,0.4239312275,5.450,-0.034
1.0644038246,0.1430693389,5.450,0.371
1.0877645022,-0.2859874660,5.450,-0.147
1.1118145444,-1.0854518743,5.450,1.106
1.2219790023,0.2128884434,5.450,-0.121
1.4523616463,-0.6721851374,5.450,1.224
1.8176498337,-1.3861438593,5.450,0.041
1.8219719561,-0.4298892721,5.450,0.390
1.9713781703,0.2982077569,5.450,1.126
2.2072534303,-0.7357098883,5.450,-0.142
2.2572081501,-1.0969999164,5.450,1.013
2.2662993282,-0.9326998927,5.450,-0.132
2.3681402134,0.4267838815,5.450,-0.041
2.4874662908,-0.8991441343,5.450,-0.078
2.8524288472,-0.0371616377,5.450,0.966
3.1898686670,-0.4119399846,5.450,0.055
3.2653996979,-0.6813969949,5.450,-0.073
3.3814581292,-1.4856830511,5.450,0.991
3.9400282850,-0.5697329550,5.450,-0.127
3.9761496140,-0.9659704913,5.450,1.118
4.1651275318,0.3544932688,5.450,1.588
4.2617504027,-0.9391810294,5.450,1.696
4.7817246434,-0.7715482877,5.450,0.962
5.0854284362,-0.4182237637,5.450,1.442
5.1390723439,-0.0811166184,5.450,0.429
5.5360410633,-1.5525837960,5.450,0.283
5.7437893738,-0.6501989337,5.450,0.084
5.8220365606,-0.4846239594,5.450,-0.121
5.8899749952,1.3757432957,5.450,0.093
6.0103301252,0.3624845040,5.450,0.666
0.2398445862,0.4123922444,5.460,1.012
1.0662269828,0.4207289427,5.460,0.813
1.1310619939,0.8735145140,5.460,0.235
1.2188004084,-0.2506151790,5.460,1.054
1.3973304612,0.7170896798,5.460,0.122
1.4405855991,-0.8216600771,5.460,0.615
1.4453167933,0.0574585582,5.460,-0.176
1.5092765417,0.8696322082,5.460,0.030
1.5283845831,-1.3851170743,5.460,-0.076
1.5993104312,-0.4033603524,5.460,0.064
1.8776340182,-0.4798175407,5.460,0.998
1.8910204724,0.8976009311,5.460,1.640
1.9034673152,-0.2720215889,5.460,0.079
2.2747155666,-1.3781706070,5.460,-0.101
2.4744724198,-1.2496888183,5.460,1.079
2.4940979327,-1.2755025455,5.460,1.556
2.8155335079,-1.4044594124,5.460,0.957
3.0209284892,1.0660910955,5.460,0.515
3.0437095078,-0.8333477562,5.460,1.230
3.3336176319,-0.4943463028,5.460,1.346
3.3829890998,-0.7490208272,5.460,1.668
3.5757796776,0.9236493287,5.460,0.113
3.6112743784,-0.8782615884,5.460,1.351
3.6944856457,-0.1625515052,5.460,0.347
4.0417024387,0.5992761857,5.460,1.410
4.0461191582,-0.6417149770,5.460,-0.150
4.2466354533,0.0876344902,5.460,1.472
4.3475106879,-0.7480282440,5.460,0.338
4.4245432488,-0.7296591358,5.460,0.176
4.9254998397,-0.7623606441,5.460,0.133
4.9518028699,0.7261044854,5.460,1.034
5.0515381642,0.4018714855,5.460,0.020
5.0640500158,-0.0155711465,5.460,-0.041
5.1045197551,-0.4709878318,5.460,1.120
5.1381341049,-0.2496135123,5.460,0.501
5.2239061913,0.7045514381,5.460,-0.090
5.6625335923,0.3371733057,5.460,0.321
0.2298469672,-0.4189810175,5.470,1.275
0.7846556345,0.8241565681,5.470,0.869
0.9256494929,0.8381677752,5.470,-0.101
1.1781388011,1.4545640158,5.470,0.855
1.1809252160,0.2738749576,5.470,0.258
1.2744679044,1.1083786845,5.470,1.559
1.2879915918,-1.3078947950,5.470,1.518
1.4367331793,0.4389540611,5.470,-0.042
1.5159781660,0.3094318838,5.470,0.301
1.8691050490,0.2780427266,5.470,1.020
2.0713211478,0.8301588038,5.470,1.462
2.2453777027,1.1369977101,5.470,0.207
2.3110458100,-0.7037195082,5.470,0.066
2.3980510782,-0.1533733861,5.470,1.002
2.7814055545,-1.0250901531,5.470,0.500
2.8808624078,0.7945834205,5.470,1.466
3.2237717816,1.3117992515,5.470,0.054
3.2700956556,0.4207801241,5.470,0.445
3.2768964721,0.4287779628,5.470,0.056
3.4934100482,-0.9206232173,5.470,-0.125
3.6755749594,-0.4787398498,5.470,1.331
3.8855158557,0.6505199312,5.470,1.030
4.1902160996,-0.2885614022,5.470,0.517
4.5337514815,-0.8139558438,5.470,0.764
4.6924041282,0.4546581048,5.470,0.341
4.7579285551,-1.0821424876,5.470,0.592
4.7700355804,-0.7214512340,5.470,-0.155
4.8153954630,-1.3097697130,5.470,0.043
4.8551658004,-0.2594547550,5.470,1.998
4.8556482644,0.5332715435,5.470,-0.077
5.4119624532,-0.5834957348,5.470,1.118
5.4711631921,0.5836012962,5.470,1.522
5.6232206997,-1.2130978318,5.470,1.553
5.8730906963,1.2351851895,5.470,1.216
5.8846105378,-0.6829786049,5.470,0.959
0.6318859917,0.1851892941,5.480,-0.098
0.7447033497,-0.6226610234,5.480,1.259
1.0153202684,-0.0935716202,5.480,-0.090
1.3860998960,-0.2359654710,5.480,0.932
1.6642234577,-0.2054817655,5.480,0.002
2.0417967698,-0.2128028400,5.480,0.478
2.0690157594,-0.6261767883,5.480,-0.175
2.2788323763,-0.8394874941,5.480,-0.172
2.3797636627,0.8470137671,5.480,0.475
3.0485095240,-0.2304173707,5.480,0.520
3.2889820160,-0.1649698713,5.480,-0.035
3.8896483417,1.0348752703,5.480,1.369
3.9128908564,-0.1991368425,5.480,1.491
4.1139435345,0.9138701481,5.480,-0.042
4.2360251855,1.3243132985,5.480,-0.093
4.2757050778,0.6930455374,5.480,0.410
4.3929908988,-0.6872576337,5.480,0.975
4.4083657747,0.1264959391,5.480,0.108
4.4383123216,-0.5804876467,5.480,1.606
5.4381591625,-0.6841561936,5.480,-0.078
5.4685938618,0.7885689481,5.480,1.088
5.6033426118,-0.2247653929,5.480,0.297
5.6081034124,-0.0620769527,5.480,1.451
0.2015669279,-0.3930847457,5.490,0.978
0.4055019568,-0.6434196594,5.490,1.021
0.4629450541,-0.8869109722,5.490,1.615
0.8121549275,1.3861149251,5.490,1.569
0.8630178508,0.7683816258,5.490,-0.060
1.0318306206,0.6122771870,5.490,-0.058
1.2549126971,-0.2955620143,5.490,0.632
1.5254572230,-0.2527876504,5.490,0.870
1.6099109737,-0.3914321801,5.490,-0.010
2.0334678358,-0.1182026111,5.490,1.378
2.2790364970,-0.9267708158,5.490,-0.127
2.4290159858,-0.1526248442,5.490,-0.081
2.4866946189,-0.4640763377,5.490,1.345
2.6888569935,0.5115647528,5.490,0.020
2.8205451314,0.2477432880,5.490,0.908
3.2797890695,-1.0371431002,5.490,0.622
3.3122940302,0.3676110091,5.490,0.978
4.2569503085,-0.1460743131,5.490,0.652
4.7474593180,0.6353219078,5.490,1.161
4.7746318807,-0.3789662007,5.490,1.528
4.8602682502,-0.4194424572,5.490,1.795
4.9934638361,-0.5418737532,5.490,0.026
5.1642494272,-0.2700042751,5.490,0.460
5.4842628561,-0.1692540841,5.490,1.474
5.8374481365,-1.3528318122,5.490,0.312
6.1869595603,0.3211522240,5.490,0.010
6.2305740155,-0.0481989717,5.490,0.941
0.0901055679,-1.2151839731,5.500,-0.046
0.2724477121,-0.5506863741,5.500,0.083
0.2740963678,0.5550891022,5.500,-0.043
0.3782765978,0.3358087126,5.500,1.106
0.5365402087,0.5809177447,5.500,0.029
0.8787741037,-0.4125109280,5.500,0.885
0.8914613819,0.4315163017,5.500,1.190
1.1319984520,0.3690028633,5.500,-0.069
1.2933024935,-0.0902571934,5.500,-0.123
1.3443851798,0.4235071926,5.500,0.030
1.3732867386,0.0899918038,5.500,1.369
1.4496517226,0.2977204987,5.500,-0.004
1.6051837560,-0.7357268509,5.500,0.007
1.8467840406,-1.0328528423,5.500,-0.125
1.9214211210,-0.9130083310,5.500,0.483
2.6173903922,0.9915530915,5.500,1.487
2.7716451173,-0.6904974324,5.500,3.015
2.8204914811,0.3297192760,5.500,1.134
3.0322844145,-0.8575935343,5.500,1.041
3.5656373460,1.2434118596,5.500,1.219
3.6038372464,-0.2168838236,5.500,0.898
4.0692861974,-0.3433142861,5.500,0.197
4.0708305064,-0.0207065745,5.500,1.092
4.2318847232,-0.5854847441,5.500,-0.075
4.3385510726,-1.2389760286,5.500,1.235
4.3447637839,-1.1431103546,5.500,0.949
4.7589528875,0.0580192045,5.500,1.204
5.1649328061,0.4498050078,5.500,0.939
5.3322303414,0.4266649207,5.500,-0.090
5.6157156141,-0.7426014756,5.500,0.392
5.7565252866,-0.6701208346,5.500,0.996
6.1438190260,-1.5268526680,5.500,1.278
0.1557097187,-0.8377738645,5.510,0.461
0.2051821995,0.2089830932,5.510,0.987
0.2983203306,0.0986079447,5.510,0.334
0.3789956904,-0.2278791228,5.510,0.321
0.5977057341,-0.1120870721,5.510,0.962
0.7952456840,-1.2549346074,5.510,-0.125
0.8550240061,-1.3506833279,5.510,0.438
1.0871920027,0.3422453948,5.510,1.077
1.1703372856,1.4627218752,5.510,-0.106
1.2975316426,0.2993881402,5.510,1.304
1.6503344923,-0.3484894427,5.510,-0.163
2.2134248618,-1.2233620424,5.510,-0.024
2.5221060811,-0.7538241863,5.510,0.985
2.7933597108,-1.1362129895,5.510,-0.158
2.8057541165,0.4594680019,5.510,0.160
2.8939653738,-0.1972827597,5.510,0.938
3.1804692058,-0.7196272548,5.510,-0.097
3.6084534279,0.6726969669,5.510,1.036
3.7967192999,-0.7910068737,5.510,-0.087
3.9163189395,-0.0029253754,5.510,1.131
4.0148804059,0.5169003575,5.510,1.015
4.4131325414,0.0212222833,5.510,0.055
4.5393926316,0.8070538569,5.510,1.586
4.6704203480,0.5117679391,5.510,1.071
4.9374610667,0.9245902114,5.510,0.843
4.9412614799,-0.8132382421,5.510,1.641
4.9715559615,-0.2241092979,5.510,-0.038
4.9773488824,0.9714206168,5.510,0.862
5.0320404367,-0.2143715253,5.510,1.442
5.1749897122,-0.5569096295,5.510,0.024
5.2300229527,0.5407669747,5.510,-0.060
5.2540457331,0.1270244652,5.510,1.063
5.2820597509,0.4695663261,5.510,0.087
5.2874731018,0.4679051511,5.510,1.397
5.4909465359,0.1891812288,5.510,0.934
5.5818312764,1.0231731269,5.510,1.114
5.6858807980,0.7182897295,5.510,1.615
5.8903362257,0.0773475820,5.510,0.385
6.0196230398,-0.5142143315,5.510,0.271
0.4471859621,-0.9379544958,5.520,0.551
0.7482798191,0.2632317900,5.520,-0.099
0.9945495654,-0.5265288718,5.520,0.973
1.0847650741,0.6639185914,5.520,0.520
1.2874081123,0.9644533862,5.520,0.015
1.3791107586,0.1979439616,5.520,-0.012
1.4301233982,0.2770544751,5.520,0.015
1.5548660950,-0.5477269120,5.520,0.382
1.7304453698,-0.0909516049,5.520,-0.082
2.1063786258,-0.7209925169,5.520,-0.152
2.1164813754,-0.9269080807,5.520,1.347
2.1536082467,-0.8760867221,5.520,1.651
2.1982795000,0.9288592042,5.520,0.125
2.2108924260,-0.2187700798,5.520,1.167
2.6970857667,-0.5060058597,5.520,0.277
2.7233394201,0.5884993791,5.520,1.186
2.7475942675,1.4704749571,5.520,0.244
2.9099152741,0.0341303568,5.520,0.955
3.2302903665,0.4645976147,5.520,1.091
3.5467739918,-0.2681351355,5.520,1.228
3.9327959696,-0.0480825382,5.520,1.692
3.9405214963,0.6144570455,5.520,1.023
3.9984775286,-0.3909435654,5.520,1.357
4.5676086268,0.3504791644,5.520,-0.119
4.7464478683,-0.2993965606,5.520,1.132
4.8148416598,-0.6324721875,5.520,1.015
5.0492538941,-1.1634547697,5.520,0.170
5.4585724434,-0.6617124685,5.520,1.380
5.7193865862,-1.2152625647,5.520,1.378
5.7268559181,0.5025420474,5.520,0.426
5.8060460570,1.2240443033,5.520,0.391
5.8777824656,1.1367725561,5.520,0.302
5.9589024234,-0.8124041232,5.520,1.302
0.0058262584,-0.8785528998,5.530,1.615
0.4886423515,0.9625034360,5.530,-0.175
0.6806819339,-0.1366871552,5.530,1.607
0.8628652914,-1.0921454009,5.530,0.641
0.9627187549,-0.0909439774,5.530,-0.145
1.1662760912,0.4013617889,5.530,-0.098
1.1717063982,0.0240998680,5.530,-0.099
1.2351078555,-1.2379799670,5.530,-0.114
1.2397640997,-0.3257933843,5.530,0.025
1.4448145741,-0.3641395450,5.530,0.012
1.4707114819,0.2974097652,5.530,0.237
1.6861225136,0.9823602460,5.530,0.238
2.1409248769,-0.2408416001,5.530,0.488
2.6211855561,-1.4349166843,5.530,0.035
3.1227237086,0.2730884873,5.530,0.116
3.4312156058,0.3947269232,5.530,1.461
3.6370314179,-0.6224585571,5.530,0.444
3.7231082319,-0.9366427138,5.530,1.438
3.7266549092,0.2261849658,5.530,0.537
3.7323928905,-0.3176619627,5.530,0.001
4.0706329708,-0.2941376213,5.530,-0.148
4.1405607627,-0.0666456258,5.530,0.120
4.1922541486,-0.1468058086,5.530,0.043
4.2740735779,-0.5394239528,5.530,0.466
4.2996307736,0.6526498006,5.530,0.174
4.3467007001,0.9232800152,5.530,-0.060
4.4431677883,-0.8838554096,5.530,0.016
4.5250319857,-0.5700741025,5.530,0.514
4.6375650382,-0.6448217439,5.530,1.553
4.7564449202,-0.5363163966,5.530,0.979
5.0031119808,0.4996632386,5.530,0.296
5.0599529706,0.2159789050,5.530,0.265
5.4150688383,0.5638685329,5.530,0.871
5.5155840126,-0.1016316754,5.530,0.683
5.6329987157,1.0552161526,5.530,0.102
5.7047033204,1.0592872559,5.530,1.575
5.8198892401,0.7930883101,5.530,0.021
5.8621859043,-0.4321899681,5.530,0.979
5.9985129605,-0.2839992307,5.530,1.111
6.0426334446,-1.2011395279,5.530,0.395
6.1374912947,-0.9201655553,5.530,0.409
0.0437933602,0.1945311356,5.540,-0.064
0.4236726877,0.2119097575,5.540,0.347
1.4086492152,0.7160956827,5.540,0.127
1.5292652045,0.2496799602,5.540,1.006
1.5763448178,-0.5918731825,5.540,1.580
1.6151864261,-0.7043065373,5.540,1.665
1.6450623233,-0.6586426744,5.540,1.129
1.7811278431,0.9722216084,5.540,0.650
1.9016911439,0.8244929056,5.540,0.576
1.9444546655,-1.3804540006,5.540,1.281
2.4125997484,-1.0369686721,5.540,0.846
3.0128043191,0.3213116501,5.540,1.056
3.0601299785,-0.7521612791,5.540,0.044
3.1448251480,-0.1823173369,5.540,0.760
3.2325576136,1.0099193780,5.540,1.452
4.0191740385,-0.1016628687,5.540,1.047
4.1359270191,-1.1421834517,5.540,0.231
4.1767600942,0.2515801372,5.540,1.141
4.5053179239,1.0973642005,5.540,0.216
4.6023133091,-0.1962098976,5.540,0.013
4.6337498305,0.2784224228,5.540,0.387
5.2011970836,0.4361955133,5.540,0.680
5.2262026557,0.2930261750,5.540,-0.048
5.4787755118,0.2193627211,5.540,0.131
5.4952679430,1.0373991682,5.540,1.411
5.7462327351,0.2107745435,5.540,0.054
6.1006428000,-0.7125195128,5.540,0.445
0.0248680747,0.2338089558,5.550,0.901
0.1469745260,-0.5158892744,5.550,1.262
0.2176686821,0.4836357313,5.550,0.398
0.2866491988,0.3746426462,5.550,-0.048
0.4281558394,1.0119005590,5.550,1.388
0.6434282920,0.5550370456,5.550,1.114
0.8396753688,0.1162543375,5.550,1.011
0.8822561585,0.4818426899,5.550,1.100
0.9592854820,0.0533523289,5.550,0.931
0.9648656097,0.6558981849,5.550,-0.062
1.1353012282,0.8887379373,5.550,-0.031
1.3886779982,0.7468632302,5.550,1.492
1.5484333138,-0.6973961666,5.550,1.515
1.6606981968,-0.5959277401,5.550,-0.182
1.6897398867,-0.0048170992,5.550,1.376
1.6900932818,0.0507591979,5.550,1.035
1.8596190998,0.6016842388,5.550,0.909
1.9547077797,-0.5088663836,5.550,-0.048
2.0160893424,0.2479851664,5.550,1.642
2.1796421564,1.3222074666,5.550,0.902
2.3194270363,-0.1252662175,5.550,0.150
2.7885773847,0.9366885405,5.550,1.270
2.9853247292,-1.2611157119,5.550,0.017
3.3586647513,-1.2563972460,5.550,1.154
3.5975473044,-0.2823780828,5.550,0.805
3.7531635973,-0.7515185881,5.550,0.907
3.8236555827,-0.8071353877,5.550,1.489
3.8472527140,0.2035169512,5.550,0.941
4.3010339517,1.3781792376,5.550,0.249
4.3715909316,-0.3477459764,5.550,0.436
4.3952961542,-1.0182502372,5.550,-0.096
4.5453912285,0.6976892363,5.550,0.667
5.1108579419,0.8780176517,5.550,1.274
5.4635127865,-0.0961163160,5.550,-0.076
5.4904742728,0.7761777735,5.550,0.973
5.5258225394,-0.7223213542,5.550,1.350
5.7686457928,1.0122973616,5.550,0.017
5.7738734337,-0.1138374581,5.550,0.959
5.8755251037,-0.2922054300,5.550,0.618
6.0271587022,-0.5035966094,5.550,1.349
6.0895786629,1.2372303917,5.550,0.263
6.1724689147,0.7022583764,5.550,0.096
6.2266015032,1.0027153710,5.550,1.630
0.2477608991,1.0535302337,5.560,-0.054
0.2964994280,0.3619657978,5.560,0.121
0.3116532927,1.1205481003,5.560,-0.052
0.7840280616,-0.0430215202,5.560,-0.072
0.9423080523,-0.1953683509,5.560,0.915
0.9814930192,-0.0051787419,5.560,1.411
1.2222253789,-0.4272979341,5.560,0.926
1.4322850908,-0.6497994600,5.560,0.026
1.6125769283,-0.2545496145,5.560,1.150
1.6695707113,-1.2214519769,5.560,1.510
1.8498555953,-0.7611038523,5.560,0.624
2.2110368861,0.2208646472,5.560,1.608
2.2701987685,-0.9252932441,5.560,-0.125
2.3620751170,-0.7306690762,5.560,-0.135
2.4107744283,-0.7611950173,5.560,-0.107
2.4515312772,-0.7364392389,5.560,1.637
2.5069217267,-0.1032353182,5.560,1.159
2.5468907522,-0.9405803120,5.560,-0.042
2.5784033332,-1.0951088691,5.560,1.316
3.0470977903,0.7614073651,5.560,0.348
3.1074373952,-0.9946237197,5.560,0.069
3.2587981183,-0.5729937005,5.560,0.007
3.5820064248,-1.4972489071,5.560,0.183
3.7747351583,-1.1902330952,5.560,0.435
4.0257016418,0.6908268459,5.560,1.626
4.4780822711,0.3854411834,5.560,1.299
4.6359119298,0.4287236830,5.560,1.436
4.7806588107,0.7358193873,5.560,-0.111
4.9546266050,-0.2858261942,5.560,0.445
4.9623048976,0.0442501405,5.560,0.004
5.0103095756,-0.3366790544,5.560,-0.087
5.2120676507,0.4244534005,5.560,-0.018
5.8844887910,-1.1779062879,5.560,0.208
6.0893270457,-0.0610233483,5.560,0.062
6.1060326878,-0.0894368152,5.560,0.386
6.1197445747,1.0495273076,5.560,1.679
6.1298021654,0.5652228121,5.560,-0.075
6.1391930112,1.5238034039,5.560,0.250
0.0281094365,1.1204345074,5.570,-0.023
0.0394459194,0.3178587193,5.570,1.043
0.1503708685,-0.9140828601,5.570,0.472
0.1629422368,-0.4322703575,5.570,0.715
0.2095169891,-0.3791290097,5.570,-0.058
0.3046473717,0.3431039462,5.570,0.697
0.3128053777,1.1347930719,5.570,-0.072
0.4465479687,1.1875747494,5.570,-0.049
0.5220588693,-0.7335711659,5.570,1.052
0.5857410326,-1.1840565130,5.570,1.556
0.5921598637,0.4370835616,5.570,0.520
0.6150973366,0.8753081992,5.570,-0.089
0.9145544953,-0.2212158890,5.570,0.171
1.2619344821,0.5486857004,5.570,1.132
1.7174159506,0.2470542045,5.570,1.105
2.0468871249,-0.9845465133,5.570,1.116
2.3414659111,1.1275495676,5.570,0.877
2.5163903916,0.5438748635,5.570,1.594
2.7471032443,-0.5341940585,5.570,-0.041
2.7642317265,0.6106679203,5.570,0.029
2.8422497928,1.0353313920,5.570,1.160
3.3246426257,0.1187978780,5.570,0.002
3.4406596809,-0.1568071010,5.570,1.178
3.5760791377,0.1875577714,5.570,0.348
3.7626187662,-0.6071440610,5.570,-0.088
4.1157903991,-1.4741971142,5.570,0.118
4.1189263873,0.5675078884,5.570,1.076
4.1250481366,0.0950735777,5.570,0.035
4.2294095145,-1.0111445964,5.570,-0.024
4.3691710836,-0.8510741441,5.570,0.169
4.4366296319,-0.4040497565,5.570,-0.018
4.5874040514,0.0475516143,5.570,0.844
4.7559490444,0.6364567191,5.570,0.915
5.0890277370,-0.3800749910,5.570,1.228
5.1023357967,0.2547485898,5.570,1.050
5.4445788277,0.1048630361,5.570,-0.010
5.6434873614,-0.7827574821,5.570,1.044
5.7008342259,-0.1983733274,5.570,-0.002
5.7083687856,-0.8256038273,5.570,0.601
5.7724339896,0.7792871189,5.570,-0.029
6.0792692863,0.9977760280,5.570,1.000
6.2707121529,0.9722479716,5.570,0.478
0.0070552932,1.0685394492,5.580,0.407
0.1058580162,0.9079187743,5.580,-0.110
0.2883537042,-0.1717291251,5.580,0.009
0.4313714574,-0.3713255039,5.580,0.346
0.6026866983,0.3473408282,5.580,0.011
0.7698462891,0.3145627645,5.580,0.471
0.9113760349,0.8700184211,5.580,-0.054
1.1342969053,0.2449604704,5.580,0.283
1.1787223321,0.2729318043,5.580,0.324
1.2693881543,-0.9330793318,5.580,0.341
1.7073886332,-0.9045335157,5.580,0.534
1.8974030146,-0.4719020458,5.580,1.220
2.0007914686,0.6117126003,5.580,0.921
2.0123947858,0.8400537262,5.580,1.011
2.1875682556,-0.3504456749,5.580,0.771
2.2098564713,0.4868348652,5.580,1.421
2.5591161644,-0.7811231572,5.580,-0.176
2.7349983454,-0.9577896065,5.580,1.556
2.7466376230,-0.5177315446,5.580,1.420
2.9096031936,-1.2370532490,5.580,-0.070
2.9915217552,0.2872207826,5.580,0.390
3.1200039264,0.1473746078,5.580,0.937
3.2880737023,-0.2239292818,5.580,0.861
3.4198351963,-0.3592497960,5.580,0.554
3.7901213915,0.8699567724,5.580,0.864
4.6835526450,-0.6090348179,5.580,1.098
4.7807944091,-1.1005237500,5.580,0.944
4.8215766354,-0.5368034131,5.580,1.138
4.9468128282,0.6452782647,5.580,-0.138
4.9543676654,0.1154585887,5.580,1.041
5.0410992171,0.2632593812,5.580,1.067
5.3166110147,0.6457683780,5.580,0.056
5.3323707411,0.7992734221,5.580,1.077
5.5897355185,0.4163651608,5.580,1.057
5.7998484057,0.5789665091,5.580,0.985
5.8195406845,-0.4394897004,5.580,0.497
6.0942722804,0.9287503543,5.580,0.556
6.1122557221,0.5308405141,5.580,1.501
0.0204545826,-1.2468089618,5.590,-0.100
0.1382576138,0.9222237116,5.590,1.163
0.2156655318,-0.2366888864,5.590,1.325
0.2394591541,1.4609703567,5.590,0.105
0.2674909404,-0.6792215343,5.590,1.185
0.5367024154,1.1238178203,5.590,0.325
0.7677141730,1.0737464123,5.590,0.445
0.9754815179,-0.1830093012,5.590,0.216
1.0717354853,-0.4826150815,5.590,0.324
1.2075960488,-1.0834507322,5.590,1.500
1.7252739185,-0.6419299938,5.590,-0.130
1.8264797519,-0.4435607144,5.590,-0.162
1.9241008336,-0.2506378198,5.590,0.971
1.9774337497,0.0574279443,5.590,0.321
2.0846944833,-1.0524871498,5.590,0.573
2.1741998536,-0.6187489362,5.590,1.246
2.3195806314,-1.0058956859,5.590,-0.102
2.3995666658,-0.5299762287,5.590,0.179
2.6492278997,-0.2991796799,5.590,1.490
2.6857389372,-0.7524527877,5.590,1.520
2.7532451291,-0.2371635334,5.590,-0.028
3.1314133155,-1.0899362712,5.590,-0.152
3.1363323173,-1.1229371669,5.590,0.174
3.1488273614,0.6290530613,5.590,1.019
3.4321225696,-0.7258552549,5.590,1.050
3.8974327506,-1.2774077195,5.590,0.820
3.9506875486,0.8403930073,5.590,-0.005
4.0096305697,-0.7118887629,5.590,-0.099
4.1752724085,-0.5927885255,5.590,0.072
5.0462582126,0.0843830990,5.590,0.101
5.0599998816,-0.6182209616,5.590,-0.122
5.0642291531,-0.3909979998,5.590,0.276
5.1197506221,-0.7901410676,5.590,-0.020
5.3236901224,1.2021883276,5.590,1.472
5.3977704682,0.4618481058,5.590,-0.050
5.4244104572,1.1633919244,5.590,0.218
5.4912444267,0.8807244059,5.590,-0.144
5.6082881721,0.8153190657,5.590,0.335
6.2481215472,0.0511448553,5.590,1.527
6.2808507106,-0.5146132557,5.590,1.599
0.3153639282,1.3905729797,5.600,0.008
0.3651085878,0.6582499248,5.600,0.276
0.6022432927,0.0306794301,5.600,0.588
0.9796696664,0.6363488441,5.600,0.062
1.3586567063,-0.2068056120,5.600,1.350
1.4182068451,-0.1802730840,5.600,1.543
1.4569342479,0.2496794395,5.600,-0.118
1.4626760585,0.1787233365,5.600,0.149
1.5313889723,0.4881312664,5.600,0.978
1.5375108573,0.2473443398,5.600,-0.053
1.6708506100,-0.9838415641,5.600,0.242
1.7121046641,-0.1024302294,5.600,0.256
1.7772330975,-0.9693556591,5.600,1.549
1.9509864613,-0.3118006498,5.600,0.314
1.9604897008,-0.0332542628,5.600,1.493
2.0210902382,-0.6291927569,5.600,-0.130
2.0515310138,-0.1602812878,5.600,1.446
2.0978354094,0.3020938562,5.600,1.317
2.2098201658,-0.0695946370,5.600,0.218
2.3941684637,-0.1499154745,5.600,-0.057
2.4670254745,-0.0893153695,5.600,1.523
2.7302964867,-0.1232172607,5.600,1.528
3.1946281812,0.3585266477,5.600,0.961
3.4920374448,0.7007592564,5.600,1.204
3.5522769213,0.9660124013,5.600,-0.014
4.3867773828,0.2748071308,5.600,1.637
4.5174391382,-0.5855303934,5.600,-0.056
4.9287368188,-0.7580680831,5.600,-0.077
5.0885980385,0.3507716043,5.600,-0.006
5.2010135359,0.8207819017,5.600,-0.078
5.2130655394,0.0047757000,5.600,0.098
5.3339806134,-0.7339030637,5.600,0.002
5.4446483368,0.8348236092,5.600,1.466
5.5355217064,0.5271878255,5.600,-0.048
5.7643145609,0.0105542719,5.600,1.279
5.8867034072,0.1593317019,5.600,1.578
6.0056510700,0.7261246157,5.600,-0.149
6.0578248327,-0.5030684072,5.600,0.882
6.1318815749,-0.9922019714,5.600,1.063
6.1403947307,1.2280098631,5.600,0.163
0.6962457547,-0.2071892152,5.600,0.650
2.5490366843,-0.4846610624,5.600,0.650
0.0949947318,-0.3500785517,5.610,1.580
0.5396331338,-0.0716198695,5.610,1.589
0.8523342985,0.5333148380,5.610,0.012
1.0450254686,-0.2194651127,5.610,1.479
1.1742375527,-0.2277370103,5.610,-0.202
1.3259608368,-0.4256535278,5.610,0.094
1.6752190784,-0.4464138469,5.610,1.561
1.7455405585,-1.4104632700,5.610,0.214
2.0489733912,-0.5810017791,5.610,1.617
2.2016612101,-0.0654714927,5.610,0.478
2.2273755425,-0.5612854099,5.610,1.509
2.4514655502,-0.9689140454,5.610,0.190
2.5394796230,0.6939054056,5.610,0.951
2.7281819661,0.1533244614,5.610,1.630
2.8359435111,-0.5944274275,5.610,0.038
3.3859740037,0.6687213735,5.610,0.337
3.5770928844,-0.6990341833,5.610,1.301
3.6156485325,0.5443717938,5.610,1.032
3.7293822243,-0.7302020365,5.610,0.929
3.8719078854,-0.4472278245,5.610,-0.043
4.1309193708,-0.6053230087,5.610,-0.117
4.1842603480,0.6395544959,5.610,1.529
4.2578618989,-1.0107611781,5.610,0.137
4.3274878813,0.7958401352,5.610,0.125
4.5967496378,-0.1002657351,5.610,0.187
4.6562508826,0.3088711543,5.610,0.036
4.8037983993,0.5211365580,5.610,0.231
5.7643388095,0.2289841160,5.610,0.336
5.9837569728,1.0768112576,5.610,0.775
0.2562629233,-0.1986180402,5.620,0.949
0.4128995673,-0.2736040823,5.620,0.066
0.7957623514,0.0759721593,5.620,-0.107
0.8655688136,-0.0162365933,5.620,1.050
0.9264608644,1.4819772133,5.620,0.894
1.0335311323,0.3923146042,5.620,0.345
1.0663027704,-0.2232676695,5.620,1.062
1.4941798715,1.1466402878,5.620,1.249
1.5383026885,-0.6567859515,5.620,1.046
1.5477892178,-0.2054984196,5.620,1.523
1.6387379968,-0.0089393908,5.620,0.506
1.6755896364,-0.6406713393,5.620,1.027
1.7217186409,-0.5710063605,5.620,-0.085
1.7694139891,-0.5401616098,5.620,-0.138
2.0270668549,-0.4306439201,5.620,-0.191
2.0582542138,-0.3695501086,5.620,0.956
2.0720950403,-1.0001226418,5.620,1.298
2.1517632322,0.5176042042,5.620,-0.073
2.2829146136,0.2213230361,5.620,0.435
2.5183565154,-0.5616233284,5.620,1.023
2.5801589998,-0.8062351503,5.620,1.166
3.1024850083,-0.0930842015,5.620,1.058
3.9118691492,-0.8356496438,5.620,-0.035
3.9960096599,0.0064950453,5.620,0.181
4.2402814709,0.6357378262,5.620,1.352
4.3706117586,-0.8665830672,5.620,-0.043
4.6942674085,0.3920746148,5.620,1.249
4.8673157984,0.4119942280,5.620,1.015
4.9586063142,1.1389684213,5.620,0.938
5.2560717672,0.5623206083,5.620,0.760
5.7159626223,-1.1294468312,5.620,1.018
5.7851108251,-1.0408458065,5.620,1.468
5.8605194421,-0.8016033340,5.620,0.372
6.0514651637,-0.6787985598,5.620,0.006
0.4392139353,0.7556871944,5.630,0.214
0.4453123060,0.6151536345,5.630,-0.059
0.4701047073,1.1144363792,5.630,0.804
0.8708397800,-0.4210240631,5.630,1.663
1.5924936809,0.0725825020,5.630,1.041
1.8504306516,-0.0929209587,5.630,1.290
1.9673277138,1.1949505060,5.630,1.100
2.1722380020,1.0397124075,5.630,0.182
2.1817014689,-1.2480042624,5.630,-0.099
2.2654174467,1.1348289018,5.630,0.618
2.2896564772,0.1759583403,5.630,-0.069
2.8043943671,-0.5709962171,5.630,0.006
3.0328661462,0.9561859394,5.630,1.032
3.2737611282,-0.4135805253,5.630,1.670
3.4335171063,-0.6259105545,5.630,0.050
3.5657286206,-1.0767260052,5.630,0.493
3.5824590618,0.3926252132,5.630,1.009
3.8847924625,1.4401050961,5.630,0.671
3.9112104878,0.8661798357,5.630,0.533
4.1691612240,-0.4584280667,5.630,0.141
4.2220633579,0.1726434815,5.630,0.200
4.3310116406,0.0963634736,5.630,-0.044
4.4747521681,-0.0155695590,5.630,0.104
4.5855161396,0.5438121063,5.630,0.960
4.8365337931,-0.6806028477,5.630,0.140
4.8441513513,-0.3268791233,5.630,1.057
4.9849277736,-0.4336589241,5.630,1.232
4.9958498899,0.5540385686,5.630,1.548
5.2068069890,-0.0543576452,5.630,0.231
5.3562890382,0.6709103527,5.630,0.072
5.5177603893,0.0960430518,5.630,1.650
5.5981794179,-0.3956495245,5.630,1.641
5.7038786724,0.0468817079,5.630,0.012
6.1402838890,-1.0206006553,5.630,0.983
6.1725171674,0.5846386728,5.630,1.042
4.4738147691,0.9506650206,5.630,0.470
0.1991931587,1.3087887727,5.640,0.078
0.2840054664,0.2608592393,5.640,0.420
0.5395493186,0.4526593662,5.640,0.537
0.5731283201,0.1495713110,5.640,0.569
0.6834354250,0.2172522792,5.640,0.516
0.8133005666,0.2301609360,5.640,1.087
1.1274243653,0.3766297791,5.640,0.277
1.1493763710,0.2928184223,5.640,0.310
1.2704061559,0.8506854256,5.640,1.013
1.3979078477,1.0935135437,5.640,1.728
1.4157884567,-0.2962832648,5.640,-0.001
1.8373914807,-0.4400958437,5.640,-0.165
1.9035341056,-0.8163696076,5.640,1.441
1.9780080964,-0.3388124732,5.640,1.121
2.0193570605,-0.4599173965,5.640,0.990
2.3647748302,-0.0084242408,5.640,1.163
2.5462362244,0.5231532505,5.640,0.111
2.6656894449,-0.1469298742,5.640,1.304
3.0229171977,-0.7057447172,5.640,1.578
3.0334772749,-0.8268074906,5.640,1.682
3.0423901402,-1.3246445793,5.640,0.362
3.4290098966,0.7900852388,5.640,1.135
3.4667535137,0.1977747117,5.640,1.514
3.9253147565,0.6853093483,5.640,0.336
4.0502843437,-0.2917576872,5.640,1.545
4.1030764597,-1.2818864754,5.640,-0.040
4.3838740403,-0.7127867946,5.640,-0.093
4.4510464748,-0.9529005364,5.640,0.194
4.8242935841,0.1401849575,5.640,0.884
4.9489718261,0.4871131582,5.640,1.361
5.1313882009,-0.4314293586,5.640,0.185
5.1518716221,-0.0108425643,5.640,0.123
5.3402115740,-0.7404187271,5.640,0.201
5.5492917130,1.0469638591,5.640,0.110
5.6128950595,-0.6602480958,5.640,1.185
5.8906178985,0.5684997838,5.640,-0.031
6.0953857621,-1.0821250430,5.640,0.521
0.5794159739,-0.0417768501,5.650,0.546
0.6880815283,-0.0592744307,5.650,1.021
1.0038864315,0.7848371413,5.650,0.779
1.3047330172,-0.2858155864,5.650,0.447
1.4710925441,-1.4044511227,5.650,0.600
1.5743728372,-0.8938934057,5.650,0.207
1.5897235034,-0.5615148386,5.650,-0.186
1.8034206739,-0.3321843787,5.650,0.279
1.9503678559,-0.4029271196,5.650,-0.134
2.0997685746,0.0851689879,5.650,0.013
2.5586243960,0.0311643562,5.650,0.342
2.8549061146,-0.2401230197,5.650,0.832
3.3439448301,0.1664988877,5.650,0.989
3.3529425272,-0.4816652165,5.650,0.947
3.5161378636,-1.2326780195,5.650,-0.018
3.5308738693,0.1888151242,5.650,1.052
3.9211191059,-0.4827111888,5.650,0.262
3.9350422462,-1.4525964520,5.650,0.962
3.9478589901,-1.4492919367,5.650,1.273
4.0146316135,0.9068471595,5.650,0.122
4.0221568397,-0.8433016901,5.650,0.639
4.0281147232,-1.0586674358,5.650,0.489
4.0912830677,1.2092224663,5.650,1.371
4.5626803664,1.0480422539,5.650,0.024
4.5962391164,0.3360924191,5.650,0.505
4.8421952624,1.3534516583,5.650,1.192
5.0409006903,0.3705703727,5.650,0.121
5.0459496062,0.2538514303,5.650,-0.020
5.2374592883,-0.5882362035,5.650,0.498
5.2984574294,-0.9153513593,5.650,1.497
5.7646214392,0.1441147065,5.650,1.440
6.1141428550,-0.4710079701,5.650,0.817
0.0704570792,-0.5488431140,5.660,1.350
0.1938917559,0.8353841083,5.660,-0.113
0.4252640216,-1.4795085042,5.660,0.939
0.5614564342,1.0196841959,5.660,0.595
0.9824558633,0.4335268695,5.660,-0.064
0.9860568698,0.7972995538,5.660,-0.080
1.0123076084,0.1140556502,5.660,0.046
1.2278475200,0.8430094070,5.660,0.002
1.2354964758,-0.5369602629,5.660,1.391
1.4015493797,0.5160918369,5.660,0.060
1.7743465671,-0.1764067113,5.660,-0.048
1.9899585152,-0.2529465727,5.660,-0.067
1.9919763937,0.8059980705,5.660,1.560
2.1343564831,-0.8497032935,5.660,-0.101
2.1357401134,-0.2835971846,5.660,-0.153
2.1361108432,-0.9788746215,5.660,0.204
2.2618168894,0.9320326891,5.660,0.964
2.4836502801,-0.3621405906,5.660,1.587
2.7012678166,-1.1288136459,5.660,0.042
2.7064760877,-0.8325061743,5.660,1.667
2.8413263930,0.9875465596,5.660,1.132
3.1933110303,0.4515215695,5.660,1.401
3.2435189532,-0.4335514570,5.660,1.153
3.6442585577,-0.9103780807,5.660,-0.072
4.3187388757,-0.2539607489,5.660,0.823
4.5041280992,-0.6895263420,5.660,0.042
4.5894580715,0.4958043847,5.660,-0.001
5.0917421395,-0.5191172092,5.660,-0.014
5.1358742621,-0.3181918846,5.660,1.237
5.3773370873,-0.1719739864,5.660,0.689
5.4605707273,0.4930643325,5.660,0.616
5.6659161183,0.1007359079,5.660,0.265
5.6817820621,0.0224319005,5.660,1.446
5.9291355153,-0.5773784339,5.660,0.037
6.0218067237,-0.4391977939,5.660,1.253
6.1479915851,-1.1014887362,5.660,-0.142
6.1857057015,-0.2279442468,5.660,1.025
0.0351605535,-0.5851971344,5.670,1.119
0.1327955563,-0.8415089334,5.670,0.367
0.3067974579,0.7344602898,5.670,0.603
0.5911272715,-1.1823971396,5.670,1.306
0.8182646702,-1.3786223885,5.670,0.298
0.9275531626,-0.8792732513,5.670,1.101
1.0549159961,0.1744983089,5.670,0.005
1.1256786888,-1.3999989755,5.670,0.836
1.1961517241,0.0971906844,5.670,0.055
1.3557502579,0.8196427435,5.670,0.452
1.4552867864,0.3235880734,5.670,-0.022
1.4617864673,-0.1048815455,5.670,-0.228
1.5924807933,0.0945963144,5.670,1.047
1.6583699754,0.2557104044,5.670,1.578
2.2005906314,-1.4122192283,5.670,1.018
2.2031277290,-0.4041090818,5.670,0.066
2.2714920875,-0.7887335325,5.670,1.664
2.3238056896,0.5667809608,5.670,0.224
2.5586038156,0.2061241350,5.670,1.489
2.7708672117,0.1509784061,5.670,0.059
2.8995179426,-0.8321573391,5.670,0.256
3.8441891253,-0.6306722507,5.670,-0.081
3.9636267994,0.4590417076,5.670,1.240
4.2423166427,-0.4959755380,5.670,0.012
4.2925771199,1.0768063849,5.670,0.956
4.3120664901,-1.0227593632,5.670,0.008
4.7555868543,0.0544512449,5.670,0.490
4.8580609115,-0.6758959524,5.670,-0.060
4.9600122174,1.0090595046,5.670,1.155
5.1368961903,0.2873301072,5.670,1.007
5.2551246852,-0.0123797702,5.670,1.301
5.4613135067,-1.0895974468,5.670,0.203
5.5386413733,-1.2771092151,5.670,0.590
5.6049795977,0.4568322573,5.670,0.323
0.0204998546,1.1722756186,5.680,1.051
0.5699659010,0.3403450964,5.680,1.641
0.9162192623,-1.3674977535,5.680,0.932
0.9700356839,0.3438342903,5.680,-0.016
1.2775634844,0.7432768427,5.680,0.115
1.4029424491,-0.0072691409,5.680,-0.125
1.7908167991,0.2341040977,5.680,1.329
1.7976883123,0.4119276871,5.680,1.467
1.8705821834,-1.2304062878,5.680,0.436
1.9997262057,-0.8482550714,5.680,0.683
2.2343823908,-0.9287231972,5.680,0.582
2.3456642307,0.2719446494,5.680,0.209
2.5176527944,-0.4415117412,5.680,1.116
2.6302803347,0.3830868170,5.680,-0.178
3.0999433719,-1.0934379732,5.680,0.233
3.2619559067,0.9723704751,5.680,1.582
3.2712733829,0.3647059006,5.680,0.093
3.3090283131,0.0323699599,5.680,1.592
3.6066984699,0.9500294737,5.680,-0.039
3.8637375545,0.0125187360,5.680,-0.021
3.8803575253,-0.4232680082,5.680,1.275
3.8819988865,0.8503384392,5.680,0.501
4.0073127039,0.3590627070,5.680,0.972
4.5326581094,0.5030556847,5.680,0.981
4.5974436705,0.2847950285,5.680,1.002
4.6708204481,-0.9357130060,5.680,-0.099
4.9037639631,0.5572245134,5.680,0.360
4.9480150797,-0.3727996240,5.680,1.206
5.1950690771,0.7085994746,5.680,-0.058
5.2323910244,0.4031934182,5.680,0.345
5.3480181837,0.3736687382,5.680,0.921
5.4061224125,0.5294328057,5.680,1.088
5.4189928047,0.7280968155,5.680,-0.107
5.4795923924,0.8275942253,5.680,0.408
5.5938098171,0.8619980118,5.680,1.100
5.9677728805,-0.2453309555,5.680,-0.016
6.0262981440,-0.8892457481,5.680,1.411
6.0552261544,0.8603735960,5.680,0.449
6.0638656669,1.0355508286,5.680,0.315
6.0681197228,0.3070797157,5.680,1.330
6.1801589460,0.0366907008,5.680,0.449
0.1413557956,0.1213957332,5.690,-0.014
0.2620579674,0.7803933063,5.690,-0.010
0.4076587354,1.0180040193,5.690,1.435
0.4194970760,-0.5219811506,5.690,0.335
0.5068244530,0.6501670781,5.690,1.060
0.7836653041,-0.4411168302,5.690,0.427
1.1209050995,1.0794859549,5.690,-0.116
1.4124301883,-0.0027893497,5.690,-0.208
1.4274082855,0.5272395854,5.690,0.175
1.7102998536,-1.0254478656,5.690,-0.057
1.8385155209,1.2358378977,5.690,1.337
1.8749944494,-0.4403646204,5.690,-0.158
1.9926594215,-0.3438706710,5.690,-0.165
1.9928693927,-0.8522471971,5.690,-0.037
2.0608614191,-0.2591146352,5.690,0.368
2.9057963000,-0.4762628864,5.690,-0.067
3.2119546036,0.7096540240,5.690,1.586
3.4980501849,0.0364292661,5.690,0.045
3.5209194701,-0.7242690903,5.690,1.477
3.5456295538,-0.5007832779,5.690,0.037
3.6884661380,-1.3403561788,5.690,1.239
4.2257384632,0.1489518047,5.690,1.575
4.4548173489,0.3950045790,5.690,1.332
4.5455181275,0.9323623623,5.690,1.463
4.5553876350,-1.0971864567,5.690,-0.147
4.6020327461,-0.5686572733,5.690,0.045
4.6618302128,0.3589346552,5.690,0.938
4.7121130250,0.7941488564,5.690,1.562
4.8429930322,-0.8241539969,5.690,1.258
4.9162524717,-0.1767154249,5.690,0.584
4.9571803251,0.3159990152,5.690,1.092
4.9798139016,0.4588716900,5.690,-0.086
5.2446125759,-0.2380143384,5.690,0.079
5.3284553185,1.1166637930,5.690,1.561
5.4049927998,0.2323927655,5.690,1.509
5.4998006596,0.3373648272,5.690,1.588
5.5240501567,-0.5257825386,5.690,1.047
5.6872751419,0.6681746697,5.690,-0.010
5.7317616065,0.3432789873,5.690,0.011
5.7839245699,0.5055168288,5.690,-0.048
0.0108866995,0.1480992690,5.700,0.315
0.0275615651,-0.8565236643,5.700,0.519
0.2082191863,-0.3152298327,5.700,1.300
0.3264617998,-0.0169959246,5.700,0.428
0.4441833584,-1.0609741229,5.700,1.264
0.4452769842,-0.6428449884,5.700,-0.010
0.4893732141,0.8865014884,5.700,-0.067
0.5173085536,0.8587779510,5.700,1.005
0.8775226967,0.0641516763,5.700,0.964
1.0227022572,-0.7043626789,5.700,0.599
1.0943043148,-0.1539347945,5.700,1.057
1.5659411505,0.2235463825,5.700,0.874
1.6099137628,0.0436278609,5.700,0.067
1.6461464127,0.0890137437,5.700,0.610
1.7394781306,0.6875000971,5.700,1.367
1.7440683491,-0.5318103865,5.700,1.134
1.9175480022,-0.2861509927,5.700,0.346
1.9585127211,0.8409682192,5.700,-0.092
2.0616515092,-0.9488860302,5.700,-0.151
2.2952879856,-0.0357557697,5.700,1.097
2.3352339059,-0.9593336298,5.700,0.481
2.6369705690,-0.4238625372,5.700,0.303
2.6693695077,-1.0133476517,5.700,-0.118
2.8764292308,-0.5888321137,5.700,0.374
2.9182697718,0.4303713939,5.700,0.081
3.3029143967,0.2982686694,5.700,1.436
3.3639685191,-0.9213143579,5.700,0.127
3.4367204779,-0.9330489014,5.700,-0.061
3.5583842642,-0.0941813031,5.700,0.950
3.6383588478,0.9377423141,5.700,-0.032
3.8537999135,-0.4362930969,5.700,0.006
3.9791839866,-0.8507378215,5.700,0.144
4.2146692488,-1.2636340507,5.700,1.169
4.5557885334,0.4007325742,5.700,0.229
5.0954974272,-0.9481548668,5.700,1.406
5.1024573504,-0.7582616952,5.700,0.214
5.2125459660,-0.1435932746,5.700,-0.079
5.2865167979,1.0834749545,5.700,0.530
5.3031664026,0.5886835649,5.700,0.926
5.4837754620,-0.4589583699,5.700,0.507
5.6024210575,0.4236635872,5.700,0.314
5.6498527386,-0.3505367065,5.700,0.423
5.7247550988,0.9738368795,5.700,-0.081
5.9003955653,1.3304023763,5.700,0.020
6.2419726417,-0.2513534193,5.700,1.488
1.3415194767,0.3254540019,5.700,0.650
0.0046969598,-0.8518930353,5.710,0.911
0.0589676694,0.7162023089,5.710,0.331
0.2957029335,-0.1707900723,5.710,0.446
0.8401688302,-1.0004497622,5.710,2.419
0.9056375660,-0.6227565754,5.710,1.284
1.0966690070,0.0963953581,5.710,0.360
1.1951671576,-0.1176161259,5.710,-0.128
1.2876765450,-0.2921798092,5.710,0.953
1.2885365111,-0.2865440815,5.710,0.874
1.3319913006,-0.4564453254,5.710,1.166
1.4686722760,-0.1058498832,5.710,-0.212
1.5750549621,0.8360462769,5.710,-0.007
1.6135538016,-0.3974872685,5.710,0.454
1.7295377116,-0.3256767565,5.710,0.848
1.8960545101,0.2114610290,5.710,1.007
2.1899961294,-0.3069394359,5.710,1.050
2.2318778344,0.4202945695,5.710,0.327
2.3008418205,-0.8055639590,5.710,0.554
2.5955404276,-0.8769225107,5.710,0.006
2.6380893021,0.9405878871,5.710,0.507
2.7774281947,-0.2134558802,5.710,0.528
2.9204511616,0.6337182114,5.710,1.400
3.0394139101,-0.5859080282,5.710,1.020
3.2179928350,0.5050492192,5.710,0.160
3.2522567188,-0.6141188229,5.710,-0.066
3.3549746415,0.2464855858,5.710,0.024
3.3654295729,-1.0529534492,5.710,0.344
3.6355885782,0.3129875947,5.710,0.845
3.9349116346,-0.0024486126,5.710,1.509
4.0472071583,-1.1262872106,5.710,1.646
4.1333265543,0.2463593022,5.710,0.094
4.7541236700,0.0696958084,5.710,0.363
4.8136299057,-0.2096970383,5.710,0.006
4.8344727930,0.1081075063,5.710,-0.034
4.8517406599,-0.7593470752,5.710,1.322
4.9245872460,-1.1358197753,5.710,0.268
5.0884377364,-0.2627287993,5.710,0.007
5.1239797246,0.8942477109,5.710,0.475
5.2186263714,0.2903320147,5.710,0.903
5.3215603281,1.0865978729,5.710,-0.043
5.6078175653,-0.1701443283,5.710,0.208
5.7341608957,-0.0746334143,5.710,1.185
0.1095485505,0.9258410667,5.720,-0.056
0.1310711622,-0.0690684705,5.720,1.545
0.1822672403,-0.9861339861,5.720,0.131
0.5805621845,0.2666838577,5.720,1.551
0.6791324644,0.6512218362,5.720,1.389
0.7035130247,-0.0121414354,5.720,0.511
0.8669301484,-0.3239295100,5.720,0.381
0.9090762923,0.5900531888,5.720,0.048
0.9829023408,-0.8265787901,5.720,0.961
1.1219620969,1.0098536974,5.720,1.108
1.1434463607,0.2456934622,5.720,0.315
1.1694272621,0.3773385591,5.720,0.270
1.2438496492,-0.3714651051,5.720,1.476
1.5150295479,0.2528689166,5.720,0.077
1.5976576771,-1.1526088191,5.720,-0.024
1.6169516370,-0.4739326936,5.720,1.072
1.7332454692,-0.6456086485,5.720,-0.112
1.7876036917,0.5690952458,5.720,1.298
1.8970288884,-0.8176810288,5.720,-0.109
2.2491620586,-0.1393172693,5.720,-0.004
2.3272921286,1.0814455840,5.720,0.305
2.3423761535,0.7964224647,5.720,1.125
2.4084626114,-0.3446611215,5.720,0.977
2.4804893536,0.1429127669,5.720,1.045
2.5405371969,1.2084229910,5.720,1.131
2.5774111312,-0.8191514788,5.720,1.085
2.5930980944,-0.7903464565,5.720,-0.114
3.1854744742,0.1013514086,5.720,0.352
3.2076620442,1.2252212719,5.720,1.179
3.5647684162,0.4295830801,5.720,1.593
3.7378205261,-1.1621779843,5.720,-0.095
3.8560458476,0.7061471919,5.720,1.398
3.9147500799,0.2860267867,5.720,0.951
3.9159337762,-0.3737705500,5.720,1.024
4.0257783463,1.1055166643,5.720,1.315
4.0311462121,-0.2158885263,5.720,1.039
4.2205119508,-0.6415075647,5.720,0.298
4.2563226158,0.3282630360,5.720,1.126
4.5725885855,-0.9127577647,5.720,1.169
4.5951080096,0.7198339725,5.720,1.089
4.7207069722,-0.3975912001,5.720,-0.030
4.7378132642,0.5625313733,5.720,1.179
5.0848417200,-0.2425506743,5.720,1.372
5.8238990048,0.7496871604,5.720,0.014
5.9065296112,0.9882880987,5.720,0.966
5.9379502362,0.2539307557,5.720,0.723
6.0003664217,-0.0870552573,5.720,0.881
6.0074092273,-0.8372208518,5.720,0.226
6.2724932257,-1.4341336319,5.720,1.055
0.2340066300,-1.0973120904,5.730,1.574
0.7219455465,-1.1118541957,5.730,0.932
1.1540373486,0.5956940975,5.730,-0.054
1.2275306044,0.4994258587,5.730,0.018
1.4111001589,-0.6925191282,5.730,1.626
1.4981956917,-0.3238890440,5.730,-0.014
1.7132571345,-0.5590367563,5.730,-0.180
1.8337464773,0.2806314569,5.730,1.641
2.0059517258,-0.6656561321,5.730,-0.125
2.1400053573,0.4451869599,5.730,0.825
2.1785470022,1.0909557388,5.730,0.891
2.3957706790,-0.3198935161,5.730,0.000
2.5178251193,0.2868963803,5.730,1.223
2.7147567602,0.7195910454,5.730,0.531
2.8578447561,0.5940192796,5.730,1.032
2.9930318451,0.9747744006,5.730,0.988
3.0611835351,0.5540732344,5.730,0.440
3.0966307944,0.6096741895,5.730,0.467
3.2384608161,-1.1921875612,5.730,1.038
3.5639954316,-0.4624284404,5.730,0.220
3.5808680991,0.3482930084,5.730,0.017
3.6293704241,-1.2112804608,5.730,1.704
4.1691986514,0.7429202183,5.730,-0.102
4.2041626098,1.3403070781,5.730,0.051
4.4097895300,0.5202222222,5.730,1.626
4.4698407868,-1.0072673232,5.730,-0.097
4.6397811491,0.4246005844,5.730,0.683
4.9078804688,0.6561498090,5.730,0.285
4.9885650876,-0.6676433635,5.730,0.328
5.0938861597,0.9131638660,5.730,-0.002
5.2512605182,0.2797981751,5.730,-0.095
5.2517934743,0.5217976917,5.730,0.749
5.3026958366,-0.4718144508,5.730,0.878
5.3539608022,0.8619023418,5.730,0.339
5.5665717786,-0.9296161890,5.730,0.191
5.6556643014,-0.4567791268,5.730,0.234
5.6827159908,0.7169292301,5.730,0.055
5.9161051131,0.6917495658,5.730,-0.160
6.0028057748,0.6344514397,5.730,-0.051
6.2142473017,-1.1240697222,5.730,1.393
0.0739617655,1.0739566852,5.740,0.898
0.2111103190,0.0921641161,5.740,0.890
0.6750515248,-0.1371731950,5.740,1.393
0.6813523324,-0.5243837819,5.740,1.017
0.7084537682,0.3492659502,5.740,-0.017
0.8273399182,0.5074907832,5.740,0.115
0.9076400922,-0.1969883239,5.740,1.102
0.9717654758,1.0466633277,5.740,1.736
1.1683551194,-1.0912008915,5.740,1.005
1.3209946430,-0.3978487135,5.740,1.188
1.4686378871,0.9499592968,5.740,1.671
1.6011587564,-0.3806964407,5.740,1.584
1.6958232202,-0.5649854007,5.740,-0.160
1.7906604569,-0.5533750936,5.740,0.094
1.8121368064,0.4428894705,5.740,0.573
1.8667379028,0.1303972828,5.740,1.176
1.9254988959,0.7893810011,5.740,0.342
2.0782981933,-1.0563855898,5.740,1.554
2.2060625573,0.0366904763,5.740,1.528
2.2901576332,-0.6483418109,5.740,-0.139
2.3736770175,0.9474325538,5.740,0.034
2.4539324349,-0.8036795232,5.740,0.903
2.4973050723,-0.3385991715,5.740,0.135
2.6966862912,1.1363550943,5.740,0.163
2.8004017315,1.1945644178,5.740,1.315
2.8093404994,-1.1213573212,5.740,0.012
2.9387553380,-1.0405533972,5.740,-0.106
3.0093727677,0.2690122998,5.740,1.371
3.2838370567,-0.2418870141,5.740,0.376
3.5209936142,1.3725944525,5.740,0.769
3.5779132873,-0.8717911855,5.740,1.496
3.6425841115,-1.1807518869,5.740,1.490
3.8070672800,0.9668776693,5.740,1.529
3.8164267398,0.8616403265,5.740,1.560
3.8254808163,-0.7018244664,5.740,-0.112
3.8319148607,0.7616988626,5.740,1.481
3.8680135681,-0.8280036703,5.740,0.066
3.9994724122,-1.0629752655,5.740,-0.057
4.0619519801,1.1206531078,5.740,0.976
4.1500152369,-0.9609003177,5.740,0.017
4.1842926434,-1.1351200026,5.740,-0.066
4.2395528674,0.4100616408,5.740,1.519
4.3707757677,0.0206163751,5.740,0.336
4.3910466728,-1.0210803503,5.740,-0.101
4.4512809656,-0.4361415475,5.740,0.407
4.5361876524,1.3986440178,5.740,1.499
4.6170870561,-0.1906993462,5.740,1.228
4.7077119523,-0.6433000119,5.740,0.915
4.7130503110,1.3963348775,5.740,0.516
4.7396740560,-0.0829249880,5.740,0.968
4.8430494033,-1.0039682457,5.740,0.987
4.8592162494,-0.2592444776,5.740,0.043
4.8762685757,1.0912948747,5.740,-0.045
5.2302585787,-1.2071387716,5.740,0.224
5.6677836035,1.0033729852,5.740,0.200
5.7372721942,0.9880523077,5.740,0.655
5.7922087996,0.3399120463,5.740,0.331
6.2163329450,-1.3751700808,5.740,1.108
6.2276193348,-0.2078883719,5.740,1.068
0.4089041859,-0.1226153279,5.750,0.639
0.4439559915,-0.1976527572,5.750,0.443
0.6021281478,1.0105425038,5.750,1.175
0.7904904225,-0.1337447816,5.750,1.043
1.0951229185,0.5862001070,5.750,1.412
1.2920581761,0.9227514041,5.750,0.105
1.3721810926,-0.6279170366,5.750,1.009
1.4535229060,-0.6132978093,5.750,1.085
1.6132648945,0.4034060853,5.750,0.192
1.6954483864,0.5322038338,5.750,0.779
1.7474269565,1.3612832046,5.750,1.488
1.7816223460,-0.0230195393,5.750,0.292
1.7857924538,-0.0396545497,5.750,-0.098
1.8012865523,0.1462651079,5.750,0.270
1.8647815898,-0.4160990932,5.750,-0.117
1.8822698204,0.4687358769,5.750,0.130
1.9022028731,0.4869018096,5.750,1.605
1.9607397297,-0.1802342808,5.750,1.616
2.2165260819,-0.6128507481,5.750,-0.151
2.3352817701,-0.3183688124,5.750,1.327
2.4904463640,-0.5565719158,5.750,0.066
2.6162647307,0.5174069148,5.750,1.059
2.9393817177,-0.9290703957,5.750,1.309
3.1804124899,-0.7736344507,5.750,0.240
3.3744411962,-1.0529307571,5.750,0.295
3.3813227827,0.8237381923,5.750,1.451
3.5129608269,0.4163381441,5.750,0.090
3.9627795022,-0.7083231988,5.750,-0.113
3.9719790812,-0.4595909399,5.750,1.045
3.9894714462,-1.2231175866,5.750,3.271
4.2219817303,-0.2224493745,5.750,0.018
4.2953522695,0.9635106848,5.750,0.001
4.5576027667,0.2845062310,5.750,0.074
4.6425155031,0.9390170694,5.750,0.017
5.1866863676,0.2062262947,5.750,0.546
5.2376679453,-1.1684867616,5.750,1.033
5.4166036600,-0.5514941849,5.750,1.551
5.4218011543,1.4404404497,5.750,0.000
5.5350718265,-1.1157586231,5.750,1.180
5.5425523423,0.9348524600,5.750,-0.111
5.5827807410,0.8641176430,5.750,-0.119
5.6205591956,0.5624381048,5.750,0.333
5.7822272276,0.4655437010,5.750,1.249
5.8342356898,-0.0940237504,5.750,0.878
5.8390440747,1.0961433487,5.750,1.256
6.1270693959,-0.9056718429,5.750,1.611
6.1397324545,0.7489558631,5.750,-0.007
0.4354167347,-0.9808122093,5.760,0.880
0.5054938246,0.4115018893,5.760,1.185
0.7114269584,0.9617814726,5.760,-0.110
0.7671084252,0.3199474715,5.760,1.452
0.9159458908,-0.7441081425,5.760,0.205
0.9276387788,0.1635973580,5.760,-0.072
0.9857092507,0.4285570628,5.760,-0.036
1.0194680551,0.8491113250,5.760,1.040
1.1374634920,0.1070026100,5.760,0.914
1.1895548413,-0.0560170540,5.760,-0.117
1.2590029088,-0.2850032687,5.760,0.537
1.4628383655,-0.5773501039,5.760,1.120
1.6232536561,0.3454101326,5.760,-0.071
1.6566778572,-0.6003337609,5.760,-0.080
1.6830539544,-0.8408454973,5.760,-0.061
1.6956905725,-0.3048393620,5.760,1.118
1.7382758147,0.5058724006,5.760,-0.001
2.0062469891,-0.6677743511,5.760,-0.071
2.0629688889,-0.0947409557,5.760,0.412
2.2459397061,0.6356422607,5.760,0.051
2.3963017422,-0.2156826571,5.760,0.937
2.7574340307,-0.7865624762,5.760,-0.194
3.0297425005,0.0534099630,5.760,0.480
3.2930299439,-0.7796912465,5.760,0.683
3.3566650761,0.4808797278,5.760,0.051
3.4581460641,0.2016919242,5.760,1.499
3.4948559953,-0.8182104859,5.760,1.106
3.5105282311,-0.0901289803,5.760,0.415
3.6592953532,0.3786704519,5.760,-0.002
3.8744533652,-0.4650631326,5.760,-0.007
3.8803520622,0.8048796220,5.760,0.482
3.9684363519,-1.1708389969,5.760,0.675
4.0939752155,0.8167748408,5.760,0.353
4.1717685865,-1.0556183658,5.760,0.087
4.2778923139,-0.9623694186,5.760,0.970
4.3250299999,0.3873838162,5.760,1.605
4.4606756052,0.4451570393,5.760,1.018
4.5326078323,-0.7702093727,5.760,-0.049
4.5514635753,-0.9865569089,5.760,0.994
4.5566762551,-1.0589575614,5.760,-0.067
4.6142938324,0.4242893911,5.760,0.114
4.6979781995,-0.4898335228,5.760,0.207
4.8056904099,-0.3291690859,5.760,0.670
4.8479755544,0.2954590361,5.760,0.053
4.8764471110,-0.0054013102,5.760,0.067
4.9027263824,-1.1266349003,5.760,0.967
5.0893898901,0.2273082171,5.760,0.456
5.1177278234,-0.9282641424,5.760,0.300
5.2038238085,-0.9594253919,5.760,0.915
5.2104097409,-0.1496482117,5.760,1.664
5.3163276984,0.9668616969,5.760,0.118
5.3812586042,-1.4131034272,5.760,1.122
5.4993515730,-0.8947484835,5.760,0.480
5.6043114299,-0.7157018498,5.760,-0.036
5.8135788348,1.1046369503,5.760,1.645
5.8662741033,-0.2361320339,5.760,0.970
5.8757516387,0.0766856859,5.760,0.519
5.8975988653,-1.5004116147,5.760,1.020
6.0178816746,0.2047069373,5.760,0.293
6.2519532357,-0.1570230126,5.760,1.171
0.0650509314,-0.1670205225,5.770,-0.084
0.1108435581,0.0338540182,5.770,0.855
0.2991390845,1.0168890214,5.770,-0.019
1.1546411810,0.5927083421,5.770,0.400
1.2592830333,-0.0990307608,5.770,0.631
1.4312870802,0.3008795713,5.770,1.634
1.4395165856,0.0312284816,5.770,-0.192
1.7905455775,-0.2981817331,5.770,1.435
1.8898420603,-0.1963729459,5.770,1.508
1.9397481935,0.4823715944,5.770,0.368
2.0081975691,0.6692384489,5.770,1.654
2.0893448624,-1.0615871308,5.770,-0.082
2.1467527302,-0.8140975082,5.770,0.626
2.1564460918,-0.6194176806,5.770,1.024
2.4672636227,-1.0812397785,5.770,0.137
2.5084330562,1.2602268394,5.770,0.530
2.6738709362,0.0805413566,5.770,1.178
2.8071380963,0.0828624638,5.770,1.168
2.9375845039,-0.7744412666,5.770,1.661
3.0091380741,-0.4269775420,5.770,0.067
3.2001369210,-0.6794425009,5.770,-0.144
3.4711671664,0.7130577445,5.770,0.198
3.6293555354,-0.8185361411,5.770,-0.153
3.6652010853,-0.4365138764,5.770,0.480
3.9594209286,-0.8567579080,5.770,0.920
4.0838563109,0.9534832588,5.770,0.051
4.3474296490,-0.0405716380,5.770,0.827
4.3661365142,0.0736492081,5.770,-0.004
4.5551359850,0.1545065029,5.770,1.251
4.6828773007,0.1064899388,5.770,0.425
4.8495204968,-0.1884228866,5.770,0.379
5.5261664828,0.5442749362,5.770,0.554
5.6415285937,0.8722741851,5.770,-0.042
5.6680428506,0.3536988396,5.770,0.314
6.0867338808,-0.7174245167,5.770,1.160
6.1125244061,0.6664073074,5.770,0.468
6.2371868224,0.0187820375,5.770,0.167
6.2454606426,0.1625486336,5.770,1.661
0.0188926560,-0.2884861027,5.780,1.084
0.0581452734,-1.4834247649,5.780,1.710
0.1590681224,1.0528910683,5.780,0.294
0.4508582067,1.0568201176,5.780,-0.010
0.4742627881,0.5705517929,5.780,0.572
0.4924818625,-0.2954711474,5.780,0.260
0.6849406610,-0.6034995451,5.780,0.653
0.7179829050,0.2672423980,5.780,-0.024
0.8387939973,0.4757238410,5.780,-0.106
0.8922775960,0.5853129507,5.780,-0.001
1.0118341866,0.5996797520,5.780,-0.036
1.1386845678,-1.4238382115,5.780,0.359
1.1869577787,0.9409214859,5.780,0.119
1.2136904897,0.2798337112,5.780,0.312
1.2395706924,-0.1484153039,5.780,-0.076
1.4037945147,0.1471060560,5.780,-0.114
1.4224306125,-0.3437495645,5.780,0.441
1.5135011658,0.1661962331,5.780,0.888
1.6214535526,0.8501671378,5.780,0.100
1.6246197264,0.5706071175,5.780,1.646
1.6765241073,-1.0521075988,5.780,-0.001
1.7246636405,0.0155372062,5.780,0.004
1.7925863554,-0.0094401707,5.780,0.396
1.8425944972,0.2676638342,5.780,1.140
1.8572503381,0.1603224601,5.780,1.513
1.9009129848,0.1392378713,5.780,1.537
1.9594895241,-0.5490145420,5.780,-0.185
1.9834792931,-0.4714531356,5.780,1.045
2.0015945078,-0.6369898467,5.780,-0.148
2.0473384210,-1.0521488476,5.780,0.428
2.0493797782,-1.1553377036,5.780,-0.040
2.1002682933,1.0305715026,5.780,0.421
2.3291901027,-1.0533744239,5.780,-0.088
2.4066188528,-0.8130426215,5.780,-0.218
2.6767542442,-0.9033089052,5.780,0.136
3.1644873402,1.3422582640,5.780,1.029
3.2720703746,-0.9865463154,5.780,1.572
3.2987480178,-0.6958541351,5.780,0.003
3.4520355486,-0.7371030042,5.780,0.521
3.8663368122,0.2640995195,5.780,1.335
3.9024742810,-0.2076653418,5.780,0.982
4.1456729032,-0.9286856844,5.780,-0.076
4.1693293052,-1.0502980780,5.780,0.355
4.1772511580,-0.6315533898,5.780,1.095
4.2471671841,-0.9693724009,5.780,0.365
4.4286642642,-0.7182179567,5.780,0.132
4.5849073984,1.5178787686,5.780,0.239
4.6306666919,-0.8189404198,5.780,-0.004
4.6756986381,-1.0500608706,5.780,1.008
4.8804289205,-0.4102377765,5.780,-0.018
5.0031604532,0.4232561836,5.780,0.104
5.3839655818,0.8149617012,5.780,-0.140
5.4750846212,-0.3128135154,5.780,1.122
5.6166746237,-0.3699436572,5.780,1.440
5.7228071651,0.3460408755,5.780,-0.100
5.8059419608,0.2028864881,5.780,1.617
5.8694304775,-1.2292637003,5.780,0.396
6.2603959057,0.0019077964,5.780,1.466
0.0905768781,0.5744085645,5.790,1.595
0.4002075581,-0.5285394774,5.790,1.073
0.5923966495,0.4499971481,5.790,0.439
0.6810337351,0.1201985616,5.790,0.918
0.6990351188,-0.1649837921,5.790,0.524
0.8543365913,0.9972919602,5.790,0.644
0.9319354457,0.6963772685,5.790,0.139
0.9861738249,1.1728892737,5.790,0.347
1.1936620458,-1.0964800194,5.790,1.028
1.2908275794,0.2625023765,5.790,-0.085
1.2994446817,0.4179812595,5.790,1.109
1.3009532717,0.4372120549,5.790,0.018
1.4606065935,-1.2870280706,5.790,1.717
1.5273583767,0.1722852577,5.790,0.876
1.5973790001,-0.5193859615,5.790,0.041
1.6536249522,-0.3652208086,5.790,-0.155
1.7500882317,0.0086450192,5.790,-0.094
1.9422837607,-0.2400172896,5.790,0.432
1.9435163576,-0.4401330578,5.790,-0.103
1.9541623556,-0.2017053850,5.790,0.583
2.0152624204,0.2352782916,5.790,1.669
2.2508952713,-0.8895882363,5.790,-0.132
2.2947603104,-1.3876130739,5.790,1.595
2.3247799232,-0.6758628059,5.790,1.508
2.4415071326,-0.2763670034,5.790,1.285
2.4509727085,0.9895880628,5.790,1.511
2.5796002718,-1.0371754193,5.790,1.354
2.7493626838,0.6793717100,5.790,0.087
2.8087676033,0.9983144195,5.790,-0.038
2.9229459171,-0.5649199437,5.790,0.027
2.9410131401,0.1406856761,5.790,1.128
3.2452036265,-0.6791317106,5.790,-0.064
3.4019024923,-0.0665306563,5.790,0.203
3.4435662924,0.1749250706,5.790,1.025
3.5787075575,-1.1270734705,5.790,0.401
4.0919273474,-0.4038988202,5.790,1.074
4.2032883226,0.6393452925,5.790,0.586
4.3120152759,-0.6489113451,5.790,1.104
4.4486969246,-1.2089575206,5.790,-0.103
4.7465321969,0.4554845007,5.790,0.127
4.8660217205,0.3177094415,5.790,0.006
5.0319055605,-0.4521587177,5.790,1.387
5.1007965974,0.0340417313,5.790,0.088
5.2133165894,0.6456963553,5.790,0.773
5.4128855745,-0.2814200244,5.790,0.997
5.6517848612,-0.0695217796,5.790,1.110
5.7676284098,0.9229694253,5.790,-0.106
5.7937881634,0.3787875083,5.790,-0.077
5.8648068978,-0.0844219226,5.790,-0.033
5.8868665298,0.4671059315,5.790,1.252
5.9937629500,0.7810202351,5.790,0.282
6.0388127907,-0.7239433044,5.790,1.069
0.0094610817,0.4726745358,5.800,0.690
0.0222631932,1.0701306540,5.800,-0.067
0.1996613958,-0.8299387079,5.800,0.635
0.2381811868,0.3349010618,5.800,-0.016
0.3105435168,0.6584101217,5.800,-0.095
0.6876620398,1.1474725836,5.800,1.561
0.7321398447,1.4215440652,5.800,1.300
0.7770505511,0.3607374468,5.800,0.415
1.0197989442,1.0118570985,5.800,0.182
1.0978267939,-0.3552819622,5.800,0.165
1.3453717831,-0.1512384405,5.800,-0.059
1.4372557508,-0.0601509169,5.800,1.149
1.5945893068,-0.6198300754,5.800,0.027
1.8109782401,-0.3561322701,5.800,0.048
1.8636538235,-0.7137221696,5.800,-0.158
1.8944713318,-0.0680988862,5.800,1.585
1.9323744326,0.9648422978,5.800,-0.078
1.9414667553,0.9056035003,5.800,1.610
2.0252871182,-0.6294094410,5.800,0.320
2.0812653073,0.2755923966,5.800,1.285
2.1831865663,0.3621160440,5.800,1.137
2.2428657270,-0.0375517107,5.800,0.007
2.3506623236,-0.2815692038,5.800,0.521
2.3595211155,-1.0640195268,5.800,1.211
2.5352469012,-0.9993675414,5.800,1.083
2.5576377830,0.1170863866,5.800,1.639
2.6594591196,-1.1987406299,5.800,0.015
2.6992985043,-0.9793111074,5.800,0.481
2.8374731179,-0.1552952544,5.800,0.156
2.9887983336,0.1994962258,5.800,1.376
2.9966780303,-0.9278155460,5.800,0.517
3.0381784295,0.4848760421,5.800,0.248
3.2179206032,0.9283638540,5.800,1.330
3.8663964326,-0.4040963897,5.800,0.980
3.8832410315,0.4994404795,5.800,0.046
4.1098660803,0.3222582346,5.800,0.207
4.2618602501,0.5087680267,5.800,0.063
4.6016110833,0.1673194795,5.800,0.040
4.9281789563,-0.7995370778,5.800,0.891
5.2395020868,-0.7873689591,5.800,0.295
5.2538944811,0.2979307262,5.800,0.600
5.7987830362,-0.3232278499,5.800,-0.154
5.8332224237,-0.1577789287,5.800,1.158
5.9219667972,1.3154862610,5.800,1.594
5.9929301050,-0.2027464191,5.800,-0.082
0.4353730500,-0.9807811327,5.800,0.860
0.3068471429,0.4443217906,5.810,1.466
0.6104478333,-0.9764208913,5.810,1.570
0.6232511663,0.7225016843,5.810,0.289
0.6832288344,0.1349144052,5.810,1.040
0.7981867808,-0.8198690493,5.810,1.304
0.9200570317,-1.1604644259,5.810,-0.055
0.9974342554,-0.3648257654,5.810,1.602
1.1479664880,-0.4344500935,5.810,1.507
1.3885001782,1.2787690793,5.810,-0.023
1.4779684680,-0.7104765271,5.810,-0.078
1.5648003651,-0.7685480994,5.810,1.061
1.7710524344,-0.9147216713,5.810,1.551
1.9047252444,-0.6687914639,5.810,-0.133
2.6932291647,0.4032796108,5.810,0.500
2.8797490678,-0.7645783125,5.810,-0.064
3.4839480350,0.5951276670,5.810,1.366
3.5005695834,-0.9107644007,5.810,0.072
3.5722581280,-0.5159344646,5.810,0.431
3.6024247214,-0.4558103520,5.810,0.023
4.1550884605,0.9743599523,5.810,0.972
4.6337079895,1.2593756711,5.810,0.530
4.7874110895,-0.3032315195,5.810,1.569
4.8257470294,0.5206130428,5.810,0.068
5.0717482735,-0.0044042433,5.810,1.093
5.2631685604,0.9279162993,5.810,0.445
5.2947174957,1.0583775850,5.810,1.476
5.5897677769,0.1283602855,5.810,1.663
6.0530043479,-0.8846494753,5.810,0.486
6.1081003439,0.7344004143,5.810,1.512
6.1851588821,0.7754322268,5.810,-0.064
6.2809526889,0.5885927032,5.810,0.539
0.3980513322,1.2263486830,5.820,0.489
0.7770882059,-0.4120026322,5.820,1.334
0.9189845376,0.8395661389,5.820,-0.033
0.9459167849,0.0102583063,5.820,0.885
1.0018634079,1.1047404738,5.820,0.189
1.2717787430,-0.6092296285,5.820,0.105
1.6016064861,-0.5988577323,5.820,-0.137
1.6889064430,-1.0123278969,5.820,1.279
1.7070116968,-0.6153828533,5.820,0.813
1.7123997844,0.5664448278,5.820,0.188
2.0473340762,-0.8178214468,5.820,-0.142
2.2214818695,-0.7707446098,5.820,-0.160
2.9807421492,-0.9909866834,5.820,-0.004
3.2070121768,-0.3638002646,5.820,1.052
3.2509095475,0.9909600384,5.820,1.622
3.4785808670,-0.7675867203,5.820,0.187
3.5174228636,1.2634696031,5.820,1.652
3.6491789364,-0.8132003551,5.820,1.140
3.9644836680,0.4382283517,5.820,1.233
4.0608285860,-0.2898898397,5.820,1.056
4.0754684839,-0.6992911635,5.820,1.695
4.0939809523,-0.3668040944,5.820,1.077
4.1925087515,0.0772720638,5.820,1.003
4.5583659522,-0.3742244064,5.820,0.939
4.6962738292,0.0116998987,5.820,0.058
4.8869501106,-0.1359750853,5.820,1.536
4.9079823817,-0.4365227979,5.820,0.033
4.9108012712,0.0959953381,5.820,0.041
4.9348100045,-0.1705901483,5.820,0.594
4.9896238218,0.0317434868,5.820,0.182
5.1005125712,0.4322957614,5.820,1.023
5.3248109053,0.3105451690,5.820,1.500
5.9192438150,-0.5526373685,5.820,1.074
5.9698290387,0.6530443991,5.820,1.024
5.9957126577,0.7047099604,5.820,1.136
6.1667976323,-1.3506287531,5.820,0.681
0.1835090087,1.1544932763,5.830,1.042
0.2806709232,1.0747769612,5.830,0.569
0.4805889105,0.3887779937,5.830,0.743
0.7353717846,0.3191123437,5.830,1.216
1.4710830903,0.4699207039,5.830,-0.075
1.6211422210,0.4262138124,5.830,1.110
1.6314635116,-0.0652992880,5.830,0.910
1.6345519543,-0.0797346233,5.830,-0.155
1.9304352065,-0.1044200570,5.830,0.352
1.9821044107,0.0588477078,5.830,-0.018
2.1077877544,-0.5665957913,5.830,1.225
2.1431766577,-0.8458213535,5.830,-0.146
2.4309325424,-0.2543654874,5.830,1.049
2.4378146826,-0.8999031295,5.830,0.474
2.6031214923,-0.5832627899,5.830,1.202
3.0066668500,1.0782359243,5.830,0.382
3.1240238866,0.9878312182,5.830,1.101
3.3538973726,1.0527795019,5.830,0.467
3.6388109403,-0.8225416314,5.830,-0.053
3.7838891189,-0.8051946308,5.830,0.311
3.8321041931,0.9428851453,5.830,0.007
3.9361849257,-0.4897500523,5.830,0.164
4.2942975259,0.1212690924,5.830,0.018
4.3466847066,0.8135561364,5.830,1.044
4.3565086645,-0.7574454209,5.830,-0.053
4.5672533853,0.8422970269,5.830,0.121
4.5878504097,-1.4112581105,5.830,1.617
4.7465364396,0.4555532808,5.830,0.158
5.1812846838,0.6703393188,5.830,-0.087
5.3150357875,0.7109089460,5.830,0.073
5.4821856031,0.8853810598,5.830,0.337
5.5071684356,0.9890713514,5.830,-0.058
5.5511434234,-0.7028329485,5.830,0.450
5.5771321944,-0.0788797763,5.830,-0.130
5.7740605299,0.1987328239,5.830,-0.050
5.8761191073,1.3750725363,5.830,0.171
6.0648327766,-0.7480706650,5.830,0.475
0.0450054709,-0.0916051346,5.840,0.973
0.0467480993,-0.2195606163,5.840,1.000
0.3644072210,-0.5401029112,5.840,1.612
0.5136898954,0.4852779904,5.840,1.576
0.5635452318,-0.7595078753,5.840,1.197
0.6670521930,0.6028787797,5.840,1.083
0.6907615527,-0.5269858049,5.840,0.476
0.7938425420,-0.1738593442,5.840,1.092
0.8615089153,-0.8334237592,5.840,1.228
1.0908531115,1.5119113361,5.840,0.393
1.2623875125,0.5687712256,5.840,0.250
1.3039779667,-1.4393819772,5.840,0.932
1.3435716072,0.3788205853,5.840,0.168
1.8836178975,-0.3644782079,5.840,-0.038
1.8967348577,0.4343249093,5.840,1.554
1.9772963444,-0.4312836226,5.840,0.156
2.6908442495,0.4428023429,5.840,1.206
2.7887210302,0.6616543211,5.840,0.595
3.0384999311,-1.0655659719,5.840,-0.102
3.3221617642,-0.8053923316,5.840,1.475
3.3872183989,0.9442142087,5.840,0.204
3.4657404032,-1.3691663598,5.840,1.040
3.4676274080,-0.8544612336,5.840,1.061
3.7414369733,0.2663962309,5.840,1.678
3.8016476030,-1.1818880444,5.840,1.006
3.9875910847,-0.4571640299,5.840,1.139
4.0952840110,0.8800523157,5.840,0.847
4.1786428338,-0.3662238321,5.840,0.012
4.3709924484,-0.5785026299,5.840,0.653
4.4263689032,-0.7413965075,5.840,0.626
4.5951165551,-0.7186055687,5.840,0.041
4.6789194971,-0.6006872142,5.840,1.129
4.7391070221,-0.1452804323,5.840,0.184
4.8835975105,-0.8361831840,5.840,0.233
4.9514365715,0.8527574184,5.840,0.452
5.0695191464,-0.3195416555,5.840,1.062
5.0897209431,0.3471720458,5.840,1.558
5.0978739018,0.0511386725,5.840,-0.003
5.2902288009,-0.2202168746,5.840,0.476
5.6243072531,0.3871041790,5.840,1.370
5.7400238825,1.1400631789,5.840,-0.037
5.9292173798,0.3407277621,5.840,0.922
5.9610403195,0.7774753184,5.840,0.358
0.7111853596,0.9342067701,5.850,1.125
1.0422810998,-0.0954685806,5.850,1.001
1.1375790216,-0.1325140087,5.850,-0.124
1.2141550428,0.3610165069,5.850,-0.019
1.8174737627,0.8076336273,5.850,-0.079
1.8868739033,0.4211234026,5.850,0.397
2.3681803516,0.1273787847,5.850,1.100
2.4178784711,-0.7704899438,5.850,-0.113
2.4214384051,-0.6562856171,5.850,0.827
2.6024296795,0.1559130078,5.850,1.129
2.8335745177,-1.0353955070,5.850,0.008
2.8349592829,-0.1719619666,5.850,1.074
3.1053487563,-0.5381689336,5.850,0.554
3.2002022130,0.1791116398,5.850,0.262
3.5844589690,1.1313645032,5.850,0.073
3.9035681760,-0.5812046729,5.850,1.429
3.9647482175,-0.7481863721,5.850,-0.123
4.0907624800,0.9513568628,5.850,1.098
4.1348246932,0.9665044675,5.850,0.249
4.8820788725,-0.3674244635,5.850,0.673
5.0269188268,0.8701470838,5.850,0.666
5.0786534545,0.7572664324,5.850,0.924
5.9209455776,-0.7084471956,5.850,0.060
6.0245057207,0.0525659144,5.850,1.343
6.0800364731,0.1931207037,5.850,1.004
6.2504598128,-0.2487306613,5.850,1.252
0.0748340838,0.8368400886,5.860,-0.079
0.2100906241,1.2684089867,5.860,1.010
0.4720341321,0.2959301874,5.860,-0.039
0.5803935984,-0.3665215423,5.860,1.006
0.7491634609,0.8175460697,5.860,0.903
0.9533318240,-0.1290123463,5.860,0.980
1.1407936346,-0.0017133822,5.860,1.320
1.2363909063,0.8722071557,5.860,0.013
1.3210247764,-0.0734804653,5.860,1.212
1.4271935357,-0.7145990491,5.860,0.239
1.4468778958,-0.8015479883,5.860,1.349
1.6339614854,0.3125248091,5.860,0.253
1.7051229575,1.0151294496,5.860,0.934
1.8437430903,0.2910240035,5.860,1.659
1.9114446924,-0.7677142429,5.860,-0.117
1.9609966481,-0.1317927469,5.860,0.487
2.0748643984,0.1546857309,5.860,0.369
2.1572177294,-0.7999633257,5.860,-0.176
2.3127236022,-0.5142263047,5.860,0.948
2.4323793514,-1.3043646722,5.860,-0.024
2.4887293596,-0.2718760771,5.860,1.193
2.4938591416,-0.6233399854,5.860,1.287
2.6109303149,1.2719873908,5.860,1.155
2.6669199090,0.6527863084,5.860,1.282
2.8806436561,-0.2458011464,5.860,1.501
3.2949028538,0.3819021932,5.860,1.242
3.3120140178,-0.5309708196,5.860,1.207
3.7465134382,-0.3266552564,5.860,0.013
3.8113604631,-0.9194311101,5.860,1.085
3.8115384626,-0.9599071363,5.860,0.482
3.8845068246,0.4173404103,5.860,0.576
4.1191093587,0.0438980544,5.860,0.684
4.1449755069,-0.8536825565,5.860,0.068
4.2268762809,-0.4133884900,5.860,0.020
4.2380754730,-0.7176759527,5.860,0.273
4.3953023681,0.7372081903,5.860,1.504
4.4218806014,-0.3563186504,5.860,0.685
4.5505987579,-1.0124712071,5.860,1.075
4.7106991519,-0.0841445268,5.860,1.561
4.7607895110,-0.7218527007,5.860,0.295
4.7615324709,-1.3245567211,5.860,1.253
4.7672311326,-1.2858262439,5.860,0.464
5.0176509778,-0.7311577975,5.860,-0.080
5.1650905128,0.7290782802,5.860,1.598
5.3146290773,-0.3806556155,5.860,1.002
5.3470217576,-0.5002684252,5.860,1.101
5.4510714313,-0.4499675209,5.860,-0.069
5.9910074704,0.2939342846,5.860,1.132
6.1740319381,1.2503895335,5.860,1.681
6.2381674525,0.6357410818,5.860,0.806
0.0113507568,1.1536445904,5.870,1.073
0.3324780076,1.2521662679,5.870,2.042
0.3482146540,-0.0088842261,5.870,0.635
0.5365846418,-0.2671389085,5.870,0.966
1.1670993815,0.1956915510,5.870,0.049
1.4748845912,0.1316226017,5.870,-0.061
1.5266904425,-0.4009347948,5.870,0.055
1.5511738255,-0.0805739253,5.870,1.173
1.6871214401,-0.0263079742,5.870,0.070
1.7350313352,0.9923511183,5.870,0.006
1.7882233802,0.2827937401,5.870,-0.136
1.9112966930,0.7135498074,5.870,0.181
1.9245406353,-0.4518944249,5.870,1.604
1.9634759021,-0.9189360508,5.870,1.010
2.0340755975,-0.6620674382,5.870,-0.111
2.0980274576,-0.9451180449,5.870,-0.134
2.0984582682,0.4431885933,5.870,1.021
2.4902373147,0.5874029616,5.870,1.032
2.8284598367,-0.5530573167,5.870,0.028
2.9912837085,-0.6588194757,5.870,1.503
3.3456672621,-0.5814648637,5.870,1.326
3.3605408559,0.6547940841,5.870,0.170
3.6377825635,-0.9315402154,5.870,0.009
3.7481613315,-0.4505641776,5.870,0.518
3.7835176521,-1.1488044492,5.870,1.502
4.1654850246,-0.4405863996,5.870,-0.065
4.5086233383,-1.1728017561,5.870,1.070
4.6126762187,1.2645921697,5.870,1.016
4.6456307697,-0.7457670131,5.870,0.163
4.8415222781,0.4165437993,5.870,-0.096
5.2350674854,-0.1738040354,5.870,0.598
5.3058454624,0.7955127834,5.870,0.447
5.3395707309,0.6540874192,5.870,-0.173
5.4571919236,-0.2189499089,5.870,1.075
5.5897309562,-0.0795892007,5.870,0.912
5.8191235839,0.4993040897,5.870,1.169
0.0813215502,0.5500793776,5.880,-0.014
0.1371271695,0.5861102232,5.880,1.133
0.1717568099,0.3708907108,5.880,0.850
0.2430661975,-0.1282319383,5.880,1.520
0.4272457921,-1.4481868648,5.880,0.620
0.6370706423,-0.2677552663,5.880,0.116
0.6568510360,0.4404344712,5.880,0.412
0.7924969524,-0.4902901055,5.880,0.794
1.0736083513,1.1986916493,5.880,1.543
1.1243024485,-1.1040150918,5.880,-0.061
1.1983133699,0.5054674302,5.880,-0.048
1.3602915043,0.0180995463,5.880,0.662
1.4932715812,-0.3904949963,5.880,0.080
1.5945787681,-0.1787670208,5.880,0.374
1.6368572175,-0.3538163884,5.880,1.322
1.6456687133,-0.6501961940,5.880,0.139
1.6810826550,-0.0165087655,5.880,0.564
1.7019124543,0.8148166262,5.880,1.448
1.7118193155,0.0847531726,5.880,0.997
1.7476742704,1.2522525459,5.880,1.223
1.7612296005,0.0686355578,5.880,-0.046
1.8192203143,0.8151621734,5.880,1.093
2.1547679275,0.9852775678,5.880,1.016
2.1940197043,-0.4598631840,5.880,0.379
2.2380207699,0.6635107890,5.880,1.106
2.3471451994,-0.8477572085,5.880,1.060
2.4887985318,-1.0186062566,5.880,1.676
2.7098706515,1.1998728625,5.880,0.241
2.8776791479,-0.2854259327,5.880,1.600
2.9526517696,0.8635234675,5.880,1.102
3.2819403084,-1.2741087814,5.880,1.078
3.3021160130,-0.1017858285,5.880,0.072
3.3480459803,1.0957378554,5.880,0.215
3.5051224668,-0.0859474710,5.880,1.431
3.5180452248,0.8033411094,5.880,0.985
3.6050915248,0.7171339034,5.880,0.211
3.8201974084,-0.7246159627,5.880,-0.085
3.9221607425,-0.1944997312,5.880,1.274
3.9323061875,-0.6642443550,5.880,1.246
3.9756270016,-1.4798264840,5.880,-0.031
4.0074305749,-0.0080500537,5.880,1.507
4.4504227227,-0.4379414763,5.880,1.607
4.6784758466,-0.6073605560,5.880,-0.111
4.8553717721,0.4121909381,5.880,1.490
4.8560392793,-1.2909431782,5.880,0.992
5.0109730685,0.9150016120,5.880,1.086
5.0414458214,0.5327858633,5.880,1.665
5.2019540916,-0.3323978029,5.880,0.979
5.2436025191,0.4328490439,5.880,-0.134
5.5256661991,1.2467200481,5.880,0.386
5.6857298679,-0.2513223397,5.880,0.255
5.8313297555,0.9986815584,5.880,0.950
5.9011310717,0.6942873247,5.880,0.166
5.9081512791,-0.0274761915,5.880,0.977
5.9357423754,-0.5350982405,5.880,1.297
6.0639013330,-0.4902380602,5.880,1.311
0.0890409438,0.5399283119,5.890,-0.098
0.1605202776,0.2658437595,5.890,-0.146
0.1763634299,-1.0376786000,5.890,0.564
0.5057439926,0.6506200970,5.890,1.599
0.5218299779,0.3675413763,5.890,1.031
0.5242648772,0.0540531081,5.890,0.610
0.6199542146,-0.3082630075,5.890,1.231
0.6396060379,-0.3498096549,5.890,1.247
0.6492988779,0.5224077664,5.890,0.591
0.7363762940,0.4396146427,5.890,-0.033
0.7839347452,0.7161599157,5.890,1.445
0.8173237880,1.1180159251,5.890,-0.020
1.0507435781,0.3175452028,5.890,0.319
1.0820616539,0.3026382862,5.890,1.497
1.3583880616,-0.0434723539,5.890,0.462
1.5569390840,0.2010803923,5.890,1.111
1.5638471990,0.0320635898,5.890,0.223
1.9921992833,0.1023141934,5.890,0.602
2.0270680270,-0.6622288321,5.890,-0.115
2.0524959817,-0.8815565189,5.890,1.088
2.1835545514,1.0078103285,5.890,0.421
2.1944000319,-0.9097306996,5.890,0.018
2.2242952971,1.1745619166,5.890,0.972
2.2415465984,0.0830253163,5.890,1.066
2.2991817761,0.2113585370,5.890,0.120
2.3611757272,-1.1987604752,5.890,1.634
2.3623125497,0.5629087635,5.890,0.088
2.7188105956,0.5918087660,5.890,0.147
2.7839930611,-0.9993111115,5.890,-0.128
2.9218640776,0.7541172542,5.890,1.564
3.0208737798,-1.1687042915,5.890,1.136
3.1197773144,-1.1044300406,5.890,0.210
3.1530633825,-1.2076332373,5.890,-0.080
3.1602528782,0.3745328661,5.890,0.248
3.3764064605,-1.0537642548,5.890,0.200
3.3814712704,-0.7705972084,5.890,0.633
3.5000897811,0.0899676089,5.890,0.109
3.6265916082,0.6050078996,5.890,1.635
3.7248809540,-0.0147561044,5.890,0.489
3.8773979791,-0.6393960811,5.890,1.369
4.0414989592,-1.1922198692,5.890,1.000
4.1389330559,0.4914279743,5.890,0.608
4.2402483702,0.7395757432,5.890,1.464
4.2868972640,-0.7664098712,5.890,1.121
4.3693679406,-1.1919922121,5.890,-0.078
4.5227091998,0.0211280047,5.890,0.023
4.6140187486,-0.8737066258,5.890,1.109
4.7292928381,-0.4251749465,5.890,0.031
4.9151812774,-0.0167847004,5.890,0.131
4.9257107980,0.3373498102,5.890,0.022
4.9655997973,0.6678709704,5.890,-0.090
4.9894360494,-1.2000106152,5.890,0.553
5.1110236886,0.4645572753,5.890,0.915
5.1231583784,-0.6987362509,5.890,0.105
5.1429884851,0.9594736944,5.890,0.482
5.1734429420,0.1328746742,5.890,0.180
5.3644955189,0.9785745234,5.890,-0.052
5.4031470425,-1.4187617942,5.890,1.692
5.4876528479,-0.2798031446,5.890,0.180
5.5823032684,0.6673698087,5.890,0.505
5.9823301748,1.4900528381,5.890,1.340
6.0851661117,1.2955800390,5.890,-0.010
6.2009301893,-0.2038658806,5.890,0.984
6.2044047695,0.1265459063,5.890,0.101
0.0184469030,1.0871248133,5.900,0.274
0.1776143184,-0.0759539483,5.900,1.091
0.1928632069,-0.6705849176,5.900,1.144
0.2148168414,-0.4212643912,5.900,0.944
0.4113598914,0.6499108092,5.900,-0.067
0.4137204739,0.3221967176,5.900,1.536
0.6235673971,-0.8917258678,5.900,0.213
1.0704868013,0.3841278619,5.900,0.620
1.1710723435,0.2572785357,5.900,0.325
1.3648568508,-0.1057179153,5.900,0.960
1.5489065558,0.5532954760,5.900,0.144
1.5680169651,0.8713475983,5.900,1.194
1.5928597666,0.7501710479,5.900,0.358
1.8170210751,0.1737750631,5.900,-0.085
1.8948108700,-0.1736171952,5.900,1.528
1.9171257045,0.0478341290,5.900,1.069
1.9491303814,-0.5958674912,5.900,-0.153
1.9726411768,-0.1550083744,5.900,0.540
2.0385848522,-0.3930395984,5.900,-0.180
2.1014874270,-0.6507236692,5.900,0.147
2.2736783432,-0.8538618474,5.900,-0.186
2.3409614328,0.7016480848,5.900,0.378
2.4805912077,-1.1641673753,5.900,0.012
2.5376443272,0.5459008916,5.900,1.579
2.5905722201,0.1039967220,5.900,1.662
2.7569929054,0.5651298323,5.900,0.114
2.8672748861,-0.8860167019,5.900,0.173
2.9623298229,0.0288048215,5.900,1.040
3.0920478720,0.2493064923,5.900,0.303
3.2230644435,-0.0137389540,5.900,0.168
3.4618142425,-0.8848789430,5.900,-0.011
3.6497654034,0.0183361050,5.900,0.217
3.8320149535,0.3193669684,5.900,1.099
3.8706377187,-0.6682977156,5.900,1.336
3.9104996729,0.2521348996,5.900,-0.031
3.9796606999,0.3311942218,5.900,1.414
4.0485408751,1.0588950388,5.900,1.441
4.2154339452,-0.4120079249,5.900,-0.071
4.5693056070,-0.8836666619,5.900,0.063
4.8337972664,-0.5204024709,5.900,0.517
5.1675131545,1.2101600705,5.900,0.072
5.2402767186,0.1493606498,5.900,1.529
5.3640069264,0.6362550480,5.900,0.407
6.0657268632,-0.7084561435,5.900,1.565
6.0646627698,-0.3919549466,5.900,0.650
0.4731310140,0.0643231770,5.910,0.970
0.5870087327,-0.7184955830,5.910,0.965
0.6680995824,-0.6047560060,5.910,1.064
0.6848354698,0.6760285172,5.910,0.502
0.7936988245,0.4618552011,5.910,0.141
0.8723590775,0.4724804259,5.910,0.860
0.9279346769,0.6189239333,5.910,-0.084
0.9867919078,0.1187438330,5.910,0.992
0.9881056406,-0.5120474318,5.910,0.110
0.9976705247,0.0039768480,5.910,1.224
1.1425952673,0.9862212875,5.910,0.112
1.1448436206,0.3634022609,5.910,1.660
1.2060383148,1.1215765374,5.910,-0.009
1.3170220343,0.0126032269,5.910,1.267
1.6368622360,0.2417472728,5.910,-0.231
1.8195437271,0.5878450200,5.910,0.878
1.8858439020,-0.4527835853,5.910,-0.170
1.9189637112,0.1246679515,5.910,0.537
2.1383038279,1.0166236109,5.910,1.365
2.2508184249,0.1155446308,5.910,0.530
2.2658470858,0.9199913738,5.910,1.167
2.4817962497,-1.0868712274,5.910,1.102
2.4937965340,-0.5562683948,5.910,0.258
2.6621755086,-0.1467502559,5.910,0.026
2.6780577135,-0.7041715127,5.910,1.204
2.7600646327,-0.7787398650,5.910,0.920
2.8515151471,1.2191802174,5.910,1.010
2.8610598504,0.0128617213,5.910,0.425
2.8624468646,0.1079550855,5.910,1.256
3.1955512077,-1.0986982564,5.910,0.253
3.2373990291,-0.9839186387,5.910,1.533
3.3319826265,-0.0275237698,5.910,0.850
3.3731547688,-0.9591015795,5.910,1.309
3.4461416400,0.2940637441,5.910,1.450
3.4472599554,0.6719339810,5.910,0.294
3.4592993727,-1.1558747860,5.910,0.048
3.4653597661,-1.0242279101,5.910,1.084
3.5665425751,-0.8103193545,5.910,-0.110
3.5895129654,1.3624814530,5.910,1.000
3.6353966225,0.5000042169,5.910,0.202
3.8071847326,0.3885113180,5.910,0.391
3.8778711983,-1.1622769366,5.910,-0.106
3.8946487257,-1.1136915814,5.910,0.660
3.9243084856,0.0797224725,5.910,1.615
3.9333250268,1.0507659315,5.910,0.107
4.2089222927,-0.6608331519,5.910,0.409
4.2515032422,-0.5761521711,5.910,1.021
4.4051133835,0.2314505679,5.910,0.015
4.4244373232,-1.0107115632,5.910,1.592
4.4665377039,0.2374580884,5.910,0.010
4.4673830677,-0.6658879959,5.910,0.409
4.5332767841,-0.6106870788,5.910,1.082
4.5505639437,-0.6496252717,5.910,1.075
4.6800599590,0.0227767835,5.910,1.573
4.9162349997,0.9248143697,5.910,-0.096
4.9567839239,-0.4044582577,5.910,-0.021
4.9688741309,0.2427167907,5.910,0.251
5.0381510283,-0.7887758463,5.910,0.902
5.0626198732,1.0060973046,5.910,1.626
5.0835654764,-0.5115448144,5.910,1.278
5.1933767864,-0.8300330711,5.910,1.678
5.2016024259,0.8365676328,5.910,-0.174
5.2883986190,0.4621423554,5.910,-0.107
5.3124117762,1.1668169580,5.910,0.602
5.4043386315,0.4133025943,5.910,0.953
5.4295772394,0.9859086491,5.910,1.643
5.4374269158,-0.3754907006,5.910,0.066
5.5217288207,1.3635627709,5.910,-0.065
5.9793360742,0.7322248513,5.910,0.062
5.9997609591,0.6471127104,5.910,0.397
6.0670004993,0.7599902162,5.910,0.450
6.1703946487,-0.0217741537,5.910,0.299
0.2107055676,0.1274077787,5.920,1.104
0.2775805577,1.0659567434,5.920,0.512
0.3680101632,-0.1206835148,5.920,0.407
0.3712670911,-1.1234593244,5.920,1.561
0.3943645765,-0.4574132926,5.920,1.327
0.4837451649,0.1927433100,5.920,0.302
0.7428395375,-0.6255894721,5.920,0.899
0.8365091067,1.4219321255,5.920,0.149
0.8396289795,-0.7752693237,5.920,0.440
1.3193820358,-0.5545143653,5.920,1.170
1.4259924037,0.6002503181,5.920,0.138
1.4576442631,-0.0256607610,5.920,1.535
1.5487387635,0.3446957904,5.920,-0.145
1.7025160396,-0.1759555673,5.920,1.373
1.7050622367,-0.4846705120,5.920,-0.156
1.7688156185,-0.5549040636,5.920,0.491
1.7738665363,0.1498740872,5.920,-0.173
2.0081125023,-0.3431467653,5.920,1.158
2.1839986472,0.4192684662,5.920,-0.039
2.1943221416,-0.1316522886,5.920,1.635
2.2411798015,-0.6780397248,5.920,-0.114
2.2562576943,0.1685216618,5.920,0.083
2.3240956439,-0.8440254680,5.920,-0.148
2.4154237395,-0.8262110707,5.920,-0.051
2.5020789108,-0.3990500464,5.920,0.023
2.8303826928,-0.0341891786,5.920,1.608
3.3558884196,1.4559158234,5.920,0.015
3.4551266446,-1.2207184745,5.920,0.415
3.5546866666,-0.2306334565,5.920,0.020
3.5883215149,1.4443019757,5.920,0.993
3.6054917075,0.6720150392,5.920,0.948
3.6104767479,-0.8770155668,5.920,0.279
3.6620987947,-0.8791161759,5.920,0.957
3.9278147675,-1.3467056512,5.920,1.052
4.3302831310,1.0615672487,5.920,0.039
4.3703552678,0.4697881883,5.920,0.402
5.2331095345,0.7988815457,5.920,0.185
5.4822169291,0.8586295096,5.920,1.054
5.5663207656,1.3441181316,5.920,1.531
5.7385963586,-1.0801250767,5.920,0.393
5.8622810656,-0.1255663363,5.920,0.998
5.9426609309,0.2533588502,5.920,1.114
6.0940927039,-0.7764824221,5.920,1.053
0.0339536727,-0.3928484774,5.930,0.141
0.1447433819,0.9580982283,5.930,1.037
0.3129599898,-0.0392887372,5.930,1.403
0.7573556338,-0.6708522672,5.930,0.437
0.7574233613,-0.3905402407,5.930,1.041
0.7886081567,0.1897240676,5.930,1.593
0.8438571035,0.8408464566,5.930,0.972
0.8641257920,-0.5026037758,5.930,0.337
0.9004825684,-0.4767799546,5.930,0.934
0.9196008728,0.1080132427,5.930,0.953
1.0190769597,-0.8184490104,5.930,1.220
1.0501537846,-0.5321630565,5.930,0.036
1.3515457306,0.4892238365,5.930,0.311
1.4417994352,0.2680904114,5.930,0.103
1.4883001078,0.0058949096,5.930,0.311
1.5119191841,0.9794015450,5.930,0.164
1.5373581822,-0.9975637226,5.930,0.656
1.5911672522,-0.7867757791,5.930,0.493
1.6124251515,0.3872931342,5.930,1.626
1.7247922994,0.1743293374,5.930,1.508
1.8478997223,0.5120286538,5.930,0.595
1.9092243843,0.9098588359,5.930,1.259
1.9930962189,0.9731093696,5.930,1.123
1.9979554502,0.8512641348,5.930,0.221
2.0113842321,0.4017490768,5.930,1.561
2.0362214962,1.1424170521,5.930,1.183
2.4254767956,1.2731535664,5.930,0.179
2.6267278422,-1.0545434696,5.930,0.263
2.7202758833,-0.0711053211,5.930,-0.048
2.7270375040,-1.0223493444,5.930,0.315
2.8592305150,-1.0562209599,5.930,1.065
2.9982951480,-0.2156659575,5.930,0.490
3.1226944670,-0.4970192042,5.930,1.499
3.3882448187,-1.2598696164,5.930,1.115
3.4168713537,-1.2474868054,5.930,0.002
3.6802111668,-0.9811095017,5.930,1.207
3.7498316371,-0.6458225529,5.930,0.082
3.8428071646,0.2362185370,5.930,0.238
4.0861966408,0.2813311000,5.930,0.354
4.1206262051,-0.7298807864,5.930,-0.007
4.1979210114,0.9235569801,5.930,1.498
4.2279786213,0.0602919573,5.930,1.471
4.2288756059,0.1113292309,5.930,0.988
4.2725092843,0.8558773359,5.930,1.369
4.3593400137,-0.6495656456,5.930,-0.035
4.4889532826,-0.5306451933,5.930,0.276
4.5344024692,-1.0418675209,5.930,1.389
4.5755924957,-0.9628926716,5.930,1.113
4.6583404687,-0.2570141118,5.930,0.009
4.6963199933,-0.2759805630,5.930,0.024
4.8517967415,-0.0175052574,5.930,0.170
4.8777899120,-0.3734607464,5.930,0.189
4.9295307513,0.5726917508,5.930,-0.154
4.9914631397,-0.8904426118,5.930,1.236
4.9989996604,-0.2733258665,5.930,-0.015
5.0255307995,0.5459993059,5.930,-0.062
5.1606917561,0.5659534027,5.930,0.118
5.5084876543,-0.6724922978,5.930,1.106
5.5143393606,0.9300144073,5.930,1.001
5.6102899101,0.6399666139,5.930,0.033
5.8113159823,0.2799604259,5.930,0.951
5.9411025213,0.7251690044,5.930,0.998
5.9519521078,0.6888002681,5.930,1.490
6.2406232482,-0.1740815216,5.930,1.133
6.2523195395,-0.0550735433,5.930,1.069
0.0597951496,-0.4541756048,5.940,1.548
0.1323485478,1.0468057999,5.940,-0.003
0.1551040235,-0.0088245526,5.940,0.444
0.1961365920,-0.7448464581,5.940,0.297
0.4296045321,-0.6375382437,5.940,1.045
0.4740683024,0.6624025429,5.940,0.975
0.4839253121,-0.8762624044,5.940,0.154
0.5742013219,-0.0318597541,5.940,0.967
0.7504006428,1.2023310874,5.940,0.700
0.8808442064,0.8564488524,5.940,0.468
1.0865815761,0.2338441093,5.940,0.052
1.1566696256,-1.0688081039,5.940,1.533
1.1934153185,1.2658629539,5.940,0.306
1.4165179719,0.5435504690,5.940,0.034
1.7352586085,1.0730499418,5.940,0.899
1.7964111232,-0.6323374948,5.940,0.183
1.8647679950,0.5935740451,5.940,1.507
1.8868335910,-0.6378197767,5.940,-0.145
1.9501385699,0.3535610635,5.940,0.336
2.0474639055,-0.6151113853,5.940,-0.051
2.1963398006,0.3199572440,5.940,0.175
2.2192835632,0.2480256391,5.940,0.201
2.4366189536,0.6172196244,5.940,0.177
3.0129576669,0.7535152225,5.940,0.524
3.0228765701,-0.1366160533,5.940,1.380
3.0447601921,-1.1801982537,5.940,1.013
3.2296425450,-0.3870389832,5.940,0.824
3.7699749298,0.1438844105,5.940,0.066
4.1302352985,0.9682177496,5.940,1.404
4.4352293169,-0.9125235194,5.940,-0.069
4.5013989090,-0.8530017260,5.940,1.786
4.5673920508,0.6055559728,5.940,-0.017
4.6146654360,-0.2717658821,5.940,0.357
4.6754856681,-0.7116136932,5.940,1.572
4.7402927689,-0.6286639051,5.940,0.615
5.3664443273,-0.3243376384,5.940,0.062
5.5215469144,0.1039901923,5.940,0.538
5.6936481046,1.0901425532,5.940,0.312
5.7729498117,-1.3285171787,5.940,0.399
5.9354578679,0.9397887234,5.940,0.946
6.0280552619,-0.0822305117,5.940,0.992
0.2744723655,0.7216091250,5.950,0.161
0.3174622281,-0.6607201949,5.950,0.281
0.4184973904,0.3042779276,5.950,0.259
0.7191978445,1.1837631082,5.950,0.136
0.9356873565,0.4269842044,5.950,0.123
0.9997914038,0.7673007507,5.950,0.279
1.1227719222,-0.1129608071,5.950,1.078
1.1355131518,0.7296884696,5.950,0.962
1.1722094058,-0.3396214161,5.950,1.215
1.1810301411,-0.6222710362,5.950,1.005
1.3103307233,0.6875672377,5.950,0.415
1.5122486712,0.0203888191,5.950,0.773
1.5364518000,-0.1578109254,5.950,0.100
1.5543804089,-0.3986327720,5.950,1.107
1.7312647404,-0.2324959337,5.950,1.562
1.8343233304,-0.1467267003,5.950,-0.075
1.8978384698,-0.7230269765,5.950,-0.146
1.9011901287,-0.1847187588,5.950,1.173
1.9584887010,-0.5558594553,5.950,-0.156
1.9657435349,-0.9494480281,5.950,1.585
2.0140485307,0.0632643209,5.950,-0.032
2.1746761142,-0.2204730178,5.950,0.754
2.2072312234,-1.1274934750,5.950,0.971
2.2491987959,-0.4685072366,5.950,0.393
2.3412229629,-0.2916226672,5.950,1.544
2.3945437224,0.4647656755,5.950,0.654
2.3948166780,0.5913562426,5.950,0.585
2.4998768502,-0.2359127278,5.950,1.501
2.5720405715,-0.6490314911,5.950,1.245
2.5910942157,-0.8926785467,5.950,-0.152
2.6901559760,0.4102063947,5.950,0.655
2.8146361358,1.1765506034,5.950,2.382
2.8409166737,-0.0539772242,5.950,1.475
2.8557659157,-1.0790781223,5.950,1.736
2.8955442940,-0.0000145374,5.950,1.218
3.0312363315,0.2931614697,5.950,-0.156
3.0574158486,-0.9419298796,5.950,1.670
3.1385046986,0.5788734185,5.950,1.153
3.1632079346,-1.0640967361,5.950,1.691
3.1694491019,-1.1468463051,5.950,0.613
3.1838666938,0.0331244165,5.950,1.120
3.2515314076,-0.2026430258,5.950,0.043
3.3379033830,0.6855464141,5.950,0.557
3.4459547695,-0.1802807581,5.950,1.490
3.6462091049,-1.4427971971,5.950,1.411
4.1012775599,-1.0455977490,5.950,0.505
4.1098648601,-1.3278806886,5.950,-0.034
4.1670000731,-0.3382958707,5.950,-0.013
4.2633634591,-1.1857991270,5.950,0.159
4.4231317872,-0.7513811410,5.950,1.643
4.4532794822,-0.6271689272,5.950,1.161
4.5072079280,-0.5661556984,5.950,0.071
4.5186558760,-0.6735905584,5.950,0.580
4.6996127893,0.0011635215,5.950,0.110
4.8403803149,-1.4003249231,5.950,1.173
5.0044118437,-0.8429790958,5.950,-0.017
5.2371462079,-0.6580191378,5.950,0.989
5.3352748515,0.7160389904,5.950,1.632
5.4921032591,-0.2527782642,5.950,0.244
5.8894688713,-0.4731113596,5.950,0.362
6.1733284377,-0.2660929910,5.950,1.350
6.1922946548,1.3141086995,5.950,0.124
6.2247698252,1.1655700479,5.950,-0.049
6.2380532029,0.5033946500,5.950,0.187
6.2715374379,-1.0987996699,5.950,0.101
0.0937206217,-1.3513538552,5.960,1.397
0.4841188821,0.9064091234,5.960,0.419
0.5401918608,-0.0059384969,5.960,0.851
0.5786883814,0.4218073036,5.960,1.366
0.8971176486,-1.2101491057,5.960,0.415
1.2602938903,1.3254243181,5.960,0.283
1.3912063412,-0.3164290727,5.960,0.572
1.4775646865,-0.1147372238,5.960,-0.216
1.5281132004,0.0772029981,5.960,1.361
1.5375918627,0.3467593748,5.960,0.549
1.8280160207,0.0628729622,5.960,1.056
1.8431792371,0.3098923027,5.960,1.518
1.8469885387,0.1594943778,5.960,0.126
1.8641057428,-0.9070176503,5.960,0.996
1.8995903920,-0.9162843439,5.960,1.099
2.1149319878,-0.8829689759,5.960,1.213
2.1219127718,0.3950638219,5.960,1.652
2.1869048328,-1.0118235681,5.960,-0.092
2.2075208101,-0.2605717461,5.960,0.167
2.2615819116,0.5725032610,5.960,1.111
2.3221439225,0.7908578855,5.960,1.233
2.3238949654,0.4944660655,5.960,0.869
2.4326380036,0.8171147752,5.960,0.063
2.5197030566,-0.6299939427,5.960,1.118
2.5283930638,1.1741219136,5.960,1.528
2.7881387624,-1.0265477533,5.960,1.692
3.0302960162,-0.5730149737,5.960,0.811
3.2809379926,-1.1083859633,5.960,0.263
3.5652729364,-0.7704442424,5.960,0.936
3.5906536872,-0.7225845179,5.960,1.019
3.5939302157,-0.7342167568,5.960,-0.075
3.6690127319,-1.1566106746,5.960,0.352
3.7070097543,-0.8989261064,5.960,-0.053
3.7954016210,0.0144675400,5.960,0.159
3.9963432455,-0.8390436699,5.960,0.210
4.3836669404,-0.9276828668,5.960,1.230
4.7787820841,-0.3558372726,5.960,-0.023
4.7790793824,1.2000152615,5.960,1.055
4.9875550366,-0.3359005875,5.960,1.158
5.3232680026,0.2364588000,5.960,0.299
5.3645132743,1.4153097795,5.960,0.942
5.4828629648,0.7840843108,5.960,0.020
5.6550470996,0.7919360145,5.960,1.341
5.6898435784,-0.2574250756,5.960,0.219
5.6920513887,0.2578189743,5.960,0.587
5.7547515953,1.0942862858,5.960,1.640
5.8425433939,-0.2322159684,5.960,1.075
6.1060422210,-0.3154748316,5.960,1.534
3.9435482028,0.8317138282,5.960,0.650
4.0282103164,0.5285939024,5.960,0.650
0.2553288888,1.1580572565,5.970,-0.008
0.3078726054,0.0426849878,5.970,1.491
0.3234408053,0.2815823204,5.970,-0.082
0.3639701749,0.3572508725,5.970,1.677
0.4435490614,0.5244211673,5.970,1.015
0.5348763506,0.2352130653,5.970,1.584
0.7689461953,0.1462858774,5.970,0.478
0.8318525180,0.2072164305,5.970,-0.061
0.8629017090,0.6856242020,5.970,0.056
0.9556490520,-0.0981958857,5.970,0.921
1.0173845944,0.3024146503,5.970,0.354
1.1560714983,0.3323458273,5.970,0.378
1.2297457434,0.6681152168,5.970,0.593
1.2775165475,0.4869029690,5.970,0.368
1.3413554403,-0.2180137802,5.970,0.606
1.4707585545,0.1925971616,5.970,1.592
1.4961773121,-0.1186155017,5.970,0.447
1.5209774037,-0.0714650864,5.970,0.639
1.5293466226,0.0353376796,5.970,0.953
1.5553818496,0.1659702616,5.970,-0.038
1.6411688041,-0.2900389268,5.970,-0.167
2.2032751729,-0.7464744183,5.970,-0.159
2.6058923971,1.0021365654,5.970,0.895
2.6985880580,-0.7272523442,5.970,-0.063
2.8006400976,-1.3924810631,5.970,-0.071
3.4084545752,0.2988552869,5.970,0.971
3.5176684868,-0.0208125454,5.970,0.183
3.6072555290,0.4485886456,5.970,0.523
3.6205011755,1.0731909657,5.970,0.974
3.9555850813,-0.5396293208,5.970,-0.076
4.0808856911,0.9411189452,5.970,1.184
4.2717239175,-0.2595797709,5.970,1.475
4.5308218554,0.6773866218,5.970,1.011
4.6318364260,0.1101853644,5.970,1.271
4.6466376554,-1.0043591397,5.970,0.912
4.7583198803,0.9474790745,5.970,0.943
5.1492422845,-0.4089146847,5.970,1.038
5.2710269043,-0.0118365671,5.970,1.023
5.4107515818,0.7585005160,5.970,1.186
5.5558889424,-0.6357104739,5.970,0.967
5.5801103559,0.1955357450,5.970,1.612
5.6061012366,1.4054233462,5.970,0.950
5.6384731585,-0.5924454294,5.970,0.051
5.7797135281,-0.4681384727,5.970,-0.167
5.8125349764,0.4354708384,5.970,1.500
5.9149480498,-0.4187235820,5.970,0.984
6.0333308031,-0.3642626357,5.970,0.946
6.0540170564,0.3688622565,5.970,0.259
0.0273204253,1.0199133908,5.980,0.687
0.2067947377,0.1176518838,5.980,0.941
0.3766029366,0.7584806316,5.980,0.520
0.4349372109,0.2863362356,5.980,1.119
0.7049769618,-0.2539327684,5.980,0.429
0.8577704131,0.5617170721,5.980,0.988
0.9189839244,-0.8268519203,5.980,0.116
0.9322296406,0.9594922569,5.980,0.114
1.2373471444,-0.1534897867,5.980,0.645
1.2865046022,0.0081535946,5.980,-0.116
1.3936225052,-0.4776771352,5.980,-0.022
1.4804982342,0.5099016514,5.980,0.144
1.5782908292,0.8545035155,5.980,1.437
1.9454021766,-0.1007920809,5.980,0.901
1.9535279607,-0.3989682788,5.980,-0.088
2.0901630218,-0.7891653470,5.980,-0.143
2.2242504590,-0.8086405857,5.980,-0.127
2.3220174190,0.7330860153,5.980,1.251
2.4226818128,0.6044688852,5.980,0.839
2.6643696168,-0.7280684047,5.980,1.239
2.7610972526,-1.0239278594,5.980,0.290
2.8278269164,-1.0457866720,5.980,0.274
3.0693934739,-0.6490906582,5.980,1.449
3.4357026763,-1.0447629849,5.980,0.435
3.5898098269,0.6106736216,5.980,0.857
3.6710403842,0.1552454015,5.980,0.089
3.9711570164,-0.6770570455,5.980,0.867
3.9885165233,0.5548025523,5.980,1.552
4.1373980030,0.2406648111,5.980,1.272
4.4525505637,-0.8490635641,5.980,0.883
4.4782378198,-0.6497440159,5.980,0.076
4.4865764570,-0.3073359293,5.980,1.011
4.5175145649,-0.2545412584,5.980,1.096
4.5711301974,-0.5187915566,5.980,0.010
4.5768414379,-0.6419020788,5.980,1.112
4.7335061191,-0.6265983652,5.980,1.160
4.7636667095,0.5837612680,5.980,0.045
4.9744467891,-1.1633250841,5.980,0.977
5.1102479032,-1.1943972173,5.980,1.638
5.1350824366,0.1967545602,5.980,0.881
5.1534866360,0.2411291325,5.980,-0.078
5.4980767115,0.1311823811,5.980,0.283
5.6811254842,0.6197699143,5.980,2.500
5.8056738496,-0.0744706755,5.980,0.981
5.9376748179,-1.0022085824,5.980,1.450
6.1016220486,0.7290881811,5.980,0.215
6.1930944751,1.2915895209,5.980,0.889
1.6738943800,-0.9107321962,5.980,0.650
3.7353100300,0.3300757000,5.980,0.650
0.0361816012,-0.1540098092,5.990,1.034
0.1188792019,-0.4458822363,5.990,1.022
0.1862988856,-1.0517844069,5.990,1.318
0.2541064783,0.5925547186,5.990,1.000
0.2794264061,0.9163355700,5.990,1.447
0.6024725042,1.0038491792,5.990,1.039
0.6234044479,-1.2853615517,5.990,1.088
0.7073385659,-0.6699217046,5.990,0.917
1.0265538591,-0.2111692152,5.990,0.323
1.2491340630,0.3269820714,5.990,1.221
1.2511448714,0.7035874272,5.990,0.934
1.3801300202,0.5988629034,5.990,0.199
1.4106994746,-0.1468798434,5.990,-0.037
1.4434346123,0.7236483160,5.990,1.112
1.4814318994,-0.0622158269,5.990,0.294
1.5478188260,0.0169055204,5.990,1.328
1.6375349652,-0.3224873232,5.990,1.058
1.6384040571,-0.0857780347,5.990,0.097
1.7444359747,0.2265920512,5.990,0.063
1.8910659844,-0.3957401587,5.990,1.481
1.9288417934,0.0030913387,5.990,-0.069
2.0069825332,-0.6558846470,5.990,-0.040
2.1009610463,0.2871993150,5.990,-0.024
2.4613138702,-1.0759763259,5.990,1.060
2.5385765045,-0.9636619327,5.990,-0.119
2.8523124857,-1.2343027206,5.990,-0.020
2.8778136288,0.6299434294,5.990,1.595
2.9639085153,-1.1271771007,5.990,0.471
3.3298841492,-0.9804600712,5.990,-0.074
3.3682625077,-0.6925541627,5.990,-0.098
3.4060061895,-0.0587912015,5.990,1.119
3.7690824502,-0.9281003463,5.990,1.099
3.8012426913,-0.6784043904,5.990,1.060
4.0256929265,1.0829257651,5.990,-0.033
4.3768617677,1.3528740393,5.990,0.430
4.3851536917,-0.4975873879,5.990,0.103
4.4213239269,0.8275779795,5.990,1.325
4.4305679629,-1.1042638650,5.990,0.059
4.5190553737,0.4143893469,5.990,1.335
4.5875458399,-0.9934582365,5.990,-0.045
4.7065021052,-0.5019407860,5.990,-0.077
4.7860637872,-0.0524890454,5.990,0.890
4.8109505095,0.2099575208,5.990,0.056
4.9291701558,-0.1031989189,5.990,1.568
4.9518276054,0.5928634945,5.990,0.922
5.1566481963,0.8818286544,5.990,0.643
5.2502703170,0.3229032386,5.990,1.420
5.4065185772,0.2764287157,5.990,-0.145
5.4194387562,-1.3296021520,5.990,0.450
5.4603896777,-0.0982032670,5.990,0.464
5.4748283147,1.3251511780,5.990,0.946
5.5978712560,-0.1626529897,5.990,1.516
5.9455281429,-0.8239841337,5.990,0.584
5.9836388011,-0.5155058407,5.990,0.907
6.1421325073,0.4392519173,5.990,-0.066
6.1889182452,-1.3416267805,5.990,0.907
6.1955581046,0.1689006366,5.990,0.212
0.1739467610,-0.7818427969,6.000,1.142
0.5361423428,1.1327442661,6.000,0.029
0.5732116999,-0.1754433234,6.000,0.418
0.6577857275,0.0044636627,6.000,0.168
0.6671623463,0.2624024719,6.000,0.572
1.1269065057,-0.3615494858,6.000,1.597
1.1499077148,0.3662057593,6.000,0.029
1.3373353081,1.0676136464,6.000,1.380
1.5130184034,0.2761546690,6.000,-0.061
1.6431976957,-0.6852929597,6.000,0.163
1.6694360034,0.2193920318,6.000,0.319
1.8557482147,0.3950981835,6.000,-0.027
1.8742919827,-0.2833456346,6.000,0.040
1.9238557882,-0.4706077492,6.000,-0.172
2.1489943377,-0.8074641068,6.000,-0.113
2.1845935039,1.2637446087,6.000,1.537
2.3140896960,-0.7346054353,6.000,-0.114
2.7028473856,0.8446828457,6.000,1.022
2.7376472326,-1.1467627174,6.000,0.091
2.7378434944,0.7260750361,6.000,0.166
3.1895946325,1.4261056075,6.000,1.618
3.2723386187,-0.7284288816,6.000,1.515
3.3106434308,-0.3185243339,6.000,0.310
3.3785691748,-0.2033058990,6.000,0.068
3.3981059211,1.3172437661,6.000,1.030
3.4311167934,0.3691964227,6.000,0.393
3.4941739460,-0.9739057335,6.000,0.236
3.5727585774,-1.0057061363,6.000,1.138
3.5907323032,-0.9907880059,6.000,-0.096
3.6233528900,0.0959446501,6.000,0.899
3.6501351656,-0.9547765148,6.000,0.780
3.8062889999,0.4656064485,6.000,0.230
3.8981769900,0.3342793936,6.000,0.841
4.1058216281,0.2796818243,6.000,0.908
4.1518073997,-0.8213659173,6.000,1.152
4.2043791010,-0.5585147575,6.000,0.470
4.4736293313,0.0122619692,6.000,0.578
4.5294886005,0.3022541373,6.000,0.015
4.6310703453,0.9043978835,6.000,1.068
4.6858289209,-0.6065494094,6.000,-0.060
4.8863992048,0.9109933724,6.000,-0.067
5.0041583657,-0.2832543046,6.000,-0.025
5.1212036860,0.8597896574,6.000,1.545
5.1827942331,0.4430353956,6.000,0.993
5.1881514483,-0.1897306123,6.000,1.233
5.5729991478,0.9738588321,6.000,1.447
5.6996831046,-0.1618956080,6.000,1.629
5.7601630284,0.1172413997,6.000,-0.112
5.8807596377,0.5557136105,6.000,1.442
0.1428491461,-1.1001021436,6.000,0.650
4.7362099870,0.0436029407,6.000,1.150
0.0407164049,1.3912812779,6.010,0.203
0.1912653994,-0.2096456784,6.010,1.107
0.3921799580,0.3203668590,6.010,0.162
0.4767330252,0.8359590219,6.010,0.170
0.5056969172,0.0322882747,6.010,0.549
0.5533590948,0.4486290902,6.010,-0.030
0.5724719986,0.4526849732,6.010,1.365
0.9147807412,-0.1187601924,6.010,1.020
0.9546711012,-0.4876982984,6.010,-0.027
1.1862243511,0.2766619124,6.010,0.338
1.1946906135,0.1642977360,6.010,1.061
1.2063957021,0.4073747662,6.010,0.380
1.5986085256,0.5150887889,6.010,1.730
1.7391788929,-0.2944989473,6.010,0.042
1.8373331607,-1.0286959603,6.010,0.297
1.8494380742,0.2198109966,6.010,1.584
2.0097120157,-0.1428626969,6.010,0.153
2.0954640140,-0.8548886064,6.010,0.042
2.2048601041,-0.3673212212,6.010,0.402
2.2202772004,-0.1701448595,6.010,0.427
2.3313198081,-0.0948492107,6.010,0.661
2.4712632339,-0.0255529849,6.010,1.313
2.5797444057,-0.0740604214,6.010,0.171
2.7021237799,-0.2186571469,6.010,0.258
2.7075266299,0.9462623472,6.010,1.128
2.7386390650,0.1703859550,6.010,-0.043
2.7762850251,-0.2852622967,6.010,1.638
2.8995182164,0.6674377247,6.010,0.165
3.1885781281,0.4761520888,6.010,0.123
3.4057675568,-0.5847772253,6.010,0.386
3.4111770766,1.1102078650,6.010,0.427
3.4454734918,0.6531571126,6.010,1.169
3.4866046306,0.6130988761,6.010,0.277
3.5432227277,-0.3268806164,6.010,0.196
3.6593670018,0.2556780788,6.010,1.430
3.7993919154,0.0832921013,6.010,1.421
4.0476274595,0.4381060234,6.010,1.654
4.1341879764,-0.6617644852,6.010,0.715
4.5654184168,0.1325691053,6.010,0.592
4.6293801249,-0.5622484669,6.010,1.673
4.6778258248,0.6978190957,6.010,1.341
4.7150342432,0.5796881044,6.010,1.516
4.7990787496,0.5177762180,6.010,1.319
5.2420852683,-0.3968408721,6.010,0.981
5.2906545511,0.8982086545,6.010,1.139
5.4160627226,0.2545192665,6.010,1.235
5.4525371023,0.2189537914,6.010,0.420
5.5030860203,0.6287724842,6.010,0.994
5.6145034066,0.9232536400,6.010,-0.109
5.9037777036,1.2202215561,6.010,0.334
5.9911173329,1.0489608330,6.010,1.748
6.2638033106,0.8265146921,6.010,1.170
6.2703593790,0.7445265990,6.010,0.712
0.0653653913,0.1539548322,6.020,0.312
0.5172883475,1.0768295500,6.020,-0.042
0.8309981801,0.4694278263,6.020,1.278
1.0807937090,0.2646405729,6.020,0.397
1.3158708878,-0.6932106685,6.020,0.893
1.3539978231,0.6510401635,6.020,0.720
1.4267931507,-1.1976893272,6.020,0.346
1.7433745129,0.4932847454,6.020,-0.087
1.8284398678,0.6641382223,6.020,1.218
1.8957368617,-0.1800524372,6.020,-0.173
1.9051983377,-0.4068526513,6.020,0.317
2.0302575275,-0.7636263275,6.020,-0.069
2.0759664691,-0.7652405566,6.020,-0.111
2.1018472193,1.0528585856,6.020,0.158
2.2022253116,0.7331297744,6.020,1.591
2.3259267803,-0.9887200327,6.020,-0.023
2.4229277442,-1.0190694196,6.020,-0.101
2.4263007719,-0.7836305516,6.020,0.269
2.5839718247,0.0428326599,6.020,-0.040
2.6812441880,0.3694523006,6.020,0.573
2.8020728581,0.5532169708,6.020,1.617
2.9795132260,1.1227792566,6.020,0.085
3.0727367832,0.4401428456,6.020,1.533
3.2612086092,-1.1133278354,6.020,0.052
3.3229564802,1.0945490100,6.020,0.051
3.3240813713,-0.3448612116,6.020,0.397
3.3668047898,0.0533510118,6.020,1.288
3.5949989402,0.9086954354,6.020,0.017
3.7021026415,-1.3063839200,6.020,0.581
3.8163444700,0.6392454042,6.020,1.379
3.9818231519,-1.2700865519,6.020,-0.002
4.1129577504,-0.8637556526,6.020,1.315
4.2523099833,1.2809825103,6.020,0.063
4.3780218908,-1.1769171613,6.020,0.037
4.3801725636,0.5940891888,6.020,0.321
4.3872977311,0.0178051763,6.020,-0.012
4.8423257998,-0.2545036773,6.020,0.006
4.8478664882,-0.7315343991,6.020,0.138
4.8786661758,0.6923429028,6.020,1.444
4.9057034881,1.0654911044,6.020,0.967
5.0292195285,0.3761982502,6.020,0.069
5.0477386335,0.8202890815,6.020,0.479
5.4118213484,1.0560160785,6.020,0.443
5.4131587623,0.5202050192,6.020,0.163
5.6301646318,0.9242914373,6.020,0.080
5.6962320053,-1.2393382199,6.020,-0.099
5.7613490910,-0.9753508366,6.020,-0.061
6.1586086497,-0.7826681012,6.020,1.014
2.0076376900,0.2956345346,6.020,0.650
0.2014989323,0.7829808306,6.030,-0.063
0.2830805726,0.0987203891,6.030,1.525
0.4155974530,-1.0147252570,6.030,0.382
0.7518720064,-1.0979793520,6.030,1.249
0.8638668974,-1.1680939436,6.030,0.133
0.8908545437,0.2204279346,6.030,1.227
0.9095032278,0.3980049913,6.030,0.951
1.3159806707,1.0660121365,6.030,0.448
1.3695986895,-0.9081079875,6.030,1.392
1.4724293895,-0.1036444755,6.030,-0.210
1.5200630474,0.3642411495,6.030,-0.051
1.5574240715,0.4232369180,6.030,0.346
1.6940227798,1.2310735680,6.030,0.103
1.7323766485,-0.6657821209,6.030,1.030
1.8023098443,0.6246183462,6.030,1.455
1.8107003533,-0.0489318451,6.030,1.102
1.8204607238,1.0046688842,6.030,1.495
1.8850995814,-1.1028745810,6.030,-0.011
2.0555416744,0.9447334652,6.030,0.496
2.0592539527,0.3372863545,6.030,1.125
2.0824599235,0.1508177386,6.030,1.000
2.1510986877,0.2882292527,6.030,0.890
2.2017645235,-0.0823271753,6.030,0.460
2.2885637727,-1.1488704648,6.030,0.217
2.8633955759,0.7331806162,6.030,1.123
2.8812985620,0.7489508681,6.030,0.584
3.2453691118,0.7425109469,6.030,0.366
3.2517742664,0.4175909989,6.030,1.094
3.7670210008,-0.8861429606,6.030,1.360
3.8300227504,-1.1856372731,6.030,0.506
3.9590152525,0.3218705672,6.030,0.073
4.2467475944,-0.9367386532,6.030,1.965
4.4001913867,-0.2602184889,6.030,0.192
4.5373724839,-0.3099101464,6.030,0.040
4.6816714457,-0.6217615794,6.030,0.342
4.7067400014,0.6333415275,6.030,0.949
4.7892013522,-0.5952839459,6.030,-0.096
5.0398338965,0.3526110149,6.030,0.895
5.0609505104,0.2013231102,6.030,0.087
5.0811028056,-0.4863524928,6.030,-0.117
5.1304174153,0.6448038463,6.030,-0.080
5.2217446703,0.6326923044,6.030,-0.140
5.3681937016,0.1901697533,6.030,-0.019
5.9322527390,0.6561184272,6.030,0.854
5.9935963927,-0.8482000939,6.030,0.621
6.2598091432,-0.7033687757,6.030,0.572
6.2638296942,1.0020313553,6.030,0.155
0.1551400556,-0.9568221799,6.040,1.001
0.2237209779,1.0787093587,6.040,1.880
0.3259687342,0.1220881565,6.040,1.081
0.3329883635,0.5779608955,6.040,1.163
0.5364734049,1.3598953326,6.040,1.107
0.7214686459,0.0822334430,6.040,0.312
1.2475803381,-0.6869025856,6.040,1.065
1.2598822740,0.0626315991,6.040,1.200
1.3304155203,-0.0530523316,6.040,-0.117
1.3378489256,-0.2290329677,6.040,-0.030
1.4643412724,-1.3756831588,6.040,-0.018
1.4861411439,0.5473037897,6.040,0.037
1.5160286919,-0.1838347959,6.040,0.135
1.5388052275,0.5919713846,6.040,1.579
1.5751926785,0.4812285058,6.040,0.218
1.5761121704,-0.4436236461,6.040,0.027
1.5830571066,0.8710184001,6.040,-0.033
1.6208225661,0.2380377935,6.040,0.021
1.6528843180,-0.2622349098,6.040,1.663
1.7688450713,-0.4094966852,6.040,1.205
1.9431314397,-0.3836685926,6.040,0.227
2.1809244238,0.0689061589,6.040,0.964
2.2437189996,0.1475211463,6.040,0.332
2.3578130959,-0.7535282934,6.040,-0.154
2.4013445895,0.3839098714,6.040,0.890
2.4026493288,0.5404087190,6.040,1.373
2.4456188236,-0.6559241915,6.040,1.396
2.7567973486,-0.4928304223,6.040,0.501
2.7573760453,-0.7866139551,6.040,-0.096
2.7874663133,-0.2171820994,6.040,-0.007
3.1380196942,-0.9022786890,6.040,1.277
3.4876761837,-1.2572584444,6.040,1.341
3.6094429837,-0.1694619626,6.040,1.418
3.8324056613,-0.6770862445,6.040,1.422
4.0835881649,0.1966227842,6.040,1.125
4.1718341828,-0.6957644069,6.040,0.130
4.1847460382,0.8705884340,6.040,0.289
4.2763676773,0.3688336321,6.040,0.938
4.4477926000,0.9894026089,6.040,1.165
4.5894231163,-0.8034934351,6.040,0.805
4.6103412602,0.5373027299,6.040,0.158
4.7694626856,0.6767251129,6.040,-0.057
4.9026376208,0.6380331169,6.040,1.040
4.9095757307,-1.0663123260,6.040,1.484
4.9293681248,-1.2740156964,6.040,0.033
4.9782026823,0.5899589499,6.040,0.983
5.1655528591,0.5962520186,6.040,-0.071
5.1888347284,-0.5024623556,6.040,0.403
5.1968016654,-1.1450247746,6.040,0.317
5.4789287080,0.0791109407,6.040,0.824
5.5054432115,-0.4691618420,6.040,0.073
5.8138194978,-0.2477312807,6.040,0.386
5.8599799590,1.0894233006,6.040,0.035
5.9980808188,-1.2230169348,6.040,0.660
6.1123003121,-0.8780150860,6.040,0.423
0.1230968693,0.2870205379,6.050,1.580
0.1236312160,0.1778463916,6.050,0.447
0.1863787206,-0.6713144121,6.050,-0.024
0.4702678771,-1.3993406088,6.050,0.338
0.5647175857,1.4188819155,6.050,0.118
0.5848657009,0.8287563505,6.050,0.406
0.5868014849,1.1610703091,6.050,0.641
0.7528276133,-0.2228735599,6.050,0.862
0.7703667201,0.8231672005,6.050,1.305
0.8056197512,0.0325260242,6.050,1.045
1.0032059370,0.3882336789,6.050,-0.006
1.0343844437,0.4044896537,6.050,0.031
1.0415898796,-0.9966241880,6.050,0.439
1.1071795820,1.2588387482,6.050,1.019
1.2145848258,-1.3553529350,6.050,1.080
1.3191631138,1.2962449971,6.050,1.562
1.4018528682,-0.5994342260,6.050,-0.176
1.4967410496,0.9875338585,6.050,0.951
1.6452340973,-0.3964555388,6.050,0.576
1.6670479556,1.0362386145,6.050,0.153
1.6822747847,0.4071358968,6.050,0.020
1.6894334049,-0.4512809908,6.050,0.545
1.7339876489,0.1070826188,6.050,0.018
1.7436002417,-0.4135673266,6.050,-0.031
1.8045191910,-0.4981133786,6.050,0.708
1.9607222966,-0.2617759422,6.050,0.479
2.0190229278,0.5934157488,6.050,0.469
2.0580601868,-0.7485403387,6.050,-0.181
2.0879571093,0.2883053485,6.050,1.468
2.0925810581,0.2311193895,6.050,1.325
2.2096755281,-0.9216647369,6.050,0.062
2.2192429744,0.4214085955,6.050,0.246
2.2829118102,-1.3800332641,6.050,0.229
2.4071679179,-0.6851961007,6.050,-0.108
2.4608659552,-0.9029823983,6.050,0.528
2.4620984108,-0.6881048274,6.050,0.193
2.4728511415,-1.1332370598,6.050,0.147
2.5685446980,-0.9845732204,6.050,0.937
2.6098221652,0.1451063054,6.050,1.357
2.6783318792,0.4736093872,6.050,0.844
2.7433638053,-0.0653169367,6.050,0.059
2.8357038769,0.4882374964,6.050,0.399
2.9814551234,0.0023047049,6.050,1.464
3.0248608550,-0.2841462460,6.050,0.590
3.0714246173,-0.1165384619,6.050,0.960
3.0946714748,0.2834917657,6.050,0.278
3.1162494408,-1.0019969806,6.050,0.050
3.1518205087,-1.4945561032,6.050,1.290
3.1973724495,-1.2243796625,6.050,1.780
3.2160115859,-0.2913606522,6.050,0.113
3.2651684900,-1.1229621081,6.050,0.022
3.2784130734,0.1327202292,6.050,1.523
3.4512755338,-0.9174654285,6.050,-0.079
3.6402225361,-0.4986334116,6.050,1.129
3.8712602663,-0.3721892124,6.050,1.649
3.9975648743,-0.7589563672,6.050,-0.128
4.0958643110,-0.6829077866,6.050,0.204
4.1400967050,-0.9152202208,6.050,1.385
4.3547094920,-0.1141098755,6.050,0.165
4.3798745237,-0.6659538676,6.050,-0.054
4.4456633860,-0.6566017264,6.050,0.179
4.4548399523,-1.5073413380,6.050,0.043
4.5890795309,-0.4584929164,6.050,-0.065
4.6249420978,0.5445858390,6.050,1.599
4.6810620035,-0.5954161559,6.050,1.241
4.6911563682,-0.6366201084,6.050,0.074
4.7800760375,-0.3257059612,6.050,0.165
5.0069744637,-0.4998064504,6.050,1.579
5.3220371893,-0.0188236170,6.050,1.093
5.5279368548,0.6761764154,6.050,1.309
5.5637183553,-0.3027297725,6.050,0.978
5.5910122059,0.5691995738,6.050,0.062
0.1575785674,-0.3986739239,6.060,0.297
0.1815168827,0.4298572883,6.060,0.298
0.1942830442,-1.0907887312,6.060,0.446
0.2784547802,0.0238559669,6.060,0.271
0.7768408715,0.6739575926,6.060,1.403
0.8087430178,0.7082926690,6.060,1.011
0.9778517938,0.8468975581,6.060,1.552
1.1127780499,1.0028724942,6.060,0.600
1.1621785955,0.1499284704,6.060,-0.010
1.1927933562,-0.1882395797,6.060,1.379
1.2665404569,-0.7211848444,6.060,0.408
1.2865430653,0.7690071014,6.060,-0.032
1.9156384622,-0.3365047822,6.060,0.612
2.0027889622,-0.9297954784,6.060,-0.118
2.0310638663,-0.2563982402,6.060,0.110
2.0552967378,0.5800366728,6.060,0.150
2.6080018838,-0.8449850081,6.060,-0.127
2.7183828398,0.1141906703,6.060,1.119
2.8827596778,-0.5557018119,6.060,0.527
2.9553536485,-1.1837436527,6.060,1.753
3.2162303652,-1.1465584152,6.060,0.021
3.3284719995,-0.9764593758,6.060,-0.023
3.4764768426,-1.1368770823,6.060,0.431
3.5032110869,-1.2591976608,6.060,0.049
3.7944227327,-1.3391751222,6.060,1.180
3.7953401001,0.5548609064,6.060,-0.013
3.8361536248,-0.8130525643,6.060,0.508
3.8623923284,-0.0247405481,6.060,1.608
3.9117822211,-0.5696193395,6.060,1.413
4.2537622997,-0.4446571091,6.060,0.027
4.3058781459,0.0409793494,6.060,0.919
4.4289301069,0.4490851012,6.060,0.921
4.4679004933,0.2367961493,6.060,1.050
4.4864888255,-0.0188404065,6.060,0.074
4.7866322956,-0.8913094663,6.060,-0.046
4.9140479006,0.7232960381,6.060,-0.120
4.9216374432,0.5542613347,6.060,-0.139
5.0687455171,1.3893314690,6.060,0.072
5.1094720442,1.2389976961,6.060,1.416
5.2080191068,1.0421127073,6.060,0.033
5.4627904128,-0.5790648834,6.060,0.029
5.4854663670,0.0080944763,6.060,1.217
5.6834434527,0.1889199168,6.060,-0.115
5.7540445720,-0.3697121294,6.060,1.621
5.9459784983,-0.7722739150,6.060,0.956
6.2152008083,-1.2302865422,6.060,0.910
0.0288526285,0.5065207576,6.070,0.752
0.0797939897,0.1955853278,6.070,1.036
0.2333084642,0.6530709531,6.070,1.139
0.3062646138,0.2735613643,6.070,1.535
0.3655601750,1.3740288844,6.070,0.389
0.5051618631,-1.0622244005,6.070,0.356
0.5618259446,-0.3103048008,6.070,1.661
0.6838080516,0.5516578599,6.070,1.052
0.7060094197,-0.0560915154,6.070,1.175
0.8505990544,0.7418284087,6.070,1.093
0.8920171572,0.3630893766,6.070,-0.028
1.0832242849,0.6584689668,6.070,0.943
1.6308169032,0.8931280697,6.070,1.051
1.6391679215,0.1058745637,6.070,-0.124
1.7759804115,-0.3667879523,6.070,-0.159
1.8843289613,0.0986931828,6.070,-0.016
2.0465320885,0.2333831396,6.070,1.367
2.1562841196,-0.5609612310,6.070,-0.159
2.2091309870,-0.6817073788,6.070,-0.009
2.2943286725,-0.4431057219,6.070,0.084
2.3365310961,-0.1391228674,6.070,0.220
2.3641098470,0.4869921258,6.070,0.243
2.6685701417,-1.0267381345,6.070,1.647
2.6748011155,-1.0457679177,6.070,-0.072
2.7508297139,1.1215082475,6.070,0.178
2.9081034862,-1.0240723134,6.070,1.210
2.9219623683,1.1730394261,6.070,0.225
3.1876845526,-0.6609622771,6.070,0.190
3.2728008561,1.0256911391,6.070,0.988
3.5398030602,0.7348910116,6.070,1.075
3.7110723341,-1.2270618367,6.070,1.718
3.7133271745,-1.2168316445,6.070,0.190
3.8098826462,-0.5360790753,6.070,1.030
3.8711830793,-0.9111536093,6.070,0.084
3.9851095724,-0.3429148274,6.070,0.124
4.0320828920,0.7901285463,6.070,1.212
4.1591268511,0.2303245200,6.070,0.598
4.2003834972,-0.5085156353,6.070,1.304
4.2052029136,0.0870366688,6.070,0.960
4.3257151054,-0.4631692473,6.070,1.085
4.3677289083,0.4338662447,6.070,1.316
4.3703176636,-0.4270465036,6.070,0.214
4.3859976389,0.7542818980,6.070,1.415
4.3945756704,0.0360327836,6.070,0.140
4.4251414008,-0.7299846503,6.070,0.126
4.4667108433,-0.8231072460,6.070,0.072
4.7607059171,-0.8292603938,6.070,1.193
4.8338581254,0.0654248888,6.070,1.610
4.8704327083,1.1429937332,6.070,0.279
4.9958802386,0.5363989427,6.070,1.575
5.2601299778,-1.1749713082,6.070,0.648
5.4085801029,0.7082486486,6.070,-0.134
5.5015516821,-0.3059718848,6.070,1.267
5.5436976032,0.1753867689,6.070,0.022
5.5564320457,0.6393710575,6.070,0.223
5.5968385352,0.5290072419,6.070,1.079
5.6700009186,-0.1846016636,6.070,1.034
5.6791747308,0.7121854685,6.070,0.068
5.9722438204,1.0984824889,6.070,1.194
6.1551622208,0.6747836196,6.070,0.992
6.1935872229,-0.8139831432,6.070,0.240
0.1068759000,-0.0387299815,6.080,1.216
0.2442377871,0.4748932835,6.080,0.133
0.8347601697,-0.0665248903,6.080,1.670
1.1286467916,-0.9225827380,6.080,0.489
1.1411044751,-0.4490484252,6.080,0.371
1.3360595964,1.0301167067,6.080,1.112
1.3680150171,0.0343425679,6.080,0.421
1.4294609990,-0.3730765677,6.080,1.032
1.4698884233,0.7013147487,6.080,1.032
1.5851905238,0.7489480863,6.080,0.979
1.6197860068,-0.4621998461,6.080,-0.021
1.7121152266,0.2037413526,6.080,1.069
2.1435987834,0.1714127997,6.080,-0.104
2.2038336487,0.6110643564,6.080,1.261
2.3628403201,0.0984537717,6.080,1.111
2.5830534101,-0.2885862683,6.080,1.035
2.6884614168,-0.1955365424,6.080,1.096
2.7893217201,-1.3001548156,6.080,1.683
2.8580503565,-0.7374207729,6.080,-0.061
3.1899658686,-1.0694928177,6.080,0.398
3.6802793986,-0.7229737504,6.080,-0.112
3.9221026849,-0.0870789496,6.080,0.509
4.3670567565,0.2163343153,6.080,0.046
4.4675763886,0.6072039240,6.080,0.200
4.5126511220,-0.9928920907,6.080,1.728
4.5235114621,-0.1089953806,6.080,1.100
4.6259910111,-0.0375647448,6.080,1.608
4.7023302672,-1.3295560318,6.080,1.205
4.9365297975,-0.0579075201,6.080,0.299
5.0089000633,0.2941470584,6.080,0.705
5.1058541789,0.0506856311,6.080,1.820
5.1557936688,-1.1493763457,6.080,1.556
5.1625091703,0.5354302014,6.080,0.003
5.3485576379,-0.7120277295,6.080,1.364
5.4069316317,0.3807862378,6.080,-0.043
5.6131722775,0.3381687100,6.080,0.235
5.7957468919,0.4458185612,6.080,0.311
6.1215043212,-1.0481721915,6.080,1.603
6.2134624356,-0.7868489351,6.080,0.978
6.2288655123,0.8173824435,6.080,-0.135
0.0213557986,0.6049275719,6.090,0.632
0.2862982000,-0.1741720375,6.090,1.012
0.4947391563,-0.6736033954,6.090,1.125
0.5211178671,0.2145860633,6.090,0.186
0.5222242933,-1.1530789640,6.090,1.176
0.5710738901,0.6813682631,6.090,-0.054
0.6527063879,0.1669517243,6.090,1.022
0.7074721968,-0.8120046803,6.090,0.876
0.8986535941,0.8573189335,6.090,-0.073
0.9794353158,0.3652753606,6.090,0.028
0.9928113010,0.9760223240,6.090,-0.020
1.0342325168,0.1054173078,6.090,0.058
1.1018375036,0.3015485560,6.090,1.081
1.1284636842,-0.4008972748,6.090,0.302
1.1929981617,0.7516067245,6.090,0.370
1.1965827089,-0.1193422777,6.090,1.384
1.2401304441,0.7118579188,6.090,0.040
1.2642061014,0.2775810254,6.090,1.551
1.3080030866,0.9277376320,6.090,1.462
1.4120954404,0.2914577402,6.090,0.141
1.4177584202,-0.7718837976,6.090,1.195
1.5054767904,0.0699547388,6.090,0.320
1.5856874527,0.2038730406,6.090,-0.035
1.6381477524,-0.1577037108,6.090,-0.081
1.6419946004,0.4183558886,6.090,0.897
1.7413513142,0.3845114114,6.090,1.027
1.8534706387,-0.3845254941,6.090,1.225
1.8589403057,-0.6699071723,6.090,0.702
1.8625918433,-0.4356441575,6.090,1.341
2.0107315612,0.9962839335,6.090,1.440
2.0811469436,-0.7401326184,6.090,1.361
2.1053627515,1.1011335730,6.090,0.580
2.3041893008,-0.1144733418,6.090,1.282
2.5625883325,1.3811956319,6.090,0.303
2.6340644729,-0.1670941880,6.090,1.671
2.7638301482,-1.0156096922,6.090,0.325
2.7714681722,-0.7620908145,6.090,0.940
2.9040820385,-0.1935378256,6.090,0.301
3.0033078704,-1.2649095184,6.090,0.101
3.0480373630,0.8174111514,6.090,0.401
3.2520145862,-0.4843114502,6.090,1.272
3.5305064468,-1.1288055578,6.090,0.117
3.6675800250,-1.3716539301,6.090,0.007
3.7248113341,-0.9533970500,6.090,0.051
3.9039078854,-1.1517618878,6.090,-0.061
3.9842714286,-0.6299142013,6.090,-0.081
4.2388766102,0.2908712059,6.090,0.020
4.2579848623,-0.2591659485,6.090,0.098
4.3186151338,-1.0080379996,6.090,1.459
4.5219747849,-0.6239603990,6.090,0.479
4.5636262062,0.2952674294,6.090,1.528
4.6047536256,-0.9311842650,6.090,0.025
4.6170098303,-0.7484019735,6.090,-0.057
4.6627977336,-0.9669428179,6.090,0.283
4.6739219178,-0.9272981204,6.090,0.010
4.6763593854,-0.7958824655,6.090,0.949
4.6922913934,0.9768851077,6.090,0.316
4.7566568980,0.2875707365,6.090,0.574
4.9670095613,-0.5416799426,6.090,1.347
5.0570986609,-0.2711642934,6.090,1.420
5.0726069429,0.5850022989,6.090,1.052
5.1074967897,0.0601161800,6.090,-0.019
5.2990330077,-1.1068143174,6.090,0.308
5.3266392428,-0.2580450503,6.090,-0.016
5.3346939797,0.5456765896,6.090,1.363
5.3615596227,-0.6212650147,6.090,-0.094
5.3924628258,-1.2149339169,6.090,1.293
5.6081808751,-1.2531300070,6.090,1.265
6.0033169800,-0.5521040389,6.090,1.358
6.2331874492,-0.1113594419,6.090,1.452
6.2625747742,-0.5571347034,6.090,-0.093
5.6903429215,0.5016613396,6.090,0.650
0.0816060408,0.7642995956,6.100,-0.074
0.2515922952,0.8000480857,6.100,1.028
0.5104985928,-0.9034913979,6.100,0.487
0.8101352494,0.9785880557,6.100,1.049
0.9803594112,0.8045935253,6.100,0.291
1.1654403897,-0.8193885378,6.100,0.470
1.2930044051,0.6312600573,6.100,0.352
1.3293341752,1.2927122308,6.100,0.018
1.3325382756,0.0205534604,6.100,3.332
1.4066007640,-0.9797301125,6.100,-0.091
1.4662836945,-0.8257806501,6.100,1.159
1.4672368830,0.8327889153,6.100,0.295
1.4710778215,-0.2055215153,6.100,0.051
1.7668305975,-1.2293009870,6.100,1.335
1.8021550378,0.6783947694,6.100,0.406
1.8636095737,0.0857058231,6.100,-0.129
1.8852532854,-0.5379342906,6.100,0.273
2.0315282497,-0.9899956065,6.100,0.397
2.2903918689,-0.3694482652,6.100,0.195
2.3118437882,-1.2662580107,6.100,0.185
2.3848495215,-0.9739358094,6.100,-0.132
2.4104482836,-0.1240898944,6.100,0.232
2.5736404223,0.3696506553,6.100,0.257
2.7403188982,-0.8622938920,6.100,1.506
2.7705432586,-0.4045018273,6.100,0.496
2.7874593665,-0.7461883554,6.100,0.661
2.9774677675,-0.7792183796,6.100,0.926
3.0712582134,-1.0974330123,6.100,0.063
3.2512972318,-0.7420147270,6.100,0.652
3.4610178117,0.3268479455,6.100,1.201
3.5076701886,0.6463638454,6.100,1.637
3.5361624320,-0.1129274204,6.100,0.341
3.6316233303,0.2123216641,6.100,0.042
3.7307326049,-0.5110656277,6.100,0.040
3.7640000510,-0.8433405925,6.100,-0.130
3.7994505932,1.1028000338,6.100,0.428
3.8612151515,-1.0206247724,6.100,1.013
3.8623381685,-0.9704316915,6.100,-0.066
3.9246052611,-0.7532811852,6.100,0.597
4.0511427278,-0.9005538360,6.100,1.067
4.0821238482,0.3081475679,6.100,0.975
4.1883643959,-0.9428427558,6.100,-0.016
4.2075395268,-0.5796887379,6.100,0.338
4.4113221838,-0.6547517475,6.100,0.124
4.6881813976,-0.6015577850,6.100,0.055
4.7826073283,0.0414954913,6.100,1.550
4.8660873501,0.6014059278,6.100,-0.115
4.8910236521,1.0951847852,6.100,0.978
4.9375741098,0.6377274565,6.100,-0.100
5.1476247834,0.5930443448,6.100,0.094
5.2157750515,1.0166576628,6.100,1.021
5.3481633280,-0.0488758078,6.100,1.193
5.3715640536,-0.2627797059,6.100,0.797
5.4977637957,-0.6305811899,6.100,0.400
5.5112288405,0.6746991649,6.100,1.011
5.6123562876,-0.9540049887,6.100,0.366
5.6337503382,0.2118388983,6.100,-0.047
5.6584150539,-0.5767946022,6.100,0.226
5.6838690425,0.8656877900,6.100,0.993
5.6843460683,1.0344713831,6.100,1.349
5.7093614275,0.6745448811,6.100,-0.072
5.8077558943,-0.3705820947,6.100,0.503
5.8275842916,-0.7758250208,6.100,0.988
6.1694110522,0.3637429103,6.100,1.654
5.8664323382,-1.2611221650,6.100,0.650
0.0201141285,0.7346532470,6.110,0.159
0.0373425139,-0.3067966822,6.110,1.664
0.0773081363,0.8976767683,6.110,-0.151
0.1456817765,-1.2438306432,6.110,0.265
0.2060668839,0.3417128195,6.110,0.270
0.2440214550,-0.4847798503,6.110,1.674
0.3363439204,0.7836876036,6.110,1.590
0.4086429466,-1.3701675835,6.110,0.970
0.4138460498,-0.5566259380,6.110,1.109
0.6483486771,-0.5428400667,6.110,1.106
0.7862628909,0.6655244164,6.110,-0.057
0.7890982413,-0.0502413606,6.110,1.751
0.8310127417,-0.8505714850,6.110,1.118
0.8349887077,0.2277278506,6.110,1.038
0.9632987714,0.4420830402,6.110,0.097
1.1362897372,0.3271202256,6.110,0.404
1.1647840391,-0.4202983677,6.110,0.143
1.2208012265,-0.0183688755,6.110,0.943
1.2728819670,0.1740979513,6.110,0.060
1.2866700081,-1.0218492938,6.110,0.442
1.2868032213,-0.6916496739,6.110,1.423
1.3234422209,0.7232931707,6.110,0.188
1.3528673638,-0.0098667421,6.110,1.098
1.4718441630,0.1562396843,6.110,-0.170
1.5476067581,-0.8661547147,6.110,-0.148
1.6737647834,-0.1723465044,6.110,1.841
1.7352058108,-0.2266330230,6.110,0.994
1.7890360816,-1.0515459749,6.110,0.457
1.9818818798,-0.5840470349,6.110,0.297
2.0511741666,-0.3407501955,6.110,1.265
2.1553871581,-0.6342662028,6.110,-0.185
2.1865807794,-1.1188608113,6.110,0.930
2.1987665695,0.1855644982,6.110,1.507
2.2071056363,0.2975134846,6.110,0.448
2.2370644242,-1.2803175149,6.110,0.946
2.4988311017,0.0325355787,6.110,0.614
2.6140891100,-0.4180198002,6.110,-0.101
2.6325810567,-0.8139550869,6.110,0.041
2.9019096606,-0.8620582421,6.110,-0.019
2.9343619164,-0.3228835104,6.110,-0.004
2.9538372157,-0.1245238132,6.110,0.211
3.2078102522,-0.1799853399,6.110,0.470
3.2939058376,-1.1825808958,6.110,1.514
3.3476608714,0.2087080039,6.110,0.122
3.3736601467,-0.0620132614,6.110,0.493
3.3908691242,0.8059370083,6.110,1.012
3.5465243870,0.4249308198,6.110,0.969
3.5725284615,-1.2294942129,6.110,1.415
3.6303560170,-0.5518592734,6.110,0.478
4.0305259910,-0.0178439607,6.110,0.264
4.1463426260,-0.7924093948,6.110,0.299
4.1737638372,-0.2588225262,6.110,0.243
4.2784287979,-0.6881893330,6.110,-0.079
4.3030646537,0.1990983093,6.110,1.065
4.4604626200,1.1274955867,6.110,0.960
4.4716616936,0.8517897547,6.110,1.091
4.6076378236,0.3664535451,6.110,0.184
4.7126360303,1.3962780817,6.110,0.521
4.9867416957,0.3431493681,6.110,1.317
5.0169595595,-0.3456390204,6.110,1.156
5.1090184368,-0.3719687135,6.110,0.121
5.1838477687,-0.2391732104,6.110,0.193
5.2379134792,-0.7512473324,6.110,1.634
5.3072399016,0.3769684325,6.110,1.039
5.3851913122,-0.2394782130,6.110,0.543
5.5874878850,1.0603993161,6.110,1.005
5.6174359752,1.0428355336,6.110,1.720
5.6816542393,0.7987620984,6.110,1.415
5.7974624437,0.7983529451,6.110,0.763
5.8157814442,1.2794518845,6.110,1.006
5.9172407374,0.6209445764,6.110,0.997
5.9995319130,0.0185860895,6.110,0.192
6.0580085671,-1.3871997072,6.110,0.145
0.0713782436,0.7608771451,6.120,0.068
0.0722886938,0.1438178218,6.120,0.919
0.2706582170,-0.9948793698,6.120,0.935
0.2885397105,-0.4187472589,6.120,1.076
0.5374516953,1.2889355970,6.120,0.162
0.5690662408,-0.8870413330,6.120,0.812
0.8195031340,-1.2089009084,6.120,1.011
0.9172855318,-0.7220416203,6.120,0.489
0.9598997454,-0.0195690933,6.120,0.994
1.0676253051,-0.3557306316,6.120,1.157
1.1999652934,-0.3476937425,6.120,1.174
1.3929685756,0.3514149931,6.120,1.020
1.5975981416,0.6176325820,6.120,0.600
1.6497439842,0.2510282438,6.120,0.035
1.6770126020,-0.2262285212,6.120,-0.076
1.8919695974,-0.4774585524,6.120,-0.234
2.1004342837,-0.9514754897,6.120,-0.044
2.1148603980,-0.3443211365,6.120,-0.154
2.1828993639,-0.0930248206,6.120,1.329
2.1836504437,-0.4001111376,6.120,1.039
2.2661730730,-0.6389071837,6.120,0.426
2.2923025353,0.5357768393,6.120,0.935
2.3235249469,-0.2309584078,6.120,1.142
2.4477791311,0.6665109002,6.120,0.380
2.4729062723,-0.5024400774,6.120,-0.089
2.4955088410,-0.1809966031,6.120,1.183
2.5003276510,-0.1484467798,6.120,0.974
2.5425623446,0.6124948667,6.120,0.386
2.7149279513,-0.3467370681,6.120,0.035
2.8510653152,-0.0393608190,6.120,0.913
2.8939406543,-0.0131308886,6.120,0.269
2.9362782700,-0.8680585242,6.120,1.055
3.0187647260,1.4159377474,6.120,0.264
3.5942991957,0.3961971227,6.120,1.447
3.6709411141,-0.7020053400,6.120,1.265
3.9094356077,0.5637424420,6.120,0.109
3.9888267921,0.7360299439,6.120,1.635
4.0963497617,0.6051936052,6.120,1.039
4.1936250290,-0.9525640372,6.120,0.264
4.4152382344,-1.1410169796,6.120,-0.028
4.5015144242,0.8682377183,6.120,0.185
4.5047720622,-0.4845404693,6.120,-0.048
4.6206032461,0.2326395007,6.120,0.567
4.7870633711,0.7144806670,6.120,0.977
4.9229978748,0.8511544259,6.120,0.225
4.9419757792,-0.5127720815,6.120,1.344
5.0299024285,-0.8811542498,6.120,0.954
5.1899912747,0.6756195610,6.120,0.906
5.1975248875,-0.0429523733,6.120,1.573
5.2695447123,0.6007930375,6.120,0.117
5.3599719577,-0.0586045582,6.120,-0.049
5.5560806421,1.4177479075,6.120,0.092
5.5721117851,0.9424375365,6.120,0.049
5.6132736101,0.0192572446,6.120,0.481
5.8723827798,-1.3092707606,6.120,0.599
5.9444522089,-0.5124469211,6.120,1.522
6.0196168307,-0.2281301550,6.120,1.459
6.0526603114,0.9218235804,6.120,1.060
6.0829275153,-1.0943215034,6.120,0.787
6.1250453369,-0.7526632801,6.120,1.464
0.2194932678,0.7854375650,6.130,0.043
0.3166372964,0.7912891877,6.130,1.652
0.3829936668,-0.1902685002,6.130,1.320
0.8178084354,0.3120647815,6.130,-0.123
0.9764541913,0.3432195587,6.130,0.994
1.1751936539,-0.8118446133,6.130,1.062
1.3939256696,1.0143393647,6.130,-0.031
1.4130861807,-0.0151254047,6.130,0.483
1.5455872400,0.1847675957,6.130,1.404
1.8036407816,-0.3304404605,6.130,0.156
2.0965012627,-0.8529732570,6.130,-0.085
2.1937950527,-0.2278491216,6.130,0.997
2.2908377639,0.0991449565,6.130,0.200
2.3414346905,0.0739422882,6.130,1.001
2.4094480359,-1.3380222607,6.130,1.090
2.4942927650,-0.1841673676,6.130,0.261
2.6056997934,-0.9187200716,6.130,-0.115
2.7321566778,-0.7459274313,6.130,1.129
2.9861169617,-0.7447163173,6.130,-0.175
3.0993850472,-0.2768732134,6.130,0.947
3.1237583266,-0.6927127487,6.130,1.010
3.8240244909,-0.6911051316,6.130,1.048
3.8413151542,0.3835512518,6.130,0.434
3.9551443809,-0.3845279724,6.130,1.040
4.2270878925,0.3002950260,6.130,-0.003
4.6063870465,0.6510356283,6.130,0.978
4.6635105700,0.3360634363,6.130,0.024
4.7494851344,-0.7987851007,6.130,-0.082
4.7600471559,-0.5899225070,6.130,-0.137
4.8237722232,-1.0999332684,6.130,0.202
4.8982750833,-0.1234585555,6.130,1.006
5.0804694710,-0.7630939602,6.130,1.603
5.1331641607,-0.3290455520,6.130,0.273
5.1957631653,0.6601939057,6.130,1.626
5.2022747016,0.6358635021,6.130,1.434
5.2958244831,0.7571066010,6.130,1.489
5.3201850679,-0.8304327009,6.130,0.469
5.3648032591,-0.3908065642,6.130,1.543
5.5256743243,0.4699187596,6.130,1.026
5.5666389968,-0.6319960984,6.130,1.380
5.7530471119,-1.0299561476,6.130,0.469
5.8115896442,-1.3284752200,6.130,1.001
5.8199247049,1.1023907506,6.130,-0.089
6.0539455115,0.5729103483,6.130,0.137
6.0853938961,-0.1865532690,6.130,1.504
6.1257050578,-0.9391396780,6.130,0.258
6.2499798764,0.3782320356,6.130,1.616
1.5028828727,-0.3913062801,6.130,0.940
2.4317184685,-1.1988569866,6.130,0.650
0.0599504358,-0.4587590775,6.140,1.490
0.1769163532,-0.4154734648,6.140,0.718
0.2610493698,0.1131536256,6.140,1.654
0.2904247177,0.2261255463,6.140,0.962
0.4814307751,-0.8345534698,6.140,0.998
0.6419349511,0.4714552289,6.140,1.461
0.6572920941,0.3465403693,6.140,0.247
0.7411078826,-0.4286582877,6.140,0.998
0.7801114296,-0.1706322149,6.140,0.221
0.7815071126,-0.5045260382,6.140,1.044
0.8578123018,-0.1597792388,6.140,0.407
0.8745243525,0.4478992973,6.140,1.241
0.8902843657,-1.2151786156,6.140,0.482
0.9170934219,1.0361312315,6.140,0.095
0.9343602712,0.3112415657,6.140,0.891
1.0300307156,-1.1076508349,6.140,1.094
1.0762008820,1.1435536495,6.140,0.145
1.1032840735,0.3911886366,6.140,0.171
1.1696351507,0.0324387791,6.140,1.018
1.3045907457,0.2538274230,6.140,0.156
1.3275093596,0.5322309595,6.140,1.208
1.5371445481,1.0291174764,6.140,-0.036
1.5699199144,0.9520249123,6.140,1.197
1.7360720319,0.0865102096,6.140,0.091
1.7380902140,-0.0443993731,6.140,1.470
1.9407593327,-0.6508541013,6.140,0.261
2.0426568559,-0.7095178436,6.140,1.591
2.0711180943,-0.6081898694,6.140,1.540
2.0822330731,-1.1047381687,6.140,-0.103
2.1925818352,-0.1078466451,6.140,0.227
2.3297007234,0.6202602405,6.140,0.059
2.4094911023,0.0674914996,6.140,-0.010
2.4341279673,-1.1702584174,6.140,1.254
2.4466442844,0.8947616429,6.140,0.436
2.4845083290,-0.0384875082,6.140,0.222
2.6335657899,-1.0800802476,6.140,-0.032
2.6595784222,-0.6258187062,6.140,0.615
3.0450919662,0.8834544367,6.140,1.068
3.1662988300,1.0983901536,6.140,1.178
3.3683329626,-0.4666709270,6.140,0.232
3.5434116810,-0.6701862609,6.140,1.031
3.6491908816,-0.9447889558,6.140,0.071
3.6541178316,-0.4018206933,6.140,1.426
3.7142877957,0.5636696561,6.140,1.258
4.0172876670,0.7755261553,6.140,0.369
4.0187206773,-0.2713697551,6.140,0.393
4.1664381013,-1.0601767025,6.140,0.121
4.2559827029,-0.7487361587,6.140,1.114
4.2576816298,0.4786056081,6.140,1.334
4.2994833252,-1.1017428731,6.140,0.029
4.3803458920,-0.7175632158,6.140,-0.078
4.5598666242,-0.6055604059,6.140,0.046
4.6722741856,0.3894934396,6.140,0.242
4.6832695830,-0.6061670193,6.140,-0.041
4.7325589545,0.0334927269,6.140,-0.056
4.7703167252,0.3818838372,6.140,1.472
4.8060841306,0.0948713145,6.140,-0.048
4.8230485090,-0.6281793460,6.140,1.006
4.9585970848,0.0431304020,6.140,0.961
4.9672674177,-0.3932138306,6.140,0.087
5.1045499139,-0.9676411516,6.140,0.974
5.1645468901,-0.6551750438,6.140,0.019
5.1742725088,0.6110877922,6.140,1.070
5.1812159437,0.8361447204,6.140,1.640
5.2127312533,0.1246226696,6.140,0.043
5.2327402148,0.9085432106,6.140,-0.183
5.2582948757,0.9047681720,6.140,1.601
5.3434344504,0.0186471989,6.140,-0.036
5.3746331263,0.9909954783,6.140,1.431
5.5347400768,0.1219873104,6.140,1.669
5.6237948972,0.9672388188,6.140,0.100
5.7332441525,0.1198134390,6.140,0.786
5.8321239516,-0.4520082045,6.140,1.110
5.9443594459,0.9408851474,6.140,1.634
5.9725088161,0.9497190253,6.140,-0.083
5.9872061869,-1.1028502897,6.140,1.025
0.1303102343,-0.2594276435,6.150,0.388
0.1963386939,-0.9375017737,6.150,0.524
0.1981040061,-0.0807940808,6.150,1.652
0.1984358149,-0.2248125372,6.150,0.603
0.2368988303,-0.1525533232,6.150,0.911
0.3964846854,1.1536292537,6.150,0.070
0.5054408618,-1.3674401326,6.150,0.448
0.7163545196,-0.9175300051,6.150,0.088
0.7726409121,0.0785577928,6.150,1.623
0.8384527304,0.7395990741,6.150,-0.099
0.8555350049,0.7914393287,6.150,1.674
1.1372741193,-0.1090131709,6.150,0.901
1.1382978385,0.2419798997,6.150,0.456
1.2991565532,-0.2483938614,6.150,-0.202
1.3423264080,0.1653137453,6.150,0.625
1.3752751539,1.0368248280,6.150,1.179
1.3757922792,-0.0245923875,6.150,0.401
1.3889110261,0.5893514082,6.150,-0.043
1.4513852266,0.0002082659,6.150,1.553
1.4715357210,1.1197105641,6.150,0.006
1.4716401905,-0.4864470336,6.150,0.322
1.4933092806,-0.3059627861,6.150,1.376
1.5665114974,-0.1637506912,6.150,0.333
1.5999613338,-0.7382533999,6.150,0.246
1.6032854910,0.7304950205,6.150,1.202
1.6188811545,-0.1178833974,6.150,0.010
1.7068334507,-1.0800017924,6.150,-0.147
1.7366313445,-1.0739602044,6.150,0.624
1.8567412209,-0.6069853716,6.150,0.353
1.8855004522,0.0955453715,6.150,1.142
2.1194758698,-0.5858971751,6.150,1.098
2.1641227260,-0.6266288874,6.150,1.549
2.1877836239,-0.6915119085,6.150,0.172
2.3942670472,-0.4671827193,6.150,0.170
2.4839082637,-0.6702682443,6.150,0.216
2.5458240334,-0.8940996419,6.150,-0.098
2.7358390343,0.3379749417,6.150,1.141
2.8315956268,0.5134070504,6.150,1.144
2.8803969660,-0.9043912128,6.150,0.188
3.0211132290,-0.4668198137,6.150,1.670
3.0936893164,-0.0055618351,6.150,0.518
3.2192067800,-0.6299587807,6.150,0.008
3.2662166965,-0.9845021159,6.150,0.920
3.4312352777,1.0828348786,6.150,0.997
3.7371982808,-0.0557860458,6.150,-0.007
3.8630376442,0.3296046532,6.150,0.841
3.8763290159,0.4252822153,6.150,0.506
3.8785648004,-0.0147943669,6.150,-0.025
3.8794874844,0.6599295722,6.150,0.389
4.0523925558,0.8238218288,6.150,0.100
4.1220409607,0.3013175916,6.150,0.002
4.1647999102,-0.4771492563,6.150,-0.069
4.2209462774,0.3808764757,6.150,1.365
4.4393904419,-0.1913469604,6.150,1.000
4.4788325930,-0.6187374795,6.150,0.438
4.5968776567,1.0045891915,6.150,0.602
4.8083920461,-0.4961964499,6.150,0.264
4.8212690626,-0.0275659589,6.150,0.381
5.0041857582,-0.6599204808,6.150,0.705
5.2293510027,1.1088798385,6.150,0.035
5.3446937933,-1.4540445531,6.150,0.203
5.5803506783,0.7162921648,6.150,0.257
5.5857432473,-0.7857802607,6.150,2.387
5.8961811980,-0.1144089742,6.150,0.565
5.8961890411,-0.0508113499,6.150,1.083
5.9142222644,-1.3748235132,6.150,1.368
6.0152050853,-0.6199973449,6.150,0.582
6.0441373052,-0.2980891495,6.150,1.370
6.1013804784,-1.1775941894,6.150,1.356
0.1161672158,-0.0008645078,6.160,0.893
0.3510881160,-0.1961575440,6.160,1.102
0.6451731345,0.8826125556,6.160,0.435
1.1351874225,0.5576881008,6.160,1.679
1.3733030320,0.9287586152,6.160,0.084
1.4743221926,-0.0840207441,6.160,-0.029
1.5336073075,-0.4001507048,6.160,1.020
1.6127025902,-0.0996832396,6.160,0.352
1.6867475892,-0.0802397603,6.160,-0.151
1.6943375210,0.1798368575,6.160,1.150
1.7042329388,-0.2294789005,6.160,-0.137
1.7507230660,-0.7042376856,6.160,-0.146
1.7848650647,0.0174893274,6.160,-0.134
1.8118450046,0.7663746163,6.160,0.314
2.0066987681,0.5586751372,6.160,0.374
2.0132029336,-0.3898493279,6.160,1.644
2.0255323549,-1.2186166855,6.160,-0.032
2.0547789477,-0.1942307374,6.160,1.128
2.0786803947,0.0782879085,6.160,0.957
2.2676647834,1.2850803089,6.160,1.017
2.3867333295,0.0255288211,6.160,1.648
2.4498009385,0.5742508675,6.160,1.097
2.6720221747,-0.9104203213,6.160,1.168
2.6846541647,-0.9594809160,6.160,-0.155
2.7132818542,0.2613765499,6.160,0.018
2.8678522474,-1.3107381039,6.160,1.531
2.8764501625,-1.0702488007,6.160,-0.064
2.8972638457,-1.0115113474,6.160,-0.167
3.0853817295,-0.6266929644,6.160,0.952
3.1480810721,-1.0036302469,6.160,-0.004
3.1854116797,-0.6057120066,6.160,0.030
3.2301507853,0.4538183331,6.160,0.306
3.3380921489,-1.2013232266,6.160,0.688
3.4643121970,-0.7529194463,6.160,1.366
3.5875797347,0.1464050966,6.160,0.418
3.6470108207,0.2453322583,6.160,0.518
3.6782642892,0.8896258959,6.160,0.026
3.9604664809,0.0959588193,6.160,0.921
3.9657889431,0.2309985525,6.160,0.967
4.0181608317,-0.3169283613,6.160,1.024
4.2210849371,-0.9807171938,6.160,0.565
4.3584293767,-1.0644833207,6.160,-0.073
4.4100941302,0.5681686881,6.160,1.014
4.4561856562,1.0585204437,6.160,1.006
4.5920069518,-0.5982884804,6.160,0.360
4.6450550959,0.0450197316,6.160,0.131
4.8177771371,1.4516845783,6.160,0.051
5.2013314719,0.2029526197,6.160,0.642
5.2199189278,0.9893750847,6.160,0.090
5.2555349192,0.8417664416,6.160,0.037
5.3357891561,0.2539645656,6.160,0.498
5.6620524971,0.9432141876,6.160,0.991
5.6754692132,0.9576996756,6.160,1.116
5.7826036337,0.8158512882,6.160,1.611
5.8318471482,-0.0278622519,6.160,0.194
5.8793233025,0.6948160227,6.160,-0.136
6.0488845242,0.3231959758,6.160,0.482
0.0653227509,-0.6091936106,6.170,1.344
0.3694230865,-0.2733267295,6.170,0.924
0.3700593107,-0.0497172736,6.170,0.959
0.3998991958,-0.7954462335,6.170,0.066
0.6138839265,0.8257292981,6.170,-0.094
0.6307794466,-0.7128004665,6.170,0.653
0.6568833291,-0.3934900370,6.170,1.581
0.6766157052,0.1303934270,6.170,1.053
0.7697377045,1.1228129242,6.170,1.994
0.8448807313,-0.5201801902,6.170,1.041
0.8552734963,-0.1033008983,6.170,-0.018
1.0023665419,0.4138499420,6.170,-0.046
1.3659254039,1.0794868332,6.170,0.032
1.4263935642,0.6188461474,6.170,1.453
1.5015979360,1.0729679594,6.170,0.902
1.5766271719,1.4867083418,6.170,1.564
1.6984098187,0.0461848047,6.170,1.539
1.7067547871,0.1963735477,6.170,-0.116
1.7351718932,0.0471964687,6.170,1.080
1.8573071668,0.9208105400,6.170,0.102
1.9349984290,0.4004718894,6.170,0.006
2.0206126289,0.0033044862,6.170,1.047
2.0542085300,0.0571988549,6.170,1.106
2.3141348551,-0.4994716749,6.170,-0.055
2.3437066950,0.2992148992,6.170,1.001
2.6849618722,-0.6373543931,6.170,1.058
2.8635656594,0.3901104529,6.170,1.549
3.0536233118,-0.2900777258,6.170,1.579
3.1129997842,-0.6120284160,6.170,0.089
3.4695301399,-0.6348008497,6.170,0.968
3.5043763017,-0.5792726546,6.170,1.653
3.5289693757,-1.2152230530,6.170,-0.014
3.6384369960,-0.6163518792,6.170,1.009
3.9209215471,-0.6965115523,6.170,1.216
4.3498688073,1.1008284434,6.170,1.527
4.3669918527,-1.0549894333,6.170,0.488
4.4578682547,1.3141892463,6.170,0.306
4.5214398062,0.0381564266,6.170,0.235
4.5601263560,-0.4231320972,6.170,1.103
4.5681342180,-0.9066779305,6.170,-0.039
4.6821030284,-0.1902332480,6.170,1.110
4.7982083488,-1.1150308570,6.170,0.584
4.9436378117,-0.8130848246,6.170,0.051
4.9438161464,-0.8440571553,6.170,0.124
5.1517137684,0.7518498659,6.170,1.561
5.2332711214,0.0240453342,6.170,1.129
5.3247467647,0.2542815062,6.170,0.926
5.4221336301,1.0576924942,6.170,0.034
5.4913113141,0.7319897723,6.170,-0.079
5.5736494223,0.7449688760,6.170,-0.094
5.6350473673,0.9183897320,6.170,0.900
5.6481372214,0.9023084332,6.170,-0.015
5.6676799658,-1.3865346446,6.170,0.460
5.7056441045,-0.1032676700,6.170,0.230
5.7392677738,1.0741072060,6.170,1.599
5.7431547633,-1.0105384932,6.170,0.215
5.7919905276,0.9303903008,6.170,0.389
5.8337508642,-0.4038734999,6.170,1.051
6.0112585285,0.6860675784,6.170,-0.148
6.0137894624,-0.0418073560,6.170,0.744
6.1116258099,-0.1031136181,6.170,1.089
2.0584626641,-0.2425318505,6.170,0.650
0.0022496079,1.0395125049,6.180,1.032
0.0357862386,-0.0427206116,6.180,1.366
0.0522920602,0.8404178598,6.180,1.467
0.1329232491,-0.7145305665,6.180,0.315
0.1348553712,1.3442421914,6.180,0.883
0.1370965661,1.1609863378,6.180,-0.100
0.1619658692,0.4191257469,6.180,1.170
0.1855158835,1.0254404607,6.180,-0.004
0.3734769113,0.4103534231,6.180,0.447
0.4221357768,-1.0170202118,6.180,1.607
0.4550903191,1.0042034019,6.180,0.131
0.4680901053,-0.7288482064,6.180,1.544
0.8196388459,-0.4857452206,6.180,0.166
0.9574404467,0.2886196022,6.180,1.000
0.9961522274,0.8855236376,6.180,0.028
1.0325026997,-0.1701843337,6.180,0.269
1.1474033442,1.0404986600,6.180,0.108
1.1808902741,0.5664949198,6.180,-0.026
1.2358208486,0.4204309657,6.180,0.544
1.2497830116,-0.4902183754,6.180,0.189
1.4214993038,0.0090799667,6.180,-0.178
1.4261726158,0.5805359246,6.180,1.152
1.4278171051,0.2662958874,6.180,0.083
1.4409094908,-1.4797792180,6.180,-0.003
1.4930986015,-0.5329440062,6.180,0.023
1.5146407197,-0.2834079361,6.180,0.892
1.5231390968,1.0962097105,6.180,0.128
1.5758901140,0.5416544993,6.180,0.095
1.6219719860,-0.0814272844,6.180,-0.079
1.7166980976,-0.9133174250,6.180,1.088
1.7589002147,0.0529498106,6.180,1.366
2.0036384291,0.4227628686,6.180,0.028
2.0444815615,0.4038862845,6.180,0.571
2.1176883245,-0.8199279482,6.180,-0.138
2.1826069017,-0.0158705157,6.180,0.607
2.2311102293,0.6503959417,6.180,-0.039
2.2578141456,-0.0861145271,6.180,1.054
2.5151218892,-0.8508685916,6.180,0.277
2.5166439163,-0.9240413623,6.180,1.051
2.5508418095,1.1341867243,6.180,0.419
2.6048913374,-1.2060539953,6.180,-0.100
2.6310799097,-1.0503160099,6.180,0.175
2.6840006852,1.0469451640,6.180,1.621
2.7259534113,-1.2910502776,6.180,0.071
2.7283288432,-0.7411960250,6.180,1.006
2.8795734766,1.3573455986,6.180,0.966
3.0463145089,0.1550514151,6.180,1.081
3.1374720305,0.0092621128,6.180,1.257
3.2058366208,0.9326101624,6.180,1.061
3.3854473956,-0.2675070447,6.180,-0.001
3.4598033921,-1.0439966978,6.180,0.592
3.4844680866,-0.8951056435,6.180,-0.001
3.5032036652,-0.8367670587,6.180,0.181
3.5342976071,0.1252946254,6.180,1.471
3.6022918832,-0.2751942111,6.180,0.046
3.6762340904,0.1690542603,6.180,0.853
3.6784065226,-0.5529907384,6.180,0.480
3.6921646138,-0.7520920837,6.180,0.986
3.7510725963,0.0067078846,6.180,0.201
3.7847747085,-0.1068199436,6.180,0.093
3.8877278051,-0.0044940587,6.180,1.397
3.9616614275,-1.1392715117,6.180,1.470
3.9738535341,1.1830022287,6.180,0.143
3.9905323395,-0.3101200876,6.180,-0.015
4.0085342615,-0.5447058630,6.180,1.205
4.2303685795,-0.5698327520,6.180,0.790
4.2626250106,-0.0689989491,6.180,0.326
4.3762992281,0.9719759326,6.180,0.088
4.4046052551,-0.2734576583,6.180,0.234
4.4055432165,0.7580041179,6.180,1.257
4.4357527037,-0.7125036652,6.180,0.228
4.4759311836,-0.7697781948,6.180,0.281
4.6438300065,0.2515031092,6.180,0.211
4.6589819572,-0.3923114559,6.180,1.446
4.6802969813,-0.1072256529,6.180,1.250
4.6901391807,-0.4343617484,6.180,0.001
4.7193630921,0.5813912629,6.180,1.549
4.7363971685,0.3778048587,6.180,1.241
4.7883170175,-0.5000728683,6.180,0.184
4.9021216212,0.9402397072,6.180,0.094
4.9161097186,0.3264796666,6.180,1.594
5.0439644135,0.4874059157,6.180,0.634
5.1774475206,0.5740141918,6.180,1.172
5.2378314421,-0.8613365037,6.180,1.056
5.2585127176,0.6715757629,6.180,0.654
5.2731684710,-0.1756254076,6.180,0.031
5.5082737167,0.7817500747,6.180,1.687
5.5315806421,-0.3046629587,6.180,-0.035
5.5473026121,-1.2661378077,6.180,1.087
5.5596215714,0.5218701902,6.180,1.105
5.6668777144,0.4450385291,6.180,1.026
5.7032092492,0.3000926251,6.180,0.350
5.7129725142,1.0694113993,6.180,1.685
5.7466527497,-0.6588067052,6.180,0.321
5.8046027953,0.3423697032,6.180,0.688
5.8509107495,0.1428856013,6.180,0.451
5.8599559809,0.9998050940,6.180,-0.112
5.8638852407,0.6732365297,6.180,0.485
6.0324801418,-0.1147380928,6.180,1.590
6.0588786451,-1.2843200121,6.180,1.419
6.1266768656,-0.3261672423,6.180,1.020
6.1731379766,0.6636439910,6.180,1.586
6.2687501370,0.3952837605,6.180,1.635
2.3590446505,0.7292617463,6.180,0.650
0.0298219516,-0.4033026516,6.190,0.386
0.0776451766,0.0294738472,6.190,0.937
0.2410496913,0.4286015846,6.190,1.546
0.6705136190,-0.3490993788,6.190,1.100
0.6907021181,0.6584553923,6.190,0.490
0.9574154018,-0.1821648601,6.190,1.031
1.0360260979,0.4269413491,6.190,1.372
1.4410506365,-1.1157485953,6.190,0.225
1.4558109869,0.3573424861,6.190,-0.034
1.4823457349,1.3097626401,6.190,1.606
1.5150423803,-0.9487736926,6.190,1.406
1.7060517565,-0.7141233407,6.190,1.398
1.7509448577,0.1920420227,6.190,1.675
1.7723928033,-0.6593037916,6.190,-0.123
1.8701380192,0.6535402082,6.190,1.212
1.9114330571,0.5402818942,6.190,-0.024
2.2387372572,-0.4294724761,6.190,0.270
2.3461605764,0.1638473841,6.190,0.984
2.3547339460,-0.3352434754,6.190,0.461
2.3996167031,-0.9090174007,6.190,1.023
2.4717103349,-0.7068881298,6.190,0.251
2.5023917874,0.6368174019,6.190,1.264
2.7495336936,-1.1691027597,6.190,-0.004
2.8566801372,0.4448970322,6.190,0.291
2.8764573015,-1.4764419572,6.190,0.100
3.2796716462,-0.0881843649,6.190,1.041
3.4594493561,-0.7452507113,6.190,1.057
3.6220318067,-0.5075648056,6.190,-0.009
3.6432441257,-0.1406535008,6.190,0.530
3.7038716354,-0.7587082168,6.190,-0.056
3.7409058249,0.8954825809,6.190,0.070
3.7712397395,0.1411028005,6.190,1.208
3.9863016917,0.6678450027,6.190,1.218
4.0122015330,-0.6474675993,6.190,0.959
4.0905063099,-0.4586701534,6.190,-0.013
4.0985109747,-1.3599257148,6.190,1.207
4.2025605652,1.0369129883,6.190,1.576
4.4658765762,0.6180917497,6.190,1.467
4.4710496319,0.3420689191,6.190,0.010
4.6196574172,-0.3824480257,6.190,0.827
4.6719267142,0.2085066001,6.190,1.247
4.6813042947,-0.7329775885,6.190,0.523
4.8062998124,-0.4348536042,6.190,1.823
4.8343060272,-0.3106748334,6.190,0.003
4.9230212263,0.4104097854,6.190,0.492
4.9394216713,0.2437465231,6.190,-0.008
5.0518690175,0.0354603297,6.190,0.019
5.0851453560,0.4348099388,6.190,0.528
5.1418809188,-1.0120002066,6.190,0.973
5.2593680943,0.9833433120,6.190,0.437
5.3627300289,1.4595388569,6.190,0.163
5.3880062318,0.9050268932,6.190,0.318
5.3910497205,-0.2884309992,6.190,0.218
5.6612571842,0.7801019542,6.190,0.218
5.6624040540,0.1155127143,6.190,0.046
5.7233522736,-0.3250316226,6.190,0.374
5.7866579993,0.7897386164,6.190,0.078
5.8161268918,-0.4595066787,6.190,0.169
5.8422132431,0.6591984011,6.190,0.270
5.9712229211,-0.1842278488,6.190,0.274
5.9734438090,1.1967762408,6.190,0.440
6.0729606713,0.4685739233,6.190,0.937
6.1528241236,0.8575351468,6.190,1.464
0.0318716731,-0.3034602160,6.200,0.133
0.2452879295,1.0122308761,6.200,1.376
0.2812612210,0.5176438224,6.200,0.443
0.3325313036,1.5209758342,6.200,1.114
0.4208574010,0.8503728611,6.200,1.237
0.4420313538,0.4493474504,6.200,0.459
0.4426819348,-0.6655433788,6.200,0.404
0.4534071687,-0.0831739180,6.200,1.537
0.6511297802,0.4096117836,6.200,0.155
0.7947993256,-0.1133511650,6.200,0.598
0.8870418295,-0.1360326721,6.200,0.702
0.9335179159,-0.5424503290,6.200,0.482
1.3213872054,1.1662809137,6.200,0.509
1.3280201920,0.3713699453,6.200,1.324
1.3387807086,0.7535407484,6.200,0.444
1.4003805588,0.3458255895,6.200,1.229
1.4384895939,0.5093998979,6.200,0.476
1.5819818548,-0.2530231242,6.200,0.947
1.8094732684,-0.0306564589,6.200,0.487
1.8273176238,0.4552007048,6.200,0.520
1.8408072940,-0.0234900899,6.200,1.286
1.9385687825,-0.3999030676,6.200,-0.088
2.0007680750,-0.6768646333,6.200,1.015
2.0197347102,-1.0163062320,6.200,1.049
2.2399665425,0.6359356603,6.200,0.402
2.2911480404,-1.0249327154,6.200,-0.083
2.3074174935,1.1642756792,6.200,-0.106
2.3613881663,-0.4653696437,6.200,1.137
2.4777579211,1.3107133100,6.200,0.115
2.6253181255,-0.9313795021,6.200,-0.137
2.6265800145,-1.0009426429,6.200,1.108
2.6476226483,0.0979390310,6.200,0.939
2.6907267815,-0.8936894842,6.200,1.435
2.7531670133,-0.1333003898,6.200,1.377
2.9709673842,1.1711287352,6.200,1.018
3.1287754972,-0.5814644913,6.200,-0.044
3.2039103589,-1.1241407161,6.200,0.075
3.2309140325,-1.1491711409,6.200,-0.041
3.2761377985,0.9263615659,6.200,0.568
3.2985844602,-0.3582720489,6.200,0.340
3.4062077720,0.3206695073,6.200,0.466
3.4378358824,0.4809421870,6.200,1.363
3.4752885069,1.1939448438,6.200,-0.052
3.4932070852,-1.0432318220,6.200,0.410
3.6587384739,-1.1484382499,6.200,1.043
3.6903896039,-0.9541603738,6.200,0.225
3.8266189622,-0.2147688509,6.200,0.464
3.9266831237,-1.3095671190,6.200,-0.038
4.0605268616,-0.3617814996,6.200,0.192
4.1523125947,-0.2466775794,6.200,1.010
4.4988162464,0.4230275691,6.200,0.227
4.5197738639,-0.5272767244,6.200,-0.027
4.5685554971,-0.2183841202,6.200,0.517
4.9220223184,0.0740267798,6.200,1.509
4.9583829377,-0.0314135401,6.200,-0.046
4.9688496691,0.7099858752,6.200,-0.146
5.0238691807,0.7056208267,6.200,0.093
5.2342917446,1.3348521125,6.200,1.610
5.2900817864,-0.7466529545,6.200,1.228
5.3210214023,0.2306760835,6.200,1.648
5.3360184257,0.7502043505,6.200,0.957
5.3593819055,0.0512631300,6.200,0.899
5.3727878127,0.9129734570,6.200,1.018
5.4512844505,-0.3147850488,6.200,1.402
5.4540882279,0.0967708213,6.200,0.986
5.5642819574,-0.7069642014,6.200,1.138
5.6030484551,0.4417851301,6.200,0.026
5.6723000516,-0.9138371154,6.200,0.584
5.7206786934,0.6900448556,6.200,-0.068
5.8628191887,0.3638702490,6.200,0.518
5.9976873680,-0.1257444399,6.200,1.284
6.1479705841,-0.1617240236,6.200,1.438
4.5831936796,-0.0185826177,6.200,0.650
1.7067938400,0.3048459900,6.200,0.650
0.0378848874,0.6392639273,6.210,0.504
0.3604797905,0.0301301834,6.210,1.482
0.3667037198,-0.1397557724,6.210,0.235
0.6072894781,0.8110939574,6.210,0.164
0.6584543583,0.3089905756,6.210,0.908
0.6920815041,0.0600952598,6.210,0.999
0.7170783358,-0.5676633701,6.210,0.040
0.9138454695,0.8192203423,6.210,0.131
0.9940821761,-0.6301648210,6.210,-0.102
1.0175945738,-0.3217417924,6.210,0.866
1.2190504675,0.4401419154,6.210,0.176
1.3273793161,1.2874226985,6.210,1.609
1.4413454983,0.0733875110,6.210,1.280
1.4893719575,0.9334205438,6.210,0.840
1.5629212742,-0.0173488860,6.210,1.140
1.5720805790,-0.2251480694,6.210,0.358
1.5721712397,0.7782774419,6.210,1.128
1.7594183247,0.6483440108,6.210,1.026
1.9781987305,-0.2502506642,6.210,-0.061
2.0827647331,-0.8358504917,6.210,-0.099
2.1151429705,0.3288552833,6.210,-0.042
2.1189065635,0.4804845307,6.210,0.010
2.1344059783,-0.6188067431,6.210,0.892
2.2702581897,0.5574912912,6.210,0.401
2.2820300870,0.8185741746,6.210,0.981
2.2968359204,-0.7177734523,6.210,-0.050
2.3584344855,0.6563197700,6.210,1.572
2.4594423765,-0.8187121440,6.210,-0.093
2.8902978606,-0.4682981122,6.210,0.307
3.0536805733,-0.2525234769,6.210,-0.007
3.0633094635,-0.3542000414,6.210,0.949
3.1429601685,1.4111543051,6.210,1.610
3.2131406849,-1.2673621007,6.210,-0.006
3.2383734573,0.4323855294,6.210,-0.012
3.2656345193,-1.0785234509,6.210,1.253
3.2727056182,0.8994664485,6.210,0.536
3.4971869174,-0.3401523435,6.210,0.098
3.5790583667,0.5412621388,6.210,0.963
3.5986993648,-0.4450752465,6.210,1.374
3.8481570089,-1.0230392175,6.210,0.454
3.8795111150,-0.9890401976,6.210,1.107
3.9355781932,-0.5996754884,6.210,0.242
4.0211880528,-0.7112126253,6.210,0.068
4.1057589845,-0.8331519568,6.210,1.621
4.1607827407,0.2805605005,6.210,0.413
4.1691939805,-0.5425119283,6.210,1.371
4.1926958917,-0.7057322658,6.210,0.010
4.2429950865,1.1718869410,6.210,0.993
4.3797354311,-0.7176654979,6.210,0.143
4.5043949023,-1.2343157356,6.210,1.062
4.8630054203,-0.9231311793,6.210,1.254
4.8689756345,0.2962818030,6.210,0.542
4.8727807044,0.7543629751,6.210,0.251
4.9835342003,-0.7314762951,6.210,0.001
5.1939365318,-1.0657175832,6.210,-0.135
5.2127491465,-1.0676317289,6.210,0.163
5.3711163304,0.3596451226,6.210,0.138
5.3711947255,0.6446520057,6.210,0.969
5.3987674517,0.0016925851,6.210,-0.076
5.3991456391,0.6689614056,6.210,1.011
5.5002480509,-0.0825586329,6.210,0.635
5.8293871883,0.1492182142,6.210,0.019
6.0560888975,1.1208946444,6.210,1.084
6.2374873399,-0.2768315137,6.210,1.212
5.8755564085,-0.2922104290,6.210,0.620
2.8150000000,-1.0416852197,6.210,0.650
0.0057630218,0.8723427473,6.220,0.970
0.0612524724,0.5795547138,6.220,0.009
0.2249866863,0.9000911931,6.220,0.032
0.3856387888,0.1389518226,6.220,1.114
0.6237824170,-0.3203548774,6.220,0.942
0.7596887784,-0.8878734559,6.220,1.571
0.7716289421,0.8946781839,6.220,1.567
0.9583563444,-0.0592191935,6.220,1.041
1.0126143547,0.5439943021,6.220,0.206
1.1263268574,0.7355019786,6.220,-0.072
1.1788247023,-0.2372316475,6.220,1.001
1.3125602051,-0.1004205798,6.220,1.049
1.3700797554,-0.2549380036,6.220,0.377
1.3904692946,0.7062496440,6.220,1.386
1.4862420951,-0.0493096783,6.220,-0.194
1.4909119435,-0.2919208068,6.220,-0.136
1.5144060317,-0.4998433342,6.220,-0.132
1.5399250625,1.1950538408,6.220,0.955
1.5616691825,0.0213682416,6.220,1.461
1.6542762470,-0.1498541722,6.220,-0.043
1.6927274057,0.3577282667,6.220,0.041
1.8226059846,-0.4806201316,6.220,-0.147
2.1024475580,0.1555784896,6.220,0.570
2.1423105700,0.2553324942,6.220,0.010
2.1636660482,-0.5397595546,6.220,0.777
2.2956078608,-0.1921043347,6.220,1.608
2.3149051256,0.5809337563,6.220,0.549
2.5565992203,-1.0261458748,6.220,0.461
2.6880421705,-1.0455117478,6.220,0.194
2.8767302906,0.9055179827,6.220,1.352
2.9448158071,-0.7632971108,6.220,1.606
3.0473498303,-0.0425144971,6.220,1.119
3.1280121927,1.0742364239,6.220,0.955
3.1782980042,-1.0619827192,6.220,1.733
3.2964635542,-1.0793391142,6.220,0.731
3.3112069037,-1.1727399281,6.220,0.007
3.3229900420,0.1819727391,6.220,0.192
3.5807671192,0.4898295265,6.220,1.311
3.7396434984,-0.3243816508,6.220,0.985
3.7660446708,0.4422345455,6.220,0.411
3.7674114470,-0.2044486114,6.220,0.990
3.7885602496,0.6317573140,6.220,1.174
3.9442802140,1.1505160437,6.220,0.055
4.0673207463,0.2802330108,6.220,-0.038
4.1022761627,0.2103633743,6.220,0.968
4.1599147436,-1.0926910041,6.220,1.467
4.2058583090,-0.4315555606,6.220,1.386
4.3766724165,-0.8040782950,6.220,0.821
4.5733351387,-1.1001899348,6.220,-0.073
4.5846575866,1.0101411313,6.220,1.397
4.6398139746,0.2494977466,6.220,0.426
4.6498650344,0.5498603657,6.220,0.008
4.6615011649,0.0663960706,6.220,0.135
4.6984644167,0.7915216636,6.220,1.453
4.7123948746,-0.3549920897,6.220,1.405
4.7233084452,0.4000858308,6.220,-0.092
4.7437578550,-0.3742673162,6.220,0.102
4.8129584765,0.2912605430,6.220,1.216
4.8564441628,-0.6962471230,6.220,0.429
4.8950397333,-0.4159716979,6.220,0.231
4.9104767183,-0.9927776620,6.220,1.385
4.9375285365,0.5023698247,6.220,1.183
4.9671855942,0.1089073021,6.220,0.478
5.0093509954,0.3787177275,6.220,0.434
5.0684019851,1.3362170175,6.220,2.673
5.1572747403,0.7025673508,6.220,0.182
5.1981268554,0.8268887636,6.220,0.398
5.2110987942,-0.4178505088,6.220,1.017
5.3243609922,0.6877160342,6.220,0.060
5.4014106009,0.3188468673,6.220,1.162
5.4099197855,-1.0979482690,6.220,1.099
5.6524695386,0.4267707116,6.220,0.141
5.6616851650,-0.0068165846,6.220,0.056
5.6637987215,-1.1313951527,6.220,0.021
5.9161488352,-1.0102620634,6.220,0.212
6.0241426239,0.0032439683,6.220,0.892
6.1398572924,-0.8754090518,6.220,-0.080
6.2619353255,0.1234117434,6.220,-0.066
0.2546873854,-1.0593492123,6.230,0.096
0.2968021926,0.5587170652,6.230,0.398
0.3362458320,-1.1588611700,6.230,0.052
0.4178931070,0.2558900952,6.230,-0.036
0.6855188495,0.5740578463,6.230,0.515
0.7131504526,-1.1643833505,6.230,0.542
0.7563872154,0.8477056308,6.230,1.180
1.1650580580,0.0362925370,6.230,1.087
1.4228594978,0.2914727899,6.230,-0.084
1.4457793557,-0.1170832981,6.230,-0.178
1.4865878515,0.5571196994,6.230,2.088
1.4980380749,0.4049926916,6.230,-0.071
1.5835346611,0.5696003615,6.230,0.456
1.5950781929,0.5864140434,6.230,-0.079
1.7393796781,0.0281612078,6.230,0.086
1.8060851170,-0.4282820849,6.230,0.016
1.8207848910,-0.6197167314,6.230,0.465
1.8269039834,-0.7987951805,6.230,-0.006
1.8733382539,-0.1805816309,6.230,-0.018
1.8769098905,-0.3261258909,6.230,0.419
1.9299408125,-0.0519964165,6.230,0.686
1.9582051331,0.2637161518,6.230,-0.040
2.0105599892,0.2403536657,6.230,1.393
2.0484934920,-0.2330529071,6.230,-0.078
2.0755481717,0.6180679344,6.230,0.277
2.2364535997,0.9270289753,6.230,1.008
2.5941276316,-0.3924801550,6.230,0.052
2.6399446985,-0.8955916249,6.230,-0.054
2.6540564211,0.5515947763,6.230,0.469
2.6672823408,-0.1276992136,6.230,0.026
2.6761315121,-0.4717431410,6.230,0.316
3.0015089000,-0.0296696509,6.230,1.037
3.0355886181,-1.0696751267,6.230,0.131
3.1675304738,-0.6229765235,6.230,-0.073
3.1692219665,-1.1981930477,6.230,1.237
3.1918839091,-0.8963894674,6.230,0.816
3.2224314495,0.5279454719,6.230,0.310
3.2631510750,-0.0805517767,6.230,0.430
3.6703173487,0.4779862316,6.230,0.193
3.7228785869,-0.4644724196,6.230,1.071
3.7279906978,0.7246390137,6.230,1.071
4.0594390568,-0.7316250486,6.230,-0.005
4.0669221951,-0.6740905397,6.230,0.212
4.3755709095,-1.0917720495,6.230,1.524
5.0597408534,0.9490400147,6.230,0.030
5.2414638552,0.6474996381,6.230,1.314
5.3254823971,0.9354211653,6.230,1.547
5.3511179695,0.3022135098,6.230,1.005
5.3587090797,0.1472612446,6.230,1.074
5.3669397177,1.2659170282,6.230,1.353
5.4071209772,-0.0421143636,6.230,-0.090
5.4741600100,-0.8853591198,6.230,-0.098
5.4815706905,0.9928745046,6.230,-0.172
5.5697542776,0.7374328047,6.230,1.251
5.6863940323,-0.3424503757,6.230,0.269
5.8234759021,-0.7222463216,6.230,0.648
5.9270030959,-0.1378384747,6.230,0.783
5.9784866618,0.8844790573,6.230,1.129
6.0274685045,-0.1232403616,6.230,1.418
6.2154859307,-0.4580901370,6.230,0.495
6.2541577026,-0.4228803088,6.230,0.188
0.0149600203,1.1107366074,6.240,0.332
0.0386975807,0.4444129214,6.240,0.976
0.0584630048,0.4710215244,6.240,0.680
0.1150282174,-0.3262654350,6.240,1.622
0.3019619472,1.3964654988,6.240,0.922
0.3184841842,0.5247197875,6.240,0.980
0.4259841600,-0.1641269544,6.240,0.528
0.5397873281,0.3185791001,6.240,1.424
0.5734147807,0.5502394410,6.240,0.112
0.6715599756,-0.8917506093,6.240,0.509
0.7935650789,0.0931334121,6.240,1.041
0.8218397459,0.3280355511,6.240,1.560
1.1064347554,0.1782410174,6.240,0.021
1.1935905877,0.3144511219,6.240,0.077
1.2380398585,-0.7167157549,6.240,1.468
1.3568498467,-0.0393417105,6.240,0.984
1.4226152853,-0.0963160199,6.240,-0.047
1.4576328737,-0.0180768356,6.240,-0.160
1.4633361016,-0.0772189505,6.240,-0.148
1.5099183874,-0.0744991055,6.240,1.050
1.5602499998,1.1535945554,6.240,1.369
1.6448786732,0.4143570333,6.240,0.446
1.6522707393,0.1579031260,6.240,0.870
1.6756821325,0.1550727542,6.240,-0.060
1.6820614507,-0.6119849227,6.240,1.353
1.6950096433,0.2834133080,6.240,0.894
1.8026035218,0.7826046002,6.240,0.239
1.8065813693,-0.8833390585,6.240,0.988
1.9410157390,-0.3318268735,6.240,0.291
1.9672139652,-0.0912195229,6.240,1.185
2.3529819991,-0.5027598494,6.240,0.997
2.4684904226,1.1159799177,6.240,1.465
2.5765482216,0.0758110013,6.240,0.479
2.6613716279,-0.2111028894,6.240,0.184
2.7213062905,-0.7322212756,6.240,0.884
2.8035349613,-0.2439012890,6.240,1.540
2.9324125364,-1.0196799132,6.240,1.495
2.9548438484,-0.6634758642,6.240,0.105
3.0185146711,-0.3626178388,6.240,0.537
3.0909408846,-0.1799976305,6.240,0.585
3.1540761681,-0.1341045159,6.240,1.492
3.2092617463,-0.7315247056,6.240,1.002
3.2495653718,-0.7222921085,6.240,1.169
3.2890303154,0.5826723836,6.240,1.051
3.4243533241,-0.7190114538,6.240,1.649
3.6823361231,0.0855381183,6.240,0.406
3.8486838146,1.0692221339,6.240,0.409
4.1310070235,-0.1068203475,6.240,1.169
4.2876125893,-0.0363005812,6.240,0.058
4.5229978546,-1.3008463899,6.240,-0.004
4.6872393572,0.1942648827,6.240,0.474
4.7914897345,0.3164576997,6.240,-0.004
4.9128105891,-0.8878963718,6.240,-0.080
4.9288965283,0.0145943960,6.240,0.041
4.9470120634,1.0033297012,6.240,1.243
5.1473965277,-0.7902597830,6.240,0.293
5.1500803003,-0.9497696133,6.240,1.001
5.2026639558,0.3258856927,6.240,-0.031
5.2566783734,1.1150944795,6.240,0.100
5.2842417881,0.3688679815,6.240,0.894
5.2855127262,0.3817896690,6.240,-0.048
5.3124572498,0.5087209445,6.240,1.010
5.3532875410,-0.6528038356,6.240,0.961
5.4191138708,0.3058076714,6.240,0.942
5.4510441508,-0.0098320798,6.240,1.401
5.5110970207,0.0267395164,6.240,0.479
5.7360183779,-0.0576180676,6.240,0.466
5.7548585300,-0.0763251494,6.240,0.971
6.0279830165,0.9966782558,6.240,1.499
6.0961990282,-0.4963415033,6.240,1.556
6.1597062557,-0.3729673926,6.240,0.319
6.1988715552,0.6408983009,6.240,0.424
6.2042498046,0.9993747195,6.240,1.025
0.0075520688,0.7394461549,6.250,-0.042
0.0129070252,-0.3498666438,6.250,0.526
0.0215251947,0.4651086770,6.250,1.368
0.0651514605,0.3889330984,6.250,-0.004
0.0978462466,0.2353138141,6.250,1.225
0.2736457839,-1.1424244909,6.250,1.634
0.3905565815,-0.8160535057,6.250,1.658
0.4571425630,0.9963949591,6.250,0.062
0.5013294956,0.7103845114,6.250,1.262
0.5818544288,1.2920274636,6.250,0.915
0.6338475095,0.9880277924,6.250,0.249
0.7396368419,0.9963092951,6.250,0.786
0.8346113245,-0.2796884286,6.250,1.167
0.8508677211,-0.4555389507,6.250,0.038
0.8553462781,0.6054287632,6.250,0.290
0.9364761061,-0.1722336493,6.250,0.019
0.9573925068,1.3219057859,6.250,0.973
1.0880821337,0.9569441593,6.250,0.448
1.1075449811,0.2225940748,6.250,1.143
1.1501582611,0.7405067087,6.250,0.023
1.1842130722,0.6983095984,6.250,0.009
1.1843405153,-0.2381365960,6.250,0.086
1.2971571381,-0.0186271602,6.250,0.423
1.4594796558,-0.0002154574,6.250,0.997
1.4988143935,-0.6877802896,6.250,0.377
1.8266989631,0.1330342311,6.250,0.105
2.0218317224,0.3909445353,6.250,0.930
2.0703436359,0.8270414036,6.250,1.133
2.1149707724,-1.0967011417,6.250,-0.093
2.1225685373,-0.1613462168,6.250,-0.006
2.1323884046,0.2380789161,6.250,0.480
2.2405864204,-0.8197926942,6.250,1.560
2.3233670291,0.4932153668,6.250,1.552
2.3473704804,0.5276798020,6.250,0.474
2.3653863728,-0.6876974919,6.250,1.000
2.4227087399,-0.7950934368,6.250,-0.070
2.4850882262,-0.0741177866,6.250,0.838
2.5016317448,-0.1254927394,6.250,1.170
2.5547958721,1.3637079250,6.250,1.353
2.6554766425,-0.2724797402,6.250,-0.007
2.7193059124,-0.5264307982,6.250,0.304
2.7672716701,-1.0644349323,6.250,1.399
2.7986490424,-0.0303947464,6.250,0.880
2.8114400759,-1.2367354399,6.250,0.208
3.1030144017,0.5825038690,6.250,0.345
3.2585542302,-0.8536962250,6.250,0.674
3.3540735435,0.8459059032,6.250,0.195
3.3764639164,0.2167422387,6.250,0.282
3.3781644355,0.5852870816,6.250,0.207
3.4457186989,0.6725431753,6.250,-0.098
3.4576028000,1.4044892971,6.250,0.955
3.6809551182,0.1317055186,6.250,0.927
3.7373933903,0.3511925053,6.250,0.504
3.7666593909,0.0216694657,6.250,0.639
3.9681172511,-1.1107786765,6.250,0.059
4.2013357086,-1.0915566562,6.250,-0.015
4.2240573169,0.2976551098,6.250,1.140
4.3242556928,0.6147933814,6.250,1.640
4.3658332935,-0.3561981252,6.250,1.077
4.3685259596,-0.0174587304,6.250,0.313
4.4251809141,-0.0281400201,6.250,0.283
4.5273734847,0.4030074612,6.250,1.544
4.5572814743,0.6449328283,6.250,0.884
4.6213776801,0.0353961513,6.250,1.021
4.6694904340,1.3667069325,6.250,1.452
4.8849608864,0.7144515635,6.250,-0.052
4.9812962474,-0.3961088344,6.250,1.647
4.9844833901,0.1461458210,6.250,1.648
5.0420541321,-0.4220093049,6.250,0.548
5.0460817159,-1.2076077013,6.250,0.193
5.0571752549,0.6535445793,6.250,0.012
5.0685170299,-0.3357044061,6.250,-0.091
5.1020356656,0.0042949027,6.250,1.317
5.1468693271,0.8021086283,6.250,0.931
5.1568674008,0.8816971079,6.250,0.661
5.1686610625,0.2321773600,6.250,-0.041
5.1980073171,0.1680732392,6.250,0.102
5.2909019461,0.0151329496,6.250,0.042
5.4145656107,-0.7399618232,6.250,0.934
5.5116178821,-0.4840076230,6.250,0.945
5.5394564465,-0.3587814159,6.250,0.385
5.6518928302,0.4921410768,6.250,0.357
5.7078373361,0.6384482172,6.250,1.545
6.0554009994,1.1106134918,6.250,-0.025
6.1118594622,0.7699723702,6.250,0.152
6.1685019768,0.7864121985,6.250,0.986
0.1253054706,-0.8819647741,6.260,1.090
0.1431960728,0.4935833109,6.260,0.965
0.3515799941,-0.0566706627,6.260,1.013
0.3695674070,-0.7771702450,6.260,1.122
0.6557056176,0.5905095882,6.260,1.079
0.6992729133,0.1066735382,6.260,0.397
0.7370748876,1.2153476245,6.260,0.151
0.9834718212,-1.2506703423,6.260,-0.123
0.9940393940,0.5619159914,6.260,0.474
1.3308576176,-0.9495882816,6.260,1.554
1.3358510305,-1.2747478669,6.260,0.010
1.3764578601,0.3889441513,6.260,0.075
1.4170829113,-0.9130907354,6.260,0.067
1.4668251316,-0.5010493873,6.260,0.151
1.4716063217,1.1640768741,6.260,0.231
1.6082213488,-0.7741619449,6.260,-0.135
1.6795741263,-1.1140112656,6.260,-0.119
1.6808248559,0.1236690248,6.260,0.850
1.7086008333,-0.6447250940,6.260,1.599
1.7117712404,0.3103954503,6.260,0.541
1.7362494345,1.2862314844,6.260,0.396
1.7574045113,-0.3918018117,6.260,0.321
1.8213664957,0.2078260188,6.260,0.349
1.8267613891,-0.9726566719,6.260,1.160
1.8310870917,-0.3770414544,6.260,-0.164
1.9549089834,-0.4684284639,6.260,1.513
2.1353416153,0.7405538258,6.260,1.263
2.1740837064,0.9449857665,6.260,1.558
2.2416605822,0.2313837352,6.260,1.179
2.2791713743,-0.9734496516,6.260,1.178
2.3357745314,-0.7861254431,6.260,-0.152
2.4863578113,-0.4074530907,6.260,1.559
2.5044851892,0.4093481041,6.260,1.453
2.5378895016,0.4522650058,6.260,1.251
2.8119556888,-1.2643775551,6.260,0.510
2.8199496811,-1.0577196545,6.260,0.038
2.8507898608,-1.0278846683,6.260,-0.104
2.9653556194,-1.3114831936,6.260,-0.016
3.0770622206,-0.8564303219,6.260,1.174
3.1273355027,-0.8215680081,6.260,0.407
3.2258915647,0.4020308870,6.260,0.177
3.2872004154,-0.3454451420,6.260,0.304
3.3158261191,-1.1608383467,6.260,-0.050
3.3611768435,-0.8457785834,6.260,0.046
3.3702742204,-0.9395095234,6.260,1.106
3.4620668203,-0.3285827753,6.260,0.088
3.4936814846,0.0513526406,6.260,0.102
3.8035698514,1.0511356348,6.260,0.243
4.0399479457,0.3400024753,6.260,0.618
4.0716725696,-0.4274386825,6.260,0.330
4.0848969487,-0.5775784217,6.260,-0.070
4.1698717744,0.3249933154,6.260,-0.089
4.2452649454,-0.0736670095,6.260,0.133
4.4583991286,-1.0290154906,6.260,-0.124
4.4806401776,-0.4627395222,6.260,-0.038
4.6058511563,-1.0445117453,6.260,-0.081
4.6139900948,-0.6643833861,6.260,1.244
4.7024068984,-0.9930269248,6.260,-0.066
4.7261251805,0.8458610647,6.260,0.037
4.8863108306,0.1284317683,6.260,0.962
4.9084036925,0.9581366107,6.260,0.839
5.0167892096,1.1515422891,6.260,0.008
5.1084937133,0.6323066687,6.260,-0.015
5.2690823268,-0.9602105535,6.260,0.530
5.3306101202,-0.8726544316,6.260,0.549
5.4485354593,0.9060061904,6.260,-0.071
5.4960518210,-0.3322283677,6.260,-0.110
5.5009445924,-0.9379237098,6.260,1.563
5.7851278863,0.8417983723,6.260,-0.088
5.8716292762,0.3219140390,6.260,1.201
5.9047966629,1.2282530132,6.260,0.018
6.1402713677,0.0195932309,6.260,1.013
6.1502552734,-0.0791113606,6.260,1.123
6.1857187830,0.2936602893,6.260,0.025
6.2022303627,0.8641546288,6.260,0.182
6.2706883554,-0.4646667963,6.260,1.452
0.2162339723,-0.4077463285,6.270,0.132
0.2347155762,0.9196016489,6.270,0.191
0.3338676768,1.3946928269,6.270,0.440
0.3800678861,0.6000014710,6.270,0.453
0.4040710660,-0.8679123147,6.270,0.462
0.4578454079,0.3505170822,6.270,0.720
0.5506705243,0.1439567510,6.270,1.636
0.7285523816,0.6280309543,6.270,0.935
1.0731234623,-0.1545681847,6.270,0.063
1.2640726383,-0.2403260607,6.270,0.456
1.4557657977,0.6060755284,6.270,0.170
1.4657494215,0.4827990300,6.270,1.529
1.6134948437,-0.4660218637,6.270,1.010
1.6538334498,0.3023828114,6.270,-0.094
1.6745083720,-0.2630430579,6.270,1.534
1.8184659815,-0.6168226468,6.270,1.278
1.9775424797,-0.6991531054,6.270,-0.129
1.9908895303,-0.1450595905,6.270,1.541
2.1371335141,-0.7442224052,6.270,-0.036
2.4142752122,-0.7378080906,6.270,1.250
2.4583958980,-0.8427661251,6.270,-0.144
2.4828981017,-0.0219372692,6.270,0.274
2.4938601434,-1.1644666860,6.270,1.348
2.5760792564,1.1448177691,6.270,0.290
2.6039474286,-0.4633791861,6.270,0.219
2.6409217237,-0.6350272511,6.270,1.112
2.8110382886,0.3448567051,6.270,0.196
2.8150311130,0.0434232734,6.270,1.212
2.9328959824,-0.8075073133,6.270,0.155
3.0183252279,0.2507079077,6.270,0.570
3.1611183790,1.4937772511,6.270,0.560
3.2085445733,1.5306557668,6.270,0.346
3.3490994426,-0.1099863130,6.270,0.538
3.5227040773,-0.8618661237,6.270,-0.123
3.6806339928,0.1882648083,6.270,0.733
3.8119852875,1.3903367361,6.270,1.315
3.8625377806,0.5722645869,6.270,1.610
3.8914519973,-0.3203608549,6.270,1.094
3.9541842357,-0.6329366520,6.270,1.658
3.9837885525,-1.0776322507,6.270,1.901
4.0172065759,-1.1777748110,6.270,-0.090
4.2133657773,0.1413061785,6.270,0.084
4.3261097058,1.2673243787,6.270,1.291
4.4377891223,-0.3410348276,6.270,0.084
4.4397573135,0.4424905504,6.270,0.909
4.4573564629,0.2609217781,6.270,0.031
4.5357117127,-0.8737774885,6.270,0.413
4.7184337324,-0.2994438434,6.270,1.763
4.8213601570,0.4781291683,6.270,0.053
4.8443283178,-0.0999055995,6.270,0.953
4.8966935492,-1.4278209358,6.270,-0.104
4.9437766285,-0.1671243625,6.270,0.200
4.9621391315,-0.7664964628,6.270,-0.073
5.0410329286,0.8739060328,6.270,0.930
5.0805133306,0.2956190107,6.270,0.075
5.1293379087,-0.2138571909,6.270,1.089
5.1658818050,0.4736020369,6.270,1.015
5.1876336063,-0.9230716292,6.270,1.131
5.2313639673,-0.5329953416,6.270,1.051
5.2461822367,1.1280834193,6.270,0.927
5.3191094525,-1.1035846674,6.270,1.045
5.3256039424,-0.9608191474,6.270,1.617
5.5307768946,0.2732951226,6.270,1.008
5.5448338431,-0.1632593856,6.270,1.161
5.5566037192,0.2789454229,6.270,0.238
5.6430774437,0.8003035192,6.270,1.805
5.7135437787,0.3571370522,6.270,-0.097
5.7260022251,0.3712867262,6.270,1.601
5.9579851911,0.3380102581,6.270,1.057
6.0274249882,-0.3977760920,6.270,0.126
0.0013876607,-0.7730161236,6.280,0.763
0.1262936635,0.6440211579,6.280,0.916
0.2135650750,-0.8150277032,6.280,0.897
0.2403616877,0.8496004496,6.280,1.681
0.2761768534,-0.5153232628,6.280,0.932
0.2887938221,0.5616728758,6.280,1.308
0.3648790503,0.5977034846,6.280,0.829
0.4923813196,0.8984053758,6.280,0.050
0.5016116365,0.6480109076,6.280,1.169
0.6642980269,-0.6357764517,6.280,1.027
0.7289352999,0.6205462346,6.280,0.385
0.8231257468,0.1478480533,6.280,1.026
1.1528087806,-0.9960827317,6.280,0.659
1.1650704459,1.0050529044,6.280,0.063
1.1829834252,0.2636326273,6.280,1.725
1.2079810859,-0.5361089269,6.280,-0.095
1.2788687154,-1.2637524192,6.280,0.521
1.4700751208,-1.1616961634,6.280,-0.052
1.5333989456,0.5606816799,6.280,1.752
1.5515517931,-0.0835766110,6.280,0.056
1.5932911954,1.3192231542,6.280,1.512
1.6173332108,-0.7903197790,6.280,-0.012
1.6221317282,0.9188667447,6.280,0.141
1.7019149082,-1.1443817143,6.280,0.329
1.7512882068,0.2861929821,6.280,-0.016
1.7552472968,-0.6701853327,6.280,0.346
1.7636186232,0.9301896092,6.280,1.089
1.8132964172,0.1452861872,6.280,0.037
1.8356874075,-0.4972368766,6.280,0.449
1.9813096789,0.1844477275,6.280,0.022
2.0785942291,-0.5285654536,6.280,1.476
2.1010546323,-0.9678663240,6.280,-0.146
2.1096383201,-0.7495897147,6.280,1.008
2.1708733747,0.1547462953,6.280,0.980
2.1959830280,-0.6682181317,6.280,1.613
2.2015216208,1.4386881533,6.280,0.035
2.2448756516,-0.6564387352,6.280,1.562
2.3360418181,0.3007424972,6.280,2.975
2.4414596671,-0.9631856229,6.280,-0.099
2.5873086700,-0.4770363877,6.280,0.622
2.6705613164,-0.4992681134,6.280,0.019
2.9063906855,-0.8938340743,6.280,0.943
3.0161506671,-1.0695109382,6.280,0.473
3.0618533376,0.9629332468,6.280,1.491
3.1446632075,-0.3811362866,6.280,1.220
3.2880709005,0.4238180235,6.280,0.114
3.5794818469,0.9984610859,6.280,0.111
3.6748039529,0.7985484734,6.280,1.353
3.6853664942,0.0400994882,6.280,1.022
3.7763944434,0.6700851875,6.280,1.225
3.9148978643,-0.5088974906,6.280,-0.011
3.9917568364,-0.0960376983,6.280,1.473
4.0654106771,-0.3519442821,6.280,0.220
4.1655391556,0.1497551369,6.280,0.171
4.4243262901,-0.7329392668,6.280,0.462
4.4586803010,-0.3296148209,6.280,1.351
4.4727970848,-0.7941619328,6.280,0.074
4.5305309081,-0.2846959607,6.280,1.691
4.5503124985,-0.0416815320,6.280,0.680
4.6341123329,-0.8815780812,6.280,1.661
4.6990063725,0.1132322490,6.280,-0.015
4.7035018053,-0.6830611872,6.280,0.007
4.7165539404,0.2634321479,6.280,0.747
4.8201723446,-0.1234983832,6.280,1.161
4.8350104855,-0.4670020303,6.280,0.157
4.9007642990,1.2355682942,6.280,1.234
4.9398090477,0.7222738555,6.280,-0.083
4.9413409041,-0.4651436833,6.280,0.941
4.9740509200,0.3981884048,6.280,1.672
5.0053371002,-0.3270427759,6.280,-0.044
5.0235530590,-0.5149121452,6.280,-0.031
5.1646833869,0.9955831626,6.280,0.887
5.3060503386,0.6788983752,6.280,0.006
5.3185980662,-0.8327100958,6.280,1.657
5.4166770198,-0.7353731920,6.280,1.584
5.4413229576,-0.0434047993,6.280,1.558
5.6037242463,-1.2170858372,6.280,2.607
5.6684009066,-0.5878069175,6.280,0.949
5.6919156409,-0.6728685788,6.280,1.129
5.7002408696,0.4461673085,6.280,1.212
5.7691750136,-0.3124745723,6.280,1.002
5.8047547742,-0.0679646147,6.280,-0.006
5.9187968540,-0.7083015370,6.280,0.119
5.9202064660,0.6222520894,6.280,1.392
5.9432843144,-0.0890461464,6.280,1.569
5.9660567449,-0.5962345202,6.280,1.145
6.0106815277,0.0665012583,6.280,1.122
6.1203250944,0.3635296775,6.280,-0.033
6.2760020012,-0.2765907759,6.280,1.079
0.3410770678,0.8276299991,6.290,1.357
0.5519100582,0.0006175720,6.290,0.897
0.6277182406,0.9662991153,6.290,0.845
0.6914377337,0.6647809257,6.290,-0.029
0.7732465141,-0.5210730866,6.290,0.472
0.8422296864,-0.6273356957,6.290,-0.076
0.9045661603,0.2222727221,6.290,-0.025
0.9227951420,0.8588725190,6.290,0.067
0.9446722134,-1.3669955070,6.290,1.150
0.9526385501,0.9936632949,6.290,-0.099
0.9798481673,-0.9472604664,6.290,1.035
1.0884726721,1.0455930840,6.290,1.112
1.3099624839,-1.3665929623,6.290,1.517
1.4430488096,0.3920403007,6.290,1.180
1.5154321026,-0.6226300622,6.290,1.191
1.5312582594,0.8990990907,6.290,1.047
1.6564754013,-0.3857721989,6.290,1.473
1.8339073673,-0.0936746465,6.290,0.572
1.9090747823,-0.1165879381,6.290,1.624
1.9838271662,-0.8983998021,6.290,0.073
2.2708924507,0.3411212433,6.290,0.170
2.3038512511,-0.9224091487,6.290,-0.097
2.5964210665,1.0666775726,6.290,1.036
2.7725131721,-1.3318430466,6.290,1.205
2.7754013099,-0.4655749341,6.290,0.475
2.7766309422,0.6340244765,6.290,0.436
2.8214077746,-0.7538543526,6.290,0.202
2.8258627645,-1.0029955311,6.290,1.673
2.8439340482,-0.9995904612,6.290,0.226
3.0095008270,0.9902574586,6.290,0.157
3.0479502215,0.5868814327,6.290,1.325
3.0488753263,0.7872903708,6.290,0.566
3.2100606817,1.2662572538,6.290,1.145
3.2519545604,-1.1479004830,6.290,0.965
3.2857917153,0.1796933601,6.290,0.953
3.3544550610,0.4335437278,6.290,0.703
3.3704851663,0.2813906289,6.290,0.173
3.5765320174,-0.6937262583,6.290,1.597
3.9307925031,0.3847681060,6.290,1.179
3.9475637897,-0.7131647468,6.290,1.389
3.9738864652,-1.0720217181,6.290,0.623
4.0246739185,0.2193446133,6.290,-0.008
4.1579645676,0.3037422639,6.290,1.238
4.1723568270,-0.5547682997,6.290,0.462
4.2722548364,-0.3528719215,6.290,1.066
4.4095822489,0.7312318688,6.290,1.086
4.4329727027,-0.5848052643,6.290,1.747
4.4343534327,1.2763220472,6.290,0.259
4.4713390971,-0.3577000503,6.290,-0.035
4.4776277989,-0.3763729768,6.290,0.128
4.7883225175,-0.1703193138,6.290,0.382
4.7911427809,0.2404546727,6.290,-0.040
4.9342269816,-0.3868031899,6.290,0.390
4.9635996096,-0.6950458752,6.290,0.210
5.0043544277,-0.8783045556,6.290,-0.057
5.0599281732,0.6515408255,6.290,0.676
5.1076038721,-0.9618518772,6.290,0.450
5.1628549936,1.0125809861,6.290,0.590
5.3364016981,-0.1685064786,6.290,0.913
5.4166483393,-0.4537840590,6.290,1.224
5.4449134861,0.9146776144,6.290,0.883
5.5860770167,0.3844294640,6.290,-0.106
5.8117150327,1.0312204416,6.290,1.123
5.8738112741,-0.4133366780,6.290,-0.021
5.9161847666,0.8739001057,6.290,-0.071
5.9527709899,-1.0559175306,6.290,0.568
6.1073066404,0.8444066157,6.290,1.123
6.2529879837,0.0364882896,6.290,-0.003
0.2526736317,0.2390379387,6.300,0.895
0.5360878954,-0.4169003132,6.300,1.340
0.6204454702,-0.7539789448,6.300,0.991
0.7113565793,0.8423874429,6.300,1.140
0.7557052859,0.2876906407,6.300,0.457
0.8080362632,-0.1444128597,6.300,1.020
0.8542763533,0.5734578089,6.300,0.366
0.8567911308,-0.1000154591,6.300,1.648
1.0090816977,0.2276970111,6.300,-0.058
1.2733621453,0.2383274173,6.300,0.502
1.3260101481,-0.7285868288,6.300,0.528
1.4165111496,0.5449600732,6.300,1.251
1.4271530312,-0.2077109984,6.300,0.553
1.5151409640,0.7422317767,6.300,1.354
1.5457623706,0.0562980595,6.300,1.283
1.6643001945,0.0395931864,6.300,0.251
1.6712594369,-1.1114804032,6.300,1.612
1.6787520083,-0.7030880737,6.300,-0.049
1.6819282592,0.2569472381,6.300,2.349
1.7138314214,-0.1948901221,6.300,1.096
1.7601175041,-0.6840489578,6.300,0.258
1.7993516400,-0.0927865412,6.300,0.977
1.8036814819,0.1919277499,6.300,0.962
1.9065697870,-0.5392545893,6.300,0.200
1.9432764284,1.4182101483,6.300,-0.031
2.0434534936,-0.9856061930,6.300,1.010
2.0600113606,0.0572004009,6.300,1.464
2.0929471749,-1.0508165069,6.300,-0.050
2.0978931925,0.3458582124,6.300,1.109
2.2112645320,0.4701129639,6.300,0.187
2.2281478296,-0.7808135261,6.300,-0.007
2.3526115496,0.3165131301,6.300,1.511
2.4231901576,1.4692358479,6.300,0.339
2.4474967798,-0.2725824882,6.300,0.468
2.4585382279,-1.0524739216,6.300,1.477
2.4649624041,0.9001342936,6.300,0.774
2.6012497204,-1.2459783366,6.300,-0.056
2.6356517067,-0.3159291342,6.300,-0.060
2.9309719286,0.2513300812,6.300,0.209
2.9516323908,-0.8007572735,6.300,0.403
3.0124983926,0.8143275714,6.300,1.265
3.0398346579,-0.6499115088,6.300,0.062
3.1623381790,-1.0341649460,6.300,-0.034
3.1673089363,-1.1440088482,6.300,0.152
3.2629982558,-0.2902804316,6.300,0.868
3.5887476981,0.7273534311,6.300,0.879
3.6821422164,-0.3913307800,6.300,0.452
3.8421071409,-0.9850771058,6.300,1.173
3.8726018726,-0.7602096724,6.300,1.068
3.8944936650,-0.5336737467,6.300,0.605
4.0062149805,-0.7166524141,6.300,0.176
4.0832844922,0.6697513615,6.300,1.306
4.1164215239,-0.2625538971,6.300,1.124
4.1778699886,0.6928099432,6.300,1.110
4.2396664631,0.5819410162,6.300,1.228
4.2508662303,0.1030066475,6.300,1.148
4.2644894912,-0.9265322143,6.300,0.273
4.3537246450,0.2388838212,6.300,0.433
4.3665516783,-0.8984651320,6.300,0.321
4.4290151342,-0.7346235794,6.300,0.396
4.4337794469,-0.8844419311,6.300,-0.016
4.4964507957,0.9147055828,6.300,-0.025
4.5041539197,-0.6775810567,6.300,1.050
4.5771886925,-0.7674896689,6.300,-0.010
4.6281181458,0.5460695087,6.300,1.075
4.6416319140,-0.1235624638,6.300,0.324
4.7202647309,-0.6349134967,6.300,-0.016
4.7802010104,0.7890514470,6.300,0.641
4.7938490559,-0.7380717990,6.300,-0.144
4.7993699495,0.8961885687,6.300,1.112
4.8254430700,-0.5924645465,6.300,-0.075
4.9037377169,-0.1189986199,6.300,0.479
4.9073055456,0.4117211323,6.300,0.437
4.9445178383,-0.9063745688,6.300,-0.092
4.9917150657,-1.0115921749,6.300,0.857
5.0101539515,-0.4303522759,6.300,0.011
5.0638586280,0.6141108069,6.300,-0.092
5.0946448658,0.6621988068,6.300,-0.120
5.1189101391,1.0499672244,6.300,1.580
5.2055352619,0.8344021179,6.300,-0.126
5.3051177363,-0.5236908914,6.300,1.513
5.3074593763,-0.2153233427,6.300,0.005
5.3075179314,-0.6362349025,6.300,1.467
5.4230984994,-0.6904318250,6.300,1.073
5.4395073845,0.8121312283,6.300,0.064
5.6040217589,-0.8135801081,6.300,0.235
5.8069799310,0.5332504670,6.300,0.227
5.8831763605,1.1184969593,6.300,1.113
5.9213820731,0.2195068407,6.300,1.431
5.9329687052,-0.4943760386,6.300,1.006
6.0231773366,-0.4472728480,6.300,1.124
6.2078350989,0.2851120814,6.300,0.970
0.7124915164,0.0565030357,6.300,0.650
0.0168447494,1.1643472413,6.310,1.629
0.2930299745,0.9337194722,6.310,1.499
0.3504795859,1.3538638094,6.310,0.912
0.4071182633,0.1432695026,6.310,0.800
0.5677949110,0.9397392250,6.310,0.948
0.7541813646,-0.1647806543,6.310,0.196
1.0109644823,1.1956811848,6.310,-0.057
1.0319479686,1.2535235058,6.310,0.333
1.0498801180,0.3018836600,6.310,0.056
1.0760402016,0.9426289985,6.310,0.983
1.1120705865,0.6552431994,6.310,0.958
1.1160130561,0.2687928358,6.310,0.400
1.1328217172,0.1766523960,6.310,1.428
1.3118918631,-0.0360590665,6.310,0.293
1.4972974972,-0.0281564952,6.310,1.467
1.6722056680,-0.5548456226,6.310,0.893
1.7078044690,-0.5736643906,6.310,1.665
1.7877990750,-0.4202066275,6.310,0.054
1.7920388793,-0.1403418596,6.310,0.011
1.8118841196,0.7998217056,6.310,0.945
1.8195126690,-0.1427556273,6.310,0.641
1.8684675698,0.5904865654,6.310,1.356
1.9164941988,-0.5886501020,6.310,1.302
2.0357389862,-0.6592557043,6.310,1.348
2.0404736357,-0.2790901636,6.310,1.791
2.1035678029,-0.6466452399,6.310,1.599
2.1334356592,-0.1979142295,6.310,0.011
2.1783950171,-0.1774258727,6.310,0.329
2.2314540299,-0.6817973375,6.310,-0.133
2.2378964553,1.2098605126,6.310,1.360
2.2550213021,1.3041741894,6.310,0.308
2.4147954984,-0.6739845697,6.310,0.018
2.4658496641,-0.7675365078,6.310,1.526
2.4676412457,0.2894731110,6.310,0.968
2.5298119007,-0.1844860241,6.310,-0.029
2.6405658647,0.9140516523,6.310,0.135
2.6554018687,1.4646519010,6.310,1.549
2.6992868403,-0.6423609615,6.310,1.282
2.7052226805,-0.1581094489,6.310,0.338
2.8475113603,-0.0035195701,6.310,1.503
2.9079754791,-0.8893626307,6.310,1.156
3.1147056515,0.0096362127,6.310,0.207
3.2511392574,1.1135686035,6.310,0.919
3.3252181150,-1.2113903351,6.310,0.750
3.3468365445,0.1038536069,6.310,-0.013
3.3688814466,-0.8394036425,6.310,0.040
3.3927114688,-0.3971234815,6.310,1.069
3.4563635442,0.4233824482,6.310,1.006
3.5216665359,-0.8577195273,6.310,0.003
3.5796175458,0.8817300895,6.310,0.537
3.6484996600,0.5590743108,6.310,0.401
3.7334522746,-0.7854113502,6.310,0.596
3.9860314955,0.4011359787,6.310,0.064
4.1705834469,1.0282044303,6.310,-0.028
4.1759829300,-0.8405887232,6.310,0.381
4.1823032848,-0.6545661478,6.310,1.006
4.3141217727,0.8972342898,6.310,1.052
4.5245658860,1.5540011608,6.310,1.575
4.5378236068,-0.1032800099,6.310,0.850
4.6620534064,-0.4708016045,6.310,0.094
4.7424577567,0.8870255925,6.310,1.051
4.8333806760,-0.4648657390,6.310,0.263
4.8580574871,-0.6757920627,6.310,0.020
4.8744907240,0.2827135778,6.310,0.896
4.9049529960,-0.6408558501,6.310,0.980
4.9809890286,-0.2667319910,6.310,0.963
5.0565645013,0.1678669979,6.310,1.065
5.0748683430,-0.1291651029,6.310,1.455
5.0848998410,0.3538083764,6.310,-0.014
5.0944639549,0.2492763160,6.310,-0.068
5.1576605055,-0.1604595380,6.310,1.341
5.2422981842,-0.7123445495,6.310,0.113
5.7145729134,-0.2220558822,6.310,0.223
5.7923089644,0.3141716402,6.310,1.605
5.8867948311,1.0193438414,6.310,-0.033
5.9687493289,-0.4522502040,6.310,0.913
6.0095464458,-0.0839519909,6.310,0.948
6.0177753310,0.9189949074,6.310,1.414
6.2679098104,-0.4317459000,6.310,0.921
0.0220946140,-0.0087796253,6.320,1.099
0.0394426025,-0.9425115001,6.320,0.738
0.1567017362,0.2305068083,6.320,0.517
0.4530689160,0.5618566485,6.320,0.879
0.4557148364,0.8052895346,6.320,1.419
0.5675810390,-0.7647260364,6.320,0.899
0.7089626174,0.1874784616,6.320,0.064
0.7838203737,-0.5673576338,6.320,0.002
0.8396778635,0.8329736536,6.320,1.425
1.0405913278,0.6778903138,6.320,1.081
1.1147418694,0.1079810417,6.320,0.570
1.2571453506,0.9704486419,6.320,0.320
1.3283521383,-0.6231717125,6.320,0.311
1.4615268807,-1.0677234619,6.320,0.845
1.5292592621,-0.9209732322,6.320,0.746
1.5928007203,0.6626015445,6.320,0.825
1.5932112311,1.0366070716,6.320,1.116
1.6628210501,-0.2062512210,6.320,1.676
1.6643114262,0.3100316203,6.320,1.100
1.6873448440,-0.2548779175,6.320,1.242
1.6960541367,-0.7168918456,6.320,0.390
1.7257537981,-0.3858757774,6.320,1.030
1.7916502428,-0.4499178501,6.320,-0.183
1.8030264728,0.6708698930,6.320,0.516
1.8083562837,-0.7394187117,6.320,2.287
1.8331979974,-0.3518308839,6.320,-0.134
1.8934886700,-0.5295292473,6.320,-0.183
1.9371944660,-0.6254880170,6.320,-0.136
1.9448044134,-0.5539451730,6.320,-0.176
2.0484559029,-0.7810550304,6.320,0.962
2.1019406997,0.4378937759,6.320,0.023
2.1310940002,-1.1135343845,6.320,-0.058
2.1702538274,-0.2842288138,6.320,0.057
2.2148802838,0.7967949318,6.320,0.624
2.2631315196,-0.3444739558,6.320,1.592
2.4234586389,-0.2622341146,6.320,0.013
2.4241693420,-1.0049211711,6.320,1.037
2.5127566918,0.2509711548,6.320,0.027
2.6044746450,-0.4795319015,6.320,0.173
2.7484886360,1.1453938490,6.320,1.141
2.8116465018,-1.0470809698,6.320,-0.310
3.0413248056,-0.5757524232,6.320,0.439
3.0570174209,-1.0920193841,6.320,0.029
3.0588031223,-1.4503675046,6.320,1.080
3.1460823815,-0.0308603179,6.320,1.204
3.2318680292,0.4721908928,6.320,0.394
3.2534591597,-1.5036118433,6.320,1.065
3.3693768188,0.2979965260,6.320,1.622
3.4436974494,-0.1664712162,6.320,1.017
3.4552480965,-1.1048456311,6.320,0.426
3.5538517849,-0.8425081643,6.320,-0.052
3.5744364059,-1.3209312914,6.320,-0.003
3.6785776249,-0.3031115487,6.320,1.380
3.7429460369,0.8377930098,6.320,0.466
3.8143949435,0.5678337374,6.320,0.450
3.9816204164,-0.8415801684,6.320,1.115
4.0550625894,1.0838412503,6.320,1.369
4.0939467041,-0.4922991945,6.320,1.176
4.1262134546,0.0155515648,6.320,1.195
4.1723862838,-0.2513169765,6.320,0.485
4.2195788577,-0.2455903677,6.320,0.660
4.2231069752,-0.4269485377,6.320,-0.038
4.2527308785,-0.3235081045,6.320,1.085
4.2974478248,-0.7914980630,6.320,0.187
4.4085744965,-0.0463272481,6.320,0.401
4.5225425449,1.0589019821,6.320,1.090
4.6001694844,-0.8469522163,6.320,0.953
4.7003408700,0.4188072714,6.320,0.642
4.7391090914,-0.0077864094,6.320,1.014
4.7433899985,0.8676108658,6.320,-0.020
4.7909983857,-1.1908251869,6.320,-0.026
4.8128988101,-0.1783549054,6.320,0.130
4.8996555079,-0.3365729459,6.320,1.591
4.9697812095,0.8867868373,6.320,0.979
4.9994322603,0.5222317294,6.320,1.668
5.0554817765,0.8651502171,6.320,1.123
5.1290721629,-0.1302064955,6.320,1.124
5.2303013609,1.2281349377,6.320,0.868
5.2573248019,1.1872979044,6.320,1.649
5.3122772924,0.7456406086,6.320,1.632
5.3482789570,0.1755102957,6.320,1.571
5.3997416129,0.5510447713,6.320,-0.089
5.4533001369,0.1372559203,6.320,0.019
5.4673275698,-0.4150951958,6.320,0.876
5.5140388534,0.8179162648,6.320,0.259
5.5763615319,-1.1289065361,6.320,-0.064
5.6473882016,-0.7491769798,6.320,1.093
5.7502100408,1.3089395872,6.320,1.560
5.9376067550,-0.0620331733,6.320,0.520
6.0835174551,0.8834488581,6.320,-0.005
6.1062824888,0.6072556074,6.320,-0.053
6.2221888300,-0.7013180626,6.320,0.210
0.0104841171,0.1563260616,6.330,0.182
0.0816342268,-0.7546030605,6.330,1.210
0.3232423941,0.4979350152,6.330,1.684
0.3538087997,1.1284972718,6.330,0.113
0.4422460631,-1.3813966842,6.330,0.947
0.4493000047,1.0719999536,6.330,0.013
0.4506199832,0.7910294447,6.330,1.020
0.4703494054,-0.6485553256,6.330,1.016
0.4703669797,0.8068613428,6.330,0.461
0.6063941962,-0.4528376694,6.330,0.724
0.8205843012,0.9112976880,6.330,-0.019
0.8997012689,-0.7267016872,6.330,0.054
1.1033284795,1.1955706860,6.330,1.169
1.2030089748,0.3470027151,6.330,0.754
1.2496676255,-0.0515663160,6.330,0.041
1.2926765740,0.4292151810,6.330,0.351
1.3431623406,-0.2197833362,6.330,1.617
1.3691565567,0.0097812346,6.330,1.463
1.3944660016,-0.0246421624,6.330,-0.105
1.4163420063,0.0410704742,6.330,-0.145
1.4414058590,-0.1297619354,6.330,-0.194
1.6505624078,0.8091423801,6.330,1.113
1.6833071164,-0.0678764204,6.330,1.018
1.8020743292,-0.4704994378,6.330,1.408
1.9244511188,0.7444861242,6.330,1.404
1.9868871000,-1.2963425565,6.330,0.016
2.0380908575,-0.6864553705,6.330,-0.142
2.0911788498,-1.2783519404,6.330,0.128
2.2133989542,-0.5527934941,6.330,0.897
2.2520356371,0.2672732946,6.330,0.338
2.2859687691,-1.1905166634,6.330,1.501
2.2986889612,-0.6042843822,6.330,-0.127
2.4334467930,-0.9511141852,6.330,1.403
2.4775779941,-1.2528165610,6.330,0.413
2.5113689890,-0.3417947071,6.330,0.069
2.5403979129,-1.1678839300,6.330,0.075
2.6788304621,-0.7035557390,6.330,0.940
2.7236718669,0.0413297119,6.330,0.991
2.7341247677,-0.0172448181,6.330,1.443
2.7898247791,-1.1189617923,6.330,-0.072
2.9394322376,0.7171354828,6.330,1.150
2.9950986380,0.5838232391,6.330,0.454
3.2150036614,1.5085896262,6.330,0.437
3.2373141268,0.8234847764,6.330,1.115
3.2568124214,1.2554123116,6.330,1.028
3.3077200864,0.0572894565,6.330,0.000
3.3354637451,1.4071023174,6.330,0.160
3.3912237073,-0.2106079631,6.330,1.491
3.6082590795,0.1108349531,6.330,0.630
3.7515658595,0.6770839332,6.330,0.053
3.7796171799,-0.7385988494,6.330,1.215
3.8657411627,-0.2698198853,6.330,1.194
3.9633182953,0.8736237647,6.330,1.050
4.0120793897,0.5674921211,6.330,0.234
4.0987146326,-0.4040476326,6.330,0.023
4.1945755148,-0.5565704320,6.330,1.454
4.2282711706,1.0112068176,6.330,0.032
4.3540724284,1.3773905735,6.330,1.141
4.3618053665,-0.1667590427,6.330,0.492
4.4169739983,-1.1812673421,6.330,1.289
4.4332702291,-0.2933246226,6.330,0.952
4.4592417199,0.1474919910,6.330,0.091
4.5213769101,-0.4633176617,6.330,1.144
4.5494346532,-0.6598153865,6.330,0.682
4.6105780943,1.2142383027,6.330,0.596
4.6774421001,-0.0215863285,6.330,1.126
4.7012613484,0.1927636358,6.330,0.130
4.7614607129,-0.3463074897,6.330,0.158
4.9460595074,1.3227391668,6.330,0.021
5.0708751386,-0.7333179998,6.330,1.129
5.0793081973,-1.1933004867,6.330,1.238
5.1318753571,0.3941959333,6.330,-0.059
5.1479548055,-0.4088905058,6.330,0.034
5.1583797094,0.2128125530,6.330,-0.077
5.2297595650,0.6650698062,6.330,-0.090
5.4537644352,0.8143939663,6.330,-0.066
5.5110075907,0.2570874532,6.330,1.680
5.6042931965,0.1775741879,6.330,0.474
5.6747709918,-0.9728112215,6.330,1.060
5.7518276642,-0.0946827453,6.330,0.378
5.8973478139,0.5156184010,6.330,0.209
5.9331749082,0.3435004311,6.330,0.035
5.9663523736,1.0207214468,6.330,0.017
5.9916698967,0.7010527082,6.330,-0.074
6.0526155073,-0.8657903818,6.330,1.452
6.0984772942,-0.2044294092,6.330,0.058
6.1240655778,0.0050845805,6.330,1.583
6.2347478730,1.0468305101,6.330,-0.007
0.0430591437,-1.0872841726,6.340,0.164
0.0659550467,0.5504022262,6.340,1.555
0.3742500788,1.2388327368,6.340,-0.011
0.3758825026,0.6035296246,6.340,0.500
0.4388722159,0.1529042699,6.340,0.401
0.6325647081,-0.0485206903,6.340,-0.011
1.0724111624,-0.3580117556,6.340,0.918
1.1185341191,-1.0637516850,6.340,0.097
1.1518999666,0.4241323171,6.340,0.173
1.2043988237,-0.0630350294,6.340,-0.100
1.2466353762,0.4123863202,6.340,0.058
1.3010638282,-0.0386195568,6.340,0.110
1.3977693762,-0.6056092841,6.340,0.318
1.4116125245,0.0929053785,6.340,0.123
1.5030481342,-0.3512749663,6.340,0.580
1.5456363821,-0.5087147060,6.340,0.370
1.6073853818,0.7165575969,6.340,1.044
1.8296995363,0.1277051684,6.340,-0.106
1.8588111133,-0.5350430887,6.340,-0.131
1.8928375976,-0.3997812477,6.340,-0.184
1.9014850716,-0.4143460577,6.340,-0.018
1.9952698498,-0.4149589925,6.340,0.540
1.9953328811,0.6985747178,6.340,1.600
2.0493056575,-0.2458358982,6.340,1.660
2.0566043435,-0.7521536916,6.340,-0.173
2.0988152943,0.4116026200,6.340,1.160
2.1027715448,0.6180746454,6.340,1.564
2.1050102860,-0.1106038752,6.340,0.615
2.1236009142,-0.8464391111,6.340,-0.172
2.2318092316,-0.9493545634,6.340,1.298
2.2645574378,0.9237168835,6.340,1.319
2.2720942098,-1.0043582618,6.340,0.208
2.3230465036,0.0932060061,6.340,0.122
2.4082369322,0.0954455747,6.340,0.328
2.5839588280,0.0013196425,6.340,0.934
2.6090377468,0.7926290190,6.340,1.096
2.6530207338,-0.6515915308,6.340,0.980
2.6659155995,0.7096789397,6.340,1.277
2.7147467451,-1.0169260715,6.340,0.884
2.7220331614,-1.0114869451,6.340,1.517
2.8203434830,1.0012240858,6.340,1.568
2.8222035631,-1.2079386429,6.340,0.180
2.8516427122,-0.2695804961,6.340,1.176
2.8955401899,-0.2344835909,6.340,0.860
2.9299396026,-1.2467967003,6.340,1.373
3.1039154058,-0.2127174337,6.340,0.410
3.1390926293,-1.0966069074,6.340,0.317
3.1842864803,1.3030866952,6.340,0.511
3.1928544768,0.9957872750,6.340,1.505
3.1992573689,-0.5955983601,6.340,1.449
3.2009923284,-0.5897976951,6.340,0.071
3.2024226692,-1.3713738632,6.340,1.234
3.3355501498,0.7697426244,6.340,0.469
3.4403227835,-1.1832767258,6.340,1.710
3.4854462448,-1.3958448164,6.340,-0.027
3.4996713603,0.7662585122,6.340,0.255
3.5255409621,0.9205841824,6.340,0.259
3.6285767259,-0.6358806772,6.340,0.484
3.6732406753,1.1986689972,6.340,1.412
3.7041892973,-1.0345737879,6.340,0.031
3.8484327552,-1.3441033904,6.340,-0.027
3.8742636948,-0.2241003929,6.340,1.097
3.9189044847,-0.8528204289,6.340,0.708
4.0176766730,-0.0421205644,6.340,1.062
4.4270245163,-0.5338498005,6.340,0.214
4.4806207967,-0.0289058902,6.340,0.209
4.4845279594,0.7071385402,6.340,0.032
4.5018760399,0.1377895872,6.340,1.040
4.5577673224,0.2723769258,6.340,-0.017
4.5580028954,-0.3219392795,6.340,0.046
4.6302852218,0.2649126371,6.340,0.040
4.7327662672,0.4178667162,6.340,0.306
4.7497489035,0.2493153296,6.340,0.181
4.9131852654,-0.3421954793,6.340,1.578
5.0172103243,-0.0074719910,6.340,-0.042
5.0223235434,-0.6807605279,6.340,0.006
5.0736976430,0.1730171095,6.340,0.458
5.1022444771,0.3539481735,6.340,-0.097
5.1781491132,1.1944683966,6.340,0.309
5.2736780935,0.1872016902,6.340,-0.136
5.2881948404,-0.2162882340,6.340,1.209
5.3958549668,-1.1016686253,6.340,0.413
5.4246057887,0.9968272856,6.340,0.282
5.4382449562,0.9249424251,6.340,1.131
5.5146685559,0.7265487087,6.340,0.390
5.5185402037,0.0396149798,6.340,0.965
5.7908310397,1.0269642650,6.340,0.877
5.9776963489,-0.5725632392,6.340,0.317
6.0783991640,0.5138515419,6.340,0.924
6.1049118062,-1.3870552085,6.340,0.913
6.1436090933,-0.6203682900,6.340,1.201
6.2585620405,-0.4719877734,6.340,0.197
0.0662180232,0.4761858550,6.350,-0.002
0.0708237297,1.3430440352,6.350,-0.044
0.0859257917,0.7108631900,6.350,1.179
0.2871960384,0.0856672528,6.350,0.383
0.3600092678,-0.3330298973,6.350,0.493
0.4372855232,0.9401788066,6.350,1.608
0.4463457819,1.0232470723,6.350,-0.027
0.4770139171,-0.5423167921,6.350,1.222
0.5874464578,0.5007556409,6.350,0.957
0.6460888305,-1.1222426641,6.350,-0.025
0.7126930289,-0.7073453854,6.350,-0.022
0.7149482654,0.4474734928,6.350,0.089
0.7542750443,0.9249782991,6.350,0.093
0.9607628435,-0.2657531536,6.350,0.881
1.0191614804,0.4482508663,6.350,0.110
1.0457789056,0.1802995325,6.350,0.417
1.1866017764,0.6412808835,6.350,1.089
1.2558789049,-0.5239543297,6.350,1.071
1.4005783851,0.4879462658,6.350,0.039
1.4336987928,0.2387432237,6.350,0.168
1.4898511934,-0.5829529091,6.350,-0.040
1.4925463387,0.3954972787,6.350,1.194
1.5332060395,-1.1175965506,6.350,0.866
1.5557987495,0.5051378342,6.350,0.275
1.5903192411,-0.7860370135,6.350,0.517
1.6786974759,0.4371825272,6.350,1.210
1.6793535708,0.2802497860,6.350,1.063
1.6875044426,-0.1311080146,6.350,-0.061
1.7308622545,-0.3947015297,6.350,-0.117
1.7451751241,0.7681912055,6.350,1.222
1.7775783602,0.3175356355,6.350,0.066
1.9738418093,-0.6276411371,6.350,-0.096
2.0824900758,0.0196703720,6.350,0.507
2.0909267292,-0.8722605976,6.350,-0.151
2.1142220067,-0.4485450262,6.350,1.461
2.1256616682,0.7550358004,6.350,-0.020
2.2383925356,0.4203588903,6.350,1.032
2.2489262604,0.0478822262,6.350,1.023
2.2655260751,-1.0527352821,6.350,-0.002
2.3024087794,-0.7284444415,6.350,0.578
2.3260830755,1.0307240839,6.350,0.414
2.7039540394,-1.1368592736,6.350,1.556
2.7981642277,-1.0415586696,6.350,0.088
2.8252961453,-1.2119170623,6.350,-0.085
2.8839665681,-0.2756342949,6.350,1.172
2.9332286232,-0.5660764752,6.350,1.683
2.9608230647,-1.3904802710,6.350,0.266
2.9925164075,0.0673716241,6.350,0.345
3.0563212767,1.0117744239,6.350,-0.092
3.2614994558,-1.0178139794,6.350,1.612
3.3107646463,0.7133974377,6.350,0.204
3.6846068524,-0.2613055967,6.350,1.081
3.7193377622,-0.4252207144,6.350,1.351
3.7486152062,-0.4737023805,6.350,1.591
3.9298066573,0.8251470131,6.350,-0.099
3.9557272159,0.6362783231,6.350,0.537
4.1026532337,-0.5447830742,6.350,1.418
4.2138469431,-0.1098009127,6.350,0.413
4.3089467261,0.0501020057,6.350,1.638
4.3225274322,1.3516966644,6.350,0.995
4.4176768688,-0.7107531082,6.350,-0.141
4.4299358350,0.2377122741,6.350,0.339
4.4405762629,0.4255332592,6.350,1.089
4.4675091089,0.3436642887,6.350,1.518
4.4894609322,-0.0677709835,6.350,0.697
4.5446513800,0.2920150255,6.350,1.608
4.7820516238,-0.0631458743,6.350,0.201
4.8162337807,0.9302751024,6.350,0.168
4.8972940644,-1.1282339646,6.350,0.153
4.9100952918,-0.3665473346,6.350,0.458
4.9661917809,-1.4559920287,6.350,-0.033
4.9759926781,-0.4353230062,6.350,1.253
4.9834266991,0.9121275286,6.350,0.983
5.0244379087,0.4666289811,6.350,0.444
5.1215255152,0.0953945929,6.350,1.471
5.3187118441,0.6807514282,6.350,1.871
5.3495503076,0.2428034418,6.350,1.453
5.3710182011,-0.5081118687,6.350,0.227
5.3794215246,-0.4353519524,6.350,0.001
5.4690588168,-0.5361468863,6.350,1.100
5.6041891342,0.4281012175,6.350,1.057
5.6457390541,-1.4430920571,6.350,0.089
5.9026240967,0.2768661774,6.350,1.190
5.9746587868,-1.2278039052,6.350,0.071
6.0157591282,0.1281084651,6.350,0.052
6.0969344205,1.3142159122,6.350,0.049
6.1074264378,-0.5883164874,6.350,1.308
6.1498848346,-0.0312625623,6.350,1.125
6.1806845133,0.5742868810,6.350,0.459
0.0031728633,0.7898196673,6.360,-0.047
0.2932821538,-0.4188150289,6.360,0.238
0.3377297408,0.5540480888,6.360,1.132
0.3637083936,1.0147866762,6.360,0.457
0.5143889539,-1.1418764267,6.360,0.906
0.6083029052,-0.7303917993,6.360,1.162
0.6783438375,0.6922740344,6.360,-0.095
0.7452410064,-0.6969487850,6.360,0.040
0.8337789490,-0.2315054357,6.360,0.614
0.8825755838,-0.4465913990,6.360,0.010
1.0652838976,-0.2895279224,6.360,1.266
1.1065183195,-0.7043758518,6.360,1.468
1.1303107515,-0.5917471938,6.360,0.132
1.2680098205,1.2381632431,6.360,-0.069
1.2870610231,0.3400841788,6.360,0.292
1.3726678570,1.3347014683,6.360,-0.011
1.4279266890,0.0408616473,6.360,0.965
1.4737709166,0.5857179603,6.360,1.306
1.5781867974,0.3909712299,6.360,-0.071
1.6115350579,-0.3163651048,6.360,-0.040
1.7274423521,-0.6298654534,6.360,0.486
1.7316047833,-0.7253089436,6.360,1.147
1.7539999654,0.1107485527,6.360,-0.084
1.7610910303,-1.2761534782,6.360,0.960
1.8147623324,-0.5548432991,6.360,-0.155
1.8244183859,-0.4741078953,6.360,-0.186
1.8935371932,1.2534358505,6.360,1.119
1.9298385820,1.0454870573,6.360,0.282
1.9576704996,0.4808894929,6.360,1.223
2.0621384759,0.9635865628,6.360,-0.003
2.0726097459,-0.9177522346,6.360,-0.007
2.0868723808,0.7675499736,6.360,1.043
2.1320392057,-0.6576613665,6.360,-0.054
2.2235778659,-0.9632635452,6.360,0.799
2.2382759094,-0.6044780053,6.360,0.951
2.2385201661,-0.7985388437,6.360,-0.119
2.3170310208,0.2679193963,6.360,0.669
2.3339443794,-1.0164737863,6.360,-0.086
2.4122355738,-1.0631981860,6.360,-0.044
2.5425885485,0.8452804075,6.360,0.010
2.5737316484,-0.6330040890,6.360,1.008
2.6427862664,0.2750203626,6.360,0.387
2.6797321375,-0.4156317649,6.360,1.639
2.7213871989,0.5168941894,6.360,1.090
2.7962750926,-0.6238106574,6.360,0.917
2.8469709941,-1.3885741233,6.360,1.460
2.8648437403,0.4450632119,6.360,1.036
2.8702078128,-1.0425233893,6.360,0.840
3.1380065822,-0.7999231495,6.360,-0.081
3.2189877842,0.2643248713,6.360,1.384
3.2430109752,-1.1803931611,6.360,0.887
3.2624626440,0.1502788525,6.360,0.935
3.4797395164,-0.0117995532,6.360,0.260
3.5499924458,-1.1455065380,6.360,-0.014
3.6644118069,-0.0619554873,6.360,0.486
3.6722317700,0.3083715971,6.360,1.215
3.7278275999,-0.1038072484,6.360,0.593
3.7771671537,-1.1549353599,6.360,0.128
3.7822650224,-0.6959323868,6.360,-0.088
3.7944022554,0.7294762613,6.360,0.702
3.9121376829,-0.6879393832,6.360,0.061
3.9880182685,-1.0706369217,6.360,-0.041
4.0191210153,0.4355996228,6.360,1.257
4.0768605619,-0.6867732774,6.360,-0.017
4.2434896443,1.3126740187,6.360,1.283
4.3489925567,0.2704816155,6.360,-0.055
4.4170827481,-0.7304990747,6.360,0.264
4.4411487720,0.7419822367,6.360,1.280
4.5306209604,-0.5681588955,6.360,0.109
4.5403079498,0.8410530619,6.360,0.427
4.5452419138,-0.4346934988,6.360,1.399
4.5805691876,-0.1033144009,6.360,0.930
4.5976902491,0.2590347548,6.360,1.595
4.6278530700,0.7587062431,6.360,1.199
4.6417329992,-0.2357712708,6.360,0.384
4.6966974191,-1.1470607285,6.360,0.451
4.7135287710,0.0109865499,6.360,0.160
4.7162329838,0.1094023769,6.360,-0.104
4.7524024568,0.5317936331,6.360,1.194
4.7678480415,0.7181478299,6.360,1.038
4.7882920371,-0.4937357534,6.360,0.536
4.8173696602,-0.0625378850,6.360,0.351
4.8398614705,-0.7652559944,6.360,0.904
4.8535174264,-0.2555906960,6.360,0.217
4.8580300027,-0.1031789390,6.360,0.034
4.8694427291,-0.5183471422,6.360,1.272
4.8852403348,0.0918791367,6.360,0.800
5.0534387627,-0.9317804315,6.360,0.505
5.1435574101,0.0590186993,6.360,0.001
5.1697418199,0.7106422784,6.360,1.561
5.2845240263,-1.0039873726,6.360,0.057
5.3045825174,0.8767295471,6.360,0.096
5.3921808702,-0.7738372050,6.360,0.958
5.4113736058,-0.4149322620,6.360,0.719
5.4677797162,0.5174743583,6.360,1.085
5.5041882570,-1.1904819782,6.360,0.101
5.5688456843,0.7721026376,6.360,0.979
5.6558839172,0.5245660638,6.360,1.240
5.7346733168,0.3441461293,6.360,0.938
5.7684131208,0.1915290469,6.360,-0.104
5.7795499822,0.5749418983,6.360,1.121
5.8009623099,-0.4129293441,6.360,0.921
5.8043331848,1.2585790018,6.360,-0.053
5.8048222489,0.2553391844,6.360,1.080
5.8917479419,-0.2545690901,6.360,-0.047
5.9407592242,0.5404562384,6.360,1.579
5.9705777583,-1.0765952476,6.360,1.059
6.0017941437,-0.3514989009,6.360,1.429
6.0851257392,0.4206749293,6.360,1.167
6.2360546159,1.0291020111,6.360,0.408
6.2500764304,1.3185017946,6.360,0.977
0.3577182383,1.3306181495,6.370,0.283
0.3914491634,-0.4471140677,6.370,1.141
0.4791556951,-0.6702552415,6.370,0.523
0.5068293392,-0.8698100661,6.370,-0.081
0.5168124207,-0.5771243055,6.370,1.006
0.5932461497,0.8344757301,6.370,1.029
0.8058072353,0.2767397998,6.370,1.400
0.8316047734,-0.4143158143,6.370,0.912
0.8885900173,0.0852088114,6.370,0.851
0.9177080493,1.2542616212,6.370,1.772
0.9323866909,1.0099997860,6.370,0.523
1.0317559585,-0.2373216833,6.370,1.585
1.0792971325,-1.1208904292,6.370,0.636
1.1607420112,0.0763311168,6.370,1.078
1.1871735944,0.0944229227,6.370,0.420
1.1983242265,-0.4195858723,6.370,1.137
1.3515044334,1.1330588579,6.370,0.448
1.3931681409,-0.3232335721,6.370,-0.134
1.5558473894,-0.4051836015,6.370,1.068
1.6189216825,0.3164363023,6.370,1.350
1.6308137127,-0.4164693825,6.370,0.713
1.6401711838,0.0204042679,6.370,0.443
1.6787080927,-0.5023077204,6.370,0.626
1.7636932333,0.6302254472,6.370,0.065
1.7961893337,0.0530927632,6.370,0.052
1.8550659709,0.8338318108,6.370,-0.048
1.9893832435,0.7510319178,6.370,0.364
1.9994469398,0.4251699042,6.370,0.337
2.0277721195,-1.1531727750,6.370,0.949
2.0580987710,-0.2237408314,6.370,0.384
2.0910178476,-0.8722068537,6.370,-0.089
2.1324708134,-0.3554044106,6.370,0.141
2.2863651703,0.0756523027,6.370,-0.040
2.3829286270,-1.1257347296,6.370,1.361
2.4051157456,1.4107306008,6.370,0.385
2.5321868740,-0.1879577300,6.370,0.083
2.7428230972,0.7891019509,6.370,1.330
2.8458824407,0.0178891485,6.370,0.087
3.1019840847,0.2143096289,6.370,0.294
3.1677591005,-0.0546565694,6.370,0.997
3.2728398805,-0.2337551575,6.370,0.591
3.4707113882,-1.2161329178,6.370,1.210
3.5039377367,-0.8475806017,6.370,-0.077
3.5533349055,0.6770003907,6.370,0.241
3.8371450484,-0.8561768396,6.370,0.440
4.4946793223,-1.0764397814,6.370,-0.049
4.5444910868,0.5019235509,6.370,0.724
4.5729326658,-0.1432631472,6.370,0.570
4.6092269433,0.4811286067,6.370,1.586
4.6298848466,0.4278369964,6.370,1.204
4.6775479415,0.8140839435,6.370,1.060
4.7361516279,-1.4222089109,6.370,1.528
4.8254884846,0.2612100229,6.370,-0.037
4.9338677236,0.1915741854,6.370,1.443
4.9717724667,-0.3240453839,6.370,0.962
4.9877871584,-0.3334106733,6.370,0.480
5.0770175782,0.5798326913,6.370,0.804
5.1022781330,-0.1229425018,6.370,0.870
5.1104372027,0.9727040334,6.370,1.123
5.1287323347,0.0508520065,6.370,0.414
5.1324087049,0.2511715564,6.370,1.045
5.1462004623,0.2892206161,6.370,1.918
5.1481504935,-1.1638816323,6.370,0.037
5.1625941447,0.6749487277,6.370,1.220
5.2597348453,0.2705332245,6.370,1.615
5.3754840124,0.4503818203,6.370,0.281
5.5127728843,0.8788066807,6.370,0.986
5.7230255092,1.1476012794,6.370,0.281
5.7975941675,-0.5781523697,6.370,0.205
5.9160834556,0.9786161325,6.370,0.107
5.9584443988,0.5313228548,6.370,0.933
5.9956165773,-0.3346694844,6.370,1.515
6.0333958759,0.7689702589,6.370,-0.020
6.1267507499,0.7262816540,6.370,1.702
6.1439366963,-0.1998358765,6.370,0.902
1.3681417800,-0.1422055490,6.370,0.650
0.0189306326,-0.5108373061,6.380,0.006
0.1736376080,1.4397877642,6.380,0.551
0.2223365269,0.8989847572,6.380,0.307
0.4299202734,0.7923743560,6.380,-0.021
0.4625887173,-0.4773271500,6.380,0.366
0.5609456404,0.7759634111,6.380,0.965
0.5737183705,1.0061045331,6.380,0.298
0.7502177174,-0.5378148299,6.380,0.484
0.8006808547,0.4934029354,6.380,0.306
0.8193842630,0.8256927449,6.380,0.122
0.9245622238,-0.4470512365,6.380,0.120
1.1481180893,-0.6203740583,6.380,1.242
1.1576705844,-0.7707530525,6.380,0.457
1.1731514168,0.5299079946,6.380,0.547
1.3448676298,-0.2634636257,6.380,0.889
1.4431749684,0.6950933685,6.380,0.986
1.4996111015,-0.7999343840,6.380,0.295
1.5252815832,-0.7832233727,6.380,1.262
1.5834132329,0.7570947506,6.380,1.205
1.7087816110,0.2775684586,6.380,0.275
1.9070192623,0.4658193845,6.380,0.883
1.9480628331,0.1851456919,6.380,0.078
1.9585070094,-1.1259084873,6.380,1.554
1.9684975244,0.1955288627,6.380,1.278
1.9973128198,-0.6634070697,6.380,1.472
2.0409595200,-0.2795054572,6.380,1.697
2.0546473449,0.0013885120,6.380,1.237
2.1541050101,-0.5858987945,6.380,1.141
2.2364475422,-0.2623254878,6.380,0.275
2.2377744901,-0.5497935975,6.380,0.780
2.3120058169,-0.6831498502,6.380,0.249
2.3205634550,-0.7705791195,6.380,-0.150
2.4144847450,-0.5177409146,6.380,1.600
2.6765185112,-0.5765123095,6.380,0.592
2.7032491892,-0.0891190947,6.380,0.894
2.8191198488,0.1112330292,6.380,1.121
2.8845708241,1.1069071827,6.380,0.169
3.0278773336,0.6425536832,6.380,1.057
3.0670239503,-1.3841576094,6.380,0.894
3.1186580335,-1.1584832056,6.380,0.406
3.2266442100,0.4914308981,6.380,0.523
3.2898845889,-0.8710905153,6.380,0.428
3.3334820036,-0.6344123925,6.380,-0.060
3.7292567254,0.3817627154,6.380,0.194
3.7367716583,0.6936760587,6.380,0.376
3.8478138803,-0.5398854236,6.380,-0.083
3.9047411898,-1.2193037035,6.380,-0.059
3.9363409339,-0.1322139057,6.380,0.180
4.0544083169,0.2861575247,6.380,0.955
4.1978425980,-0.8922257654,6.380,-0.003
4.3988756430,0.2371954038,6.380,0.877
4.4398297095,0.2423234800,6.380,0.930
4.4774710046,0.1698880488,6.380,1.458
4.4777184574,0.1824545895,6.380,0.896
4.5640990773,0.4691224143,6.380,0.124
4.5789884303,-0.6722470732,6.380,0.091
4.6386165148,0.7694165294,6.380,1.521
4.7342639682,0.7321008671,6.380,0.287
4.7543835987,0.6712148309,6.380,0.876
4.7548135388,-0.2432017747,6.380,1.428
4.7558459413,-1.0304455662,6.380,1.553
5.0895600935,1.0918281445,6.380,1.413
5.1734215836,0.6299071726,6.380,-0.049
5.2311115597,-1.2001334840,6.380,0.164
5.2581981358,-0.2024479555,6.380,0.543
5.3322031305,0.7178912193,6.380,1.016
5.3511408932,0.9885317652,6.380,0.018
5.4012284974,-0.4382385697,6.380,0.328
5.4445456956,0.0577087309,6.380,-0.013
5.4676508399,-0.2019984543,6.380,0.661
5.5575988237,1.1240610115,6.380,0.625
5.5615680071,0.0016101791,6.380,1.574
5.6030833481,-0.3970118049,6.380,1.026
5.6062648003,-0.0593125227,6.380,0.334
5.7168972630,-0.2939992036,6.380,1.420
5.7816550390,0.2585865563,6.380,1.523
5.7867524810,0.9833777716,6.380,-0.091
5.8315557471,0.4852718644,6.380,0.982
5.8549155579,0.7344023641,6.380,-0.086
5.9266583756,0.7885909851,6.380,0.771
6.0143799747,-0.0246127879,6.380,0.366
6.0522945742,0.6219741043,6.380,1.158
6.1194573400,0.4523628701,6.380,1.540
6.1874124588,-0.2634593360,6.380,1.078
4.6851545700,-0.6071321728,6.380,0.650
0.0997588694,-0.2130948946,6.390,0.659
0.1523792068,0.2333703583,6.390,1.136
0.2035001268,1.2099566315,6.390,0.424
0.2238620398,0.0590797433,6.390,1.069
0.2483491429,1.2003616571,6.390,0.375
0.3413491382,1.0088555587,6.390,1.589
0.4019768122,0.6073739213,6.390,-0.103
0.4183371013,0.7169187783,6.390,1.122
0.4220443145,0.1366859653,6.390,1.605
0.5535637263,-0.3340362785,6.390,1.143
0.6346069672,-1.1605396797,6.390,1.511
0.8985417966,-0.6269377191,6.390,0.082
0.9361936846,-0.5563202267,6.390,1.404
1.0526394650,0.6455881666,6.390,-0.005
1.1251439151,1.4056145877,6.390,0.947
1.3992222240,1.1649527934,6.390,0.921
1.4353085564,-0.0577255243,6.390,-0.007
1.5903663526,0.9001255415,6.390,0.196
1.6423397055,0.2998756172,6.390,1.565
1.6836846209,0.1941833160,6.390,0.077
1.7167257009,-0.3651920123,6.390,0.817
1.7349223787,0.1894257057,6.390,1.351
1.8070405535,-0.1021399474,6.390,0.174
1.8362133890,-0.5840836881,6.390,1.052
1.9490392601,0.1921403782,6.390,-0.126
1.9897924663,-0.9754245151,6.390,1.182
2.0365602582,-0.2212259414,6.390,-0.004
2.1570084174,0.2277357186,6.390,1.034
2.2304311977,-0.8354301128,6.390,-0.147
2.2693948884,0.3492017727,6.390,0.980
2.3242563052,-0.9098210406,6.390,0.003
2.3384434779,-0.4157078087,6.390,0.157
2.3635225222,0.6931316509,6.390,0.314
2.3696728343,-0.9346303084,6.390,-0.074
2.3886949691,0.4010918744,6.390,0.453
2.5217290589,1.2754934996,6.390,0.352
2.5424614626,-0.6196217186,6.390,-0.053
2.6009287761,-0.7125227365,6.390,1.612
2.6021329962,-0.8959849874,6.390,-0.162
2.7207251579,-0.0635798028,6.390,1.601
2.9077396832,-1.1316709985,6.390,0.114
2.9346838350,-0.3795975798,6.390,1.381
3.1579145908,0.0970010366,6.390,0.476
3.2446213513,-0.6859555891,6.390,0.285
3.2454271681,-0.5294528727,6.390,1.572
3.3119210102,0.3954828223,6.390,1.096
3.3129882102,0.6274800554,6.390,0.095
3.3295181052,1.0673634441,6.390,1.268
3.6258702418,1.1923269191,6.390,1.179
3.6837035314,-0.0939234311,6.390,1.321
3.6932009537,-1.0422391626,6.390,0.079
3.7011367862,-1.1031868452,6.390,1.013
3.7700552630,0.4784501991,6.390,1.609
3.8002086273,-0.7128818545,6.390,1.441
3.8106551335,0.6450566412,6.390,0.521
3.8191483643,-1.0474705832,6.390,1.256
3.8227708857,0.4057953213,6.390,1.063
3.8548609681,-1.0989757278,6.390,-0.086
3.9123259315,-1.0884644165,6.390,-0.055
4.0614676691,-1.2506006001,6.390,-0.112
4.0638761120,0.6390802065,6.390,0.529
4.1548151837,-0.5216187314,6.390,0.991
4.2149564986,-0.1071589178,6.390,1.034
4.2416260271,0.6816474806,6.390,1.262
4.2680422600,1.1965025239,6.390,1.343
4.6881535219,1.3119868187,6.390,0.972
4.7560195110,-0.5710653680,6.390,1.025
4.8045385230,0.8678730963,6.390,1.086
4.9210422860,-1.3590573295,6.390,0.593
4.9820691950,0.5868016396,6.390,-0.117
5.0285872033,-0.3780100747,6.390,1.129
5.1269944254,0.9163330842,6.390,1.122
5.1689505684,0.6006404701,6.390,1.521
5.2186531577,-1.4198225581,6.390,1.402
5.2482641513,0.5577868363,6.390,1.205
5.2713671957,0.2908484819,6.390,1.720
5.2847171460,-0.1543280218,6.390,-0.135
5.3543628134,0.5991552916,6.390,0.480
5.4099298115,0.1963434191,6.390,0.559
5.5895207257,0.7041542464,6.390,0.533
5.6217664383,0.1430409900,6.390,1.640
5.6243320492,-0.9373449950,6.390,1.140
5.6516635560,-0.4093549839,6.390,1.098
5.7438774254,0.3707054612,6.390,1.698
5.7677780106,-1.3554670979,6.390,0.231
5.7702220280,-0.2960922452,6.390,0.447
5.8151366796,-0.0823913943,6.390,0.498
5.8384370482,-0.0041478737,6.390,0.441
5.8978543883,-0.1903379491,6.390,0.290
5.9158520025,-0.3047418835,6.390,1.420
5.9475234679,0.8232500749,6.390,0.450
5.9977968251,0.2956907782,6.390,1.729
6.0444848137,0.0228136764,6.390,0.928
6.1096976967,1.0815827847,6.390,1.678
6.1567319288,-0.1097477261,6.390,1.259
6.1608352739,-0.0189522690,6.390,1.177
0.1220615440,0.3405842278,6.400,0.990
0.1627677145,-0.9493512328,6.400,0.995
0.2640473859,1.2388868593,6.400,0.135
0.3063014427,-0.1554413829,6.400,1.029
0.3192377550,1.0769761526,6.400,0.018
0.5343809446,-0.5177631292,6.400,0.135
0.5645490447,0.3006189339,6.400,0.471
0.6192599581,0.9990773504,6.400,0.569
0.6894598045,0.1343078962,6.400,0.431
0.7169748206,0.3100390287,6.400,1.143
0.8624876238,0.5432694688,6.400,0.574
0.8759517327,-0.4643711311,6.400,0.542
0.8794591266,-0.8338600347,6.400,0.989
0.9503195255,0.2693139312,6.400,0.167
0.9710358954,-1.4881019913,6.400,-0.005
1.2100413243,-0.7308207437,6.400,0.167
1.2791654038,0.9222521340,6.400,0.068
1.3558729935,-0.4522228827,6.400,1.246
1.3981837556,-0.0936810412,6.400,-0.047
1.4643242981,-0.0567727674,6.400,-0.122
1.4803463823,-0.3115309441,6.400,-0.095
1.4894186022,0.5146525389,6.400,-0.081
1.5387743211,0.6907088959,6.400,0.098
1.6487356397,-0.9203650217,6.400,1.456
1.6841575127,-0.1377934489,6.400,0.145
1.8302636850,0.4522876013,6.400,-0.111
1.8588646143,1.0437391828,6.400,1.190
1.9295640030,0.6806076146,6.400,1.217
1.9783909537,0.6490512450,6.400,1.231
1.9902143477,-0.3867737746,6.400,0.968
2.0045249465,-0.2940407126,6.400,1.470
2.0165985409,-1.0233025648,6.400,-0.094
2.0256042263,0.2244505838,6.400,1.392
2.1198211626,-0.0100063218,6.400,1.058
2.1505042426,-0.6619068656,6.400,0.108
2.1910812556,1.3058616957,6.400,1.022
2.2449083679,-0.4729521323,6.400,1.429
2.4341056412,0.2007328614,6.400,0.095
2.4425836114,-0.5952155573,6.400,-0.087
2.4495409180,0.7918576415,6.400,1.305
2.5213830353,-0.1644876205,6.400,-0.040
2.5296466614,-1.0985612539,6.400,-0.084
2.6511348148,-0.8423102159,6.400,-0.150
2.8310597049,1.1367764245,6.400,-0.022
2.8599561713,-0.7508498601,6.400,0.068
2.9091750078,0.3095753987,6.400,1.555
2.9329466631,1.1915689127,6.400,0.127
3.0145481840,0.8365174204,6.400,0.879
3.0499948725,-0.4314644658,6.400,0.821
3.1875260122,0.2933771194,6.400,0.070
3.3020624617,-0.8785183603,6.400,0.026
3.5222681550,-0.7009707334,6.400,0.974
3.5330397068,-0.4063358809,6.400,1.317
3.6092585221,-1.0923965933,6.400,0.650
3.7321914253,-0.9339246444,6.400,1.576
3.7911397533,-0.8376199095,6.400,-0.112
3.8480317015,0.3686755208,6.400,0.928
3.9572411757,-0.9080909612,6.400,-0.109
4.0727488901,-0.7066986789,6.400,1.016
4.1884365917,-1.3618328927,6.400,0.387
4.2066943082,-1.0328192206,6.400,1.366
4.2488221271,-0.4262459223,6.400,0.043
4.2628904867,-0.9371760740,6.400,0.793
4.2629084074,-0.3508825255,6.400,1.270
4.3689033593,0.0217371046,6.400,1.019
4.4349758294,1.1351468620,6.400,0.383
4.4554638159,-0.9870722969,6.400,0.100
4.6082583821,0.4919226430,6.400,1.367
4.6395002564,-0.4866672758,6.400,0.438
4.7464497786,-1.1266131191,6.400,1.266
4.8585209177,-1.0246615893,6.400,0.688
4.8943730722,-0.2541940041,6.400,0.757
4.9115069091,1.3952628537,6.400,0.296
5.0564329199,0.0059170807,6.400,1.050
5.0779576062,0.3536797298,6.400,0.013
5.3936735956,0.4517374204,6.400,0.158
5.5802682426,-0.5020582796,6.400,0.966
5.5906242077,-0.8715868531,6.400,1.327
5.6950383945,0.9122413078,6.400,1.901
5.8497269387,0.8897830656,6.400,1.195
5.9482466394,-0.1215261746,6.400,-0.039
6.0006526810,-0.6351005137,6.400,1.313
6.1764345743,-0.1302788989,6.400,0.874
6.2069311256,1.0765079699,6.400,1.250
0.1537615543,-0.0627108912,6.400,0.650
0.1629384237,-0.4322585860,6.400,0.650
3.4198002227,-0.3592472786,6.400,0.650
5.5386113112,-1.2771608506,6.400,0.650
0.0372964090,1.1031186037,6.410,0.998
0.1453876909,1.2388668712,6.410,-0.007
0.1471758927,-0.6109015114,6.410,0.617
0.2038008311,1.0397718557,6.410,1.081
0.2923519755,0.9937027268,6.410,1.188
0.3059689537,-1.0069575640,6.410,0.888
0.4139026099,-0.4136374723,6.410,1.306
0.7746808837,-0.6665573791,6.410,-0.018
0.8261319710,0.3623499497,6.410,1.241
0.8618679008,1.1459546799,6.410,0.079
0.9122111056,0.0567005854,6.410,0.790
0.9242273447,0.8622117254,6.410,0.075
0.9512173532,0.7432108139,6.410,-0.064
1.0995771997,-0.3015009520,6.410,0.968
1.1700590363,-0.7323372354,6.410,1.614
1.4252671189,0.1198806940,6.410,-0.023
1.4312379444,0.5892877898,6.410,0.510
1.4312769274,0.0226587511,6.410,-0.173
1.4908266314,-0.0505527183,6.410,0.320
1.5802011759,-1.0488875600,6.410,1.508
1.6632927622,0.5155845100,6.410,0.048
1.6724974513,0.0657027325,6.410,-0.149
1.8009930463,-1.0356992297,6.410,0.181
1.8270469154,-0.5410177997,6.410,-0.137
2.0130717548,-0.7789782766,6.410,-0.003
2.0976046466,-0.0502989482,6.410,-0.087
2.2450712234,-0.5689554087,6.410,0.752
2.2922548829,-0.0453970952,6.410,0.521
2.3158427512,0.3286835924,6.410,0.009
2.3241020070,-0.6378365451,6.410,0.549
2.4588622935,0.4395234711,6.410,0.856
2.5203657313,1.0509270027,6.410,0.921
2.6303142870,-1.0848384850,6.410,1.688
2.7517475104,-1.0708724953,6.410,1.650
2.8816524253,0.8988812400,6.410,1.007
2.9345082122,0.6250736184,6.410,0.600
2.9673614394,-1.2565382277,6.410,0.019
3.1523954294,-1.2477181044,6.410,1.163
3.2482616505,0.4464971812,6.410,0.276
3.2836051738,-0.3702212580,6.410,1.110
3.3312778660,-1.0280467884,6.410,1.092
3.5697529501,-1.0195279096,6.410,1.113
3.7301335828,0.0582220508,6.410,1.600
3.7666644953,-0.8275820723,6.410,1.257
3.8981455009,0.2741068744,6.410,0.569
3.9567386389,-0.2877063779,6.410,0.162
4.1233100594,-0.8863735489,6.410,0.163
4.1339248324,-0.7015213054,6.410,0.880
4.1365607538,0.5538909746,6.410,1.517
4.2519772343,-0.3683977422,6.410,0.002
4.2888918585,0.5643175271,6.410,0.083
4.4464134494,1.2075278320,6.410,0.725
4.4605602926,0.5564828716,6.410,1.134
4.6561961535,-0.6651827488,6.410,-0.020
4.6682474500,-1.0771247884,6.410,-0.049
4.6860734717,-0.6079165627,6.410,0.000
4.7265379793,0.3423141641,6.410,0.017
4.8169108565,0.6761267606,6.410,1.429
4.8525162521,0.0638721204,6.410,-0.025
4.8942894181,0.5518314317,6.410,-0.047
5.3437441801,0.0238859343,6.410,1.605
5.3613307152,-0.2747409908,6.410,0.999
5.3891635335,-1.2424785762,6.410,1.305
5.4425742150,0.7955199252,6.410,1.606
5.4720849575,-0.4873873699,6.410,1.634
5.5182685708,0.0513523728,6.410,1.051
5.5729480858,-0.2317620790,6.410,0.035
5.6268321679,0.1148667242,6.410,1.179
5.6492503618,0.0319248871,6.410,1.398
5.7418157855,-0.5341740764,6.410,0.927
5.7473034487,1.1546426954,6.410,-0.056
5.7956773826,0.8691214356,6.410,1.579
5.8494899466,-1.0037350701,6.410,1.404
5.8905939193,-0.2254113051,6.410,0.356
5.8909597559,0.8614318955,6.410,1.166
5.9005731166,0.9431241320,6.410,1.043
6.0526890373,1.0424396785,6.410,-0.030
6.0840517655,0.5196164832,6.410,0.448
6.1111639735,1.0858262937,6.410,1.605
6.1597783073,0.4957343974,6.410,0.035
6.1631233813,0.4161494891,6.410,1.492
6.2336645387,1.1323076601,6.410,0.062
0.3772345517,-0.0069644550,6.420,1.241
0.3815486824,0.7173505285,6.420,0.311
0.4870777622,-0.1199764223,6.420,1.233
0.5112076536,-0.1787640817,6.420,0.817
0.8296741235,0.4855465083,6.420,0.014
0.9278590295,0.7828806914,6.420,-0.007
0.9287703878,-1.0649453235,6.420,1.037
1.1529704825,0.2121969020,6.420,1.408
1.2694745385,-0.9330477399,6.420,0.483
1.2921959879,0.1379629694,6.420,0.415
1.3258775052,-0.2508078366,6.420,-0.187
1.3597797732,0.5219159295,6.420,1.752
1.3817946213,0.0339872916,6.420,-0.015
1.4562107917,-0.9582257151,6.420,0.550
1.4811378867,0.3798347647,6.420,0.066
1.5697656671,0.9655311070,6.420,0.318
1.5998255258,1.1074784008,6.420,1.011
1.6849372943,-0.0613603824,6.420,1.039
1.7956946727,-0.8428675666,6.420,1.207
1.8994569004,-0.0028149229,6.420,0.901
1.9287382183,-0.1567196983,6.420,-0.189
1.9585966313,0.8083425679,6.420,1.202
2.0233397488,-0.6667485777,6.420,-0.119
2.0487484318,0.2236508589,6.420,0.984
2.0860972246,0.1258998468,6.420,-0.031
2.1425141398,-0.6508746831,6.420,-0.045
2.1719277511,-0.6294982159,6.420,1.446
2.1739837462,0.2736313242,6.420,1.018
2.1935926283,1.0582146951,6.420,0.969
2.2186881584,-0.0439321352,6.420,0.332
2.2705343279,0.3433051872,6.420,1.020
2.2817998539,-0.6273289387,6.420,0.019
2.3048983295,-0.4998413526,6.420,1.364
2.3065581772,-0.0182358233,6.420,1.142
2.3293426134,-0.7059427875,6.420,0.960
2.4431527024,1.2918333956,6.420,1.050
2.5802959629,-0.1078949987,6.420,0.577
2.6232297715,-0.9790696556,6.420,-0.013
2.6371466938,-0.6977103434,6.420,1.311
2.6762580752,-1.0761495812,6.420,-0.111
2.7008054137,0.8161295289,6.420,1.190
2.7009486089,0.4313081730,6.420,1.388
2.7404474755,0.8514571497,6.420,0.610
2.7414957141,-1.1024296307,6.420,-0.039
2.7447995377,-1.1375400478,6.420,1.675
2.7832377770,0.5947841716,6.420,1.364
2.8338918171,1.1136950952,6.420,1.287
2.9483523855,-1.0010489925,6.420,0.098
3.1109149833,0.6583151446,6.420,0.754
3.1333885403,0.5632859398,6.420,0.331
3.1368203420,-0.4521948668,6.420,0.038
3.3504076322,0.0623556575,6.420,1.596
3.3751840857,0.3400086622,6.420,0.805
3.5288970150,0.8852060165,6.420,0.404
3.5310131369,-0.0238137544,6.420,1.122
3.6007186543,0.1802105740,6.420,1.226
3.6051610420,-0.9544048181,6.420,0.116
3.6563828623,-0.4537520782,6.420,1.274
3.7154571398,0.0237783435,6.420,0.479
3.7519634427,-0.1177428252,6.420,0.915
3.7715230026,-1.4459747394,6.420,-0.001
4.1939329200,-1.1131105675,6.420,0.567
4.3434182646,0.2977067786,6.420,0.062
4.5136872043,-0.6940589669,6.420,2.282
4.5493428837,-0.6267599341,6.420,0.541
4.5680573838,-0.4527988385,6.420,-0.055
4.5716046729,0.1473413766,6.420,1.660
4.5912980881,0.2082186023,6.420,-0.013
4.7144002596,0.3404401809,6.420,-0.054
4.7501016207,-0.3743654828,6.420,0.755
4.8580732415,0.1443082061,6.420,-0.044
5.0484029325,-1.1384381691,6.420,-0.046
5.0729251349,-0.8941544431,6.420,0.328
5.1577491682,0.9680158297,6.420,1.453
5.1873074836,0.5835906855,6.420,0.129
5.3843352382,0.0854978171,6.420,1.016
5.3877869935,-0.5318624160,6.420,-0.075
5.4575826471,-0.5594583790,6.420,1.513
5.4629088902,0.5733213636,6.420,-0.138
5.5733302597,1.0229633840,6.420,0.194
5.6243175021,0.3125170759,6.420,1.393
5.6376229902,-1.4802149433,6.420,1.405
5.6499944373,-0.5182950232,6.420,-0.097
5.8587938161,-0.8019429022,6.420,2.231
5.9193081730,0.2041448142,6.420,0.027
6.0388958180,0.1154768866,6.420,0.417
5.5623347339,0.6640138663,6.420,0.600
0.0017378622,0.4698096167,6.430,0.514
0.0337512577,-0.0444828475,6.430,-0.146
0.0694393327,1.0646538509,6.430,0.838
0.1006761301,-0.2782500978,6.430,1.595
0.1598152486,-1.1366359973,6.430,1.260
0.1636603325,0.0547221990,6.430,1.339
0.1693536095,-0.4382141064,6.430,1.482
0.3813042446,-0.3898756947,6.430,1.122
0.4181935459,-0.6972088775,6.430,0.415
0.4270288944,-0.0600511565,6.430,1.568
0.5032124540,-1.0526514264,6.430,0.409
0.5419587310,-0.2069920359,6.430,1.498
0.5833480386,1.0220750381,6.430,0.554
0.5842165583,-0.1582076471,6.430,1.415
0.9381888111,1.0479206229,6.430,0.433
0.9863218602,0.4280925783,6.430,-0.020
1.0941668130,-0.6156437258,6.430,1.070
1.2806711326,-1.1637054949,6.430,1.640
1.3509323421,1.2154368391,6.430,1.101
1.3994458585,0.0444147898,6.430,1.041
1.4760700685,-0.8838520978,6.430,-0.047
1.6284286965,0.1854786477,6.430,0.663
1.6911891979,0.5683306180,6.430,1.264
1.7432553412,0.4293538268,6.430,0.523
1.7665606278,-0.4772021008,6.430,0.550
1.8767151783,0.3708298498,6.430,0.880
1.9306482536,0.0122318103,6.430,0.995
2.0086568531,-0.2051207269,6.430,1.245
2.0551310337,-0.4281040834,6.430,-0.003
2.1635181402,1.0538403022,6.430,0.210
2.1728097400,-0.5236632984,6.430,1.040
2.2180072049,-0.1538731145,6.430,1.197
2.3044730100,-0.7411269511,6.430,-0.178
2.3260378029,-0.2958764425,6.430,1.082
2.3771370462,-1.0097178836,6.430,0.288
2.4971584413,-0.4996488344,6.430,0.358
2.5007431926,-0.6829311651,6.430,0.337
2.6080966351,-0.0338899344,6.430,0.700
2.6360603935,0.0558689446,6.430,0.398
2.6687691882,0.2330907103,6.430,0.468
2.7806089283,-0.9399516058,6.430,-0.150
2.8123357536,-1.2366574894,6.430,0.227
2.9319962065,-0.4678549428,6.430,0.924
2.9750095064,0.9961441775,6.430,0.161
2.9755727478,-1.3545215596,6.430,0.202
3.0324299236,-0.0761188962,6.430,1.167
3.3311250942,-0.7012357577,6.430,0.242
3.3505702525,-0.4337432666,6.430,-0.058
3.3610162272,0.3990417471,6.430,1.002
3.4244647733,1.2745262629,6.430,0.218
3.4274482538,-0.9095898588,6.430,1.690
3.4397893339,-1.3691415140,6.430,0.008
3.4755515273,0.3453184401,6.430,0.274
3.5906248636,-0.8864568497,6.430,1.671
3.6204628465,0.6393633773,6.430,0.256
3.6229687352,-0.6964013001,6.430,0.992
3.6274022273,-0.4256922197,6.430,0.703
3.6954766186,1.3019070844,6.430,0.160
3.6987030058,-0.8500456113,6.430,0.001
3.7728797960,-0.7733751825,6.430,1.047
3.8666957146,-0.3695903361,6.430,0.603
4.0534300104,-0.5038222984,6.430,0.608
4.2299500333,0.9743994273,6.430,1.076
4.2320796691,-0.3201042075,6.430,0.447
4.3420704416,-0.7896631557,6.430,1.346
4.4583239755,-0.8924047537,6.430,0.279
4.5368745617,0.0373420057,6.430,1.487
4.5844133605,0.6786224401,6.430,0.510
4.5892967262,-0.5882310691,6.430,1.191
4.6773704571,0.2674956526,6.430,0.997
4.7729097710,0.0417738463,6.430,1.545
4.8332617062,1.0393280706,6.430,0.979
4.8870619669,0.5384248361,6.430,0.900
4.9707189402,0.6844713784,6.430,-0.168
5.1363307869,0.5119696445,6.430,-0.087
5.1541499291,0.3918748126,6.430,1.481
5.1691777533,0.1523068156,6.430,0.940
5.2701938260,0.1640580295,6.430,0.463
5.3668817533,0.8016045268,6.430,1.137
5.4138031016,0.3479407466,6.430,0.611
5.5786853344,1.0678691140,6.430,1.543
5.6366972527,0.4161768859,6.430,1.064
5.6398321095,-0.4291837536,6.430,0.200
5.6430578487,-0.9204477787,6.430,1.481
5.6896358080,0.3982019075,6.430,1.295
5.7353370034,1.4016487723,6.430,1.453
5.8030641698,-0.8396370775,6.430,1.380
5.8943964788,-0.4550728271,6.430,1.083
5.9017926679,0.3530804377,6.430,0.350
5.9468783085,0.6597821842,6.430,-0.119
5.9551449094,0.9165981964,6.430,1.541
6.0152102463,0.1633079911,6.430,0.640
6.0309359639,0.7779431336,6.430,0.959
6.0360291599,1.0221320770,6.430,0.898
6.0436598463,0.2890760364,6.430,0.886
6.0642591550,-0.2532569013,6.430,0.010
6.0746509241,-1.4121930157,6.430,1.498
6.1374119056,-0.3794491710,6.430,1.036
6.1479817093,-0.7766378002,6.430,1.177
6.2057124419,0.7852535630,6.430,1.500
0.1200690114,0.2796974411,6.440,0.230
0.1237075326,-0.3549135854,6.440,0.594
0.2321618486,-0.4324380603,6.440,0.439
0.2501324153,1.0720143056,6.440,0.940
0.2816221357,-0.5852585553,6.440,1.071
0.2966815408,0.0347851414,6.440,0.847
0.3218143417,0.1322656095,6.440,0.492
0.3437579092,0.6525135889,6.440,0.233
0.3769616326,0.3503016162,6.440,0.947
0.4138843371,-0.0615034738,6.440,1.341
0.4862454007,-0.6952682268,6.440,1.094
0.4876812193,-0.2731000516,6.440,1.608
0.4965819233,0.9703618624,6.440,0.185
0.5447616101,0.1350128068,6.440,1.114
0.6081532811,0.8544340216,6.440,0.427
0.7443315359,0.6448699794,6.440,0.617
0.8604076377,0.7065612673,6.440,-0.027
0.9953134383,0.4361301418,6.440,1.701
1.1589942191,0.2782231100,6.440,0.509
1.4207342239,-0.0260279819,6.440,-0.162
1.4510772989,0.9986960869,6.440,0.587
1.4797994075,0.7218430882,6.440,1.000
1.5569068529,-0.5580907971,6.440,1.070
1.6419774480,-1.0334706000,6.440,0.593
1.7025554139,-0.3353630858,6.440,1.683
1.7155306134,-0.6741367315,6.440,0.999
1.7225176660,0.1321647368,6.440,-0.010
1.7342237729,0.4291913132,6.440,0.101
1.8424480068,-0.7575404372,6.440,-0.039
1.8498639572,-0.1766930379,6.440,-0.067
1.9803320830,0.8956008100,6.440,1.348
2.0872281704,-0.8979452247,6.440,0.260
2.1389815036,0.4510712817,6.440,1.420
2.1615364942,-0.8805050244,6.440,1.520
2.1794444843,-0.6037117722,6.440,-0.079
2.2063406728,-0.3043750327,6.440,1.234
2.2230990581,-0.9461737171,6.440,-0.108
2.2480222095,-0.6976159849,6.440,0.578
2.3855123791,1.0357572685,6.440,0.045
2.5631589542,0.2019025761,6.440,0.255
2.8472195978,0.9163607756,6.440,1.114
2.8824317805,-0.9269763248,6.440,1.280
2.8940511975,-0.5578220493,6.440,1.616
2.8948738458,1.2222669930,6.440,1.280
2.9128189753,-0.8489278344,6.440,1.486
2.9567962053,-0.6062810949,6.440,0.408
3.0018696224,-0.6166047411,6.440,1.614
3.0593022160,-0.5095711081,6.440,0.651
3.1579208407,-1.2952803342,6.440,1.198
3.2246431161,0.4539313271,6.440,0.180
3.3960372431,1.1331643276,6.440,1.150
3.4256938121,-0.8223452080,6.440,0.414
3.5078996929,-0.3652029322,6.440,1.101
3.5103320750,0.2169764060,6.440,1.062
3.5965426184,-0.8903352849,6.440,-0.106
3.7365595287,-0.1155677380,6.440,0.275
3.8629106132,-0.8956144358,6.440,1.591
3.8899072526,-1.3469747778,6.440,-0.024
3.9775185913,-0.7902407339,6.440,1.039
4.0008037255,-0.8063832174,6.440,0.514
4.0427776158,0.9428319937,6.440,0.079
4.0549290857,-0.6743079377,6.440,0.351
4.3201298871,0.8545322291,6.440,0.026
4.3580672896,-0.1504231220,6.440,1.806
4.4855466652,0.5446507537,6.440,1.285
4.5597156953,1.1747236068,6.440,0.759
4.5638815347,-0.0288289439,6.440,0.457
4.6387115626,-0.5768538095,6.440,1.813
4.6657772931,0.0342331235,6.440,1.236
4.9788642918,-0.6468461628,6.440,0.020
4.9821463662,0.3885873019,6.440,0.130
5.0128983415,-0.9725048817,6.440,1.101
5.0163494460,-0.6951164305,6.440,1.064
5.0793483681,0.6362090536,6.440,1.074
5.1385996046,0.6112585700,6.440,1.559
5.1858468809,0.1866472521,6.440,0.932
5.1918759197,-1.1661080366,6.440,1.482
5.2269785933,0.7375895907,6.440,0.095
5.2523001599,-0.3943675310,6.440,0.503
5.3062375656,0.0799499597,6.440,0.867
5.3454347467,1.0402179354,6.440,0.094
5.3548293756,0.3573820841,6.440,1.030
5.4714899193,-0.1202437838,6.440,0.361
5.5412943941,0.0513769299,6.440,0.375
5.6973728476,0.6258281332,6.440,0.997
5.8032306885,-0.4937961390,6.440,0.147
5.8604532936,0.9767426213,6.440,2.215
6.0289185395,0.0616260047,6.440,0.970
6.0498838488,0.3475099385,6.440,0.544
6.0967731468,0.7882634164,6.440,1.077
6.1781704423,0.4286705284,6.440,1.703
6.2093757104,0.9065123990,6.440,1.034
6.2387954026,-0.4421152098,6.440,0.097
0.1573092705,-0.2613287609,6.450,1.063
0.4569618676,-0.1180918402,6.450,0.864
0.5436036071,-0.9578661717,6.450,0.386
0.5967066027,1.4584218032,6.450,0.951
0.6063526551,0.4043546556,6.450,0.376
0.6297813625,-0.4511232659,6.450,1.321
0.6431096020,0.1779943728,6.450,0.450
0.6457665522,0.0342232158,6.450,0.971
0.7309405544,0.7726956292,6.450,0.637
0.7393589594,0.6514687748,6.450,0.422
0.9317292954,1.0256469274,6.450,0.168
0.9778479635,-0.7096559187,6.450,1.059
0.9844453085,0.6750281203,6.450,1.195
1.0992764319,-0.1542432167,6.450,0.950
1.1066949974,-0.0200666957,6.450,-0.125
1.1415554370,-0.1096794852,6.450,0.056
1.2176796251,-0.9018596563,6.450,1.321
1.3177253202,0.0280799904,6.450,-0.050
1.3795779583,-0.1981394332,6.450,0.670
1.4110165431,0.5050417599,6.450,-0.040
1.4575297217,-0.1225875676,6.450,1.116
1.4789753768,0.4645729357,6.450,0.980
1.6274884527,0.1050035093,6.450,1.621
1.6774491717,-1.1070436539,6.450,0.660
1.7215344421,0.9660928300,6.450,1.554
1.7512123056,0.4921241744,6.450,1.090
1.7745396184,-0.9546083217,6.450,0.858
1.9102637660,-0.4677055778,6.450,-0.153
1.9203596709,0.2642939579,6.450,0.009
2.0538533350,-0.7780668236,6.450,0.899
2.0735857940,-0.5396146752,6.450,1.474
2.0990059215,-0.1120360821,6.450,0.838
2.1592080467,-0.8113318632,6.450,-0.149
2.1681320724,1.4670826141,6.450,0.052
2.1777046414,-0.8412112257,6.450,-0.131
2.2634604935,-0.9266019483,6.450,-0.100
2.2932800778,0.0814087263,6.450,1.228
2.4301563833,-0.1937858527,6.450,1.172
2.4636146199,-1.2230530717,6.450,1.275
2.5209779865,-0.0553381405,6.450,0.986
2.5541445006,-0.5271374372,6.450,-0.137
2.5788682670,0.2280488902,6.450,1.624
2.6526556574,-1.0859685807,6.450,-0.095
2.6731149579,-0.3342836148,6.450,0.494
2.7063386703,0.9386274385,6.450,0.580
2.7204134324,-0.0157471316,6.450,0.918
2.8094173501,-1.0492532519,6.450,-0.017
2.8516798483,-0.9847235038,6.450,1.392
2.8588182310,-0.3606716445,6.450,1.098
3.0074306694,-1.1092254613,6.450,0.320
3.0327827301,0.3567722695,6.450,1.010
3.3756211460,-0.0737342541,6.450,1.094
3.5455253844,-0.5160111820,6.450,0.438
3.6235765844,1.0217062787,6.450,0.094
3.6987553575,-0.8703539398,6.450,0.660
3.7045045243,-0.1803718582,6.450,1.003
3.7288674362,0.2439176293,6.450,1.348
3.7530881358,0.5310884736,6.450,0.156
3.8287046156,0.0397452956,6.450,0.560
3.9236403811,-0.6611522643,6.450,-0.080
4.0532963237,0.9633333840,6.450,0.079
4.0595463198,0.5460425148,6.450,0.205
4.0957119093,-0.1534404473,6.450,0.505
4.0978528158,1.0109719542,6.450,1.102
4.1023674712,-1.2257077798,6.450,0.077
4.2483202202,-0.0257459238,6.450,0.997
4.2932713332,-0.5794387682,6.450,0.013
4.3125017797,1.1701385357,6.450,1.517
4.4095803856,-0.8734490762,6.450,0.325
4.4727656200,0.7646678143,6.450,0.099
4.7192398700,-1.4872793182,6.450,0.437
4.7914908570,0.4066077256,6.450,1.698
4.8195178292,-0.8666062168,6.450,0.593
4.8878088725,0.6696338779,6.450,0.220
4.9012169213,0.6859155558,6.450,1.590
4.9587157183,-0.5530778212,6.450,1.223
4.9967206674,0.8713236258,6.450,1.348
5.1919705695,0.4963659579,6.450,-0.104
5.2518992558,0.4003969963,6.450,1.028
5.2723833088,-1.1581078384,6.450,1.587
5.3495189921,0.3467182780,6.450,1.037
5.3883748419,-0.6647939915,6.450,0.264
5.4061708043,0.9774690278,6.450,0.403
5.4510554116,1.1177482450,6.450,0.025
5.5315679839,-0.7920211469,6.450,0.245
5.5659405258,0.8373041709,6.450,-0.129
5.5688929825,-0.1608260793,6.450,1.612
5.5886930909,0.5663981024,6.450,0.802
5.6106215191,0.0093259861,6.450,0.162
5.6486107906,0.3971413186,6.450,0.513
5.7029259863,1.2243638685,6.450,-0.007
5.7787732116,-0.5221419419,6.450,1.603
5.8054147329,0.3661348972,6.450,0.099
5.8592361848,0.6398210637,6.450,1.052
5.9474577138,-0.1450620050,6.450,0.166
5.9562024883,1.0148574662,6.450,0.430
6.1483352957,0.4022649427,6.450,1.088
6.2653450541,0.2658187207,6.450,1.560
6.2708308880,-0.3636156599,6.450,0.979
4.4252677700,-0.7304251401,6.450,0.650
0.0136609804,-0.4214122862,6.460,1.176
0.0765546735,-0.3325042731,6.460,0.386
0.0895154988,0.8546638715,6.460,0.564
0.2450093990,0.2435076477,6.460,0.962
0.2750001013,0.8268699407,6.460,0.248
0.4093199850,1.5536159933,6.460,0.107
0.5182171251,-0.1972388790,6.460,1.128
0.5795924946,1.3908797513,6.460,0.240
0.7494660116,1.0177763876,6.460,0.104
0.8543871489,0.8893480475,6.460,0.100
1.0006366795,0.9969018351,6.460,0.061
1.0234865961,-0.9196214099,6.460,0.158
1.2433949500,-1.1035667087,6.460,1.077
1.2479416799,1.3371149304,6.460,0.512
1.3106851937,0.6921042562,6.460,1.677
1.4868889906,-0.1816654533,6.460,-0.127
1.6091719429,-0.1190554157,6.460,0.876
1.7757650578,-1.5188721568,6.460,0.429
1.8062029719,0.6720393511,6.460,-0.044
1.8265146944,-0.9842757919,6.460,0.389
1.8643228472,-1.0422480753,6.460,-0.113
1.8885252081,0.4751627931,6.460,0.502
2.0251370585,0.0419825382,6.460,0.211
2.0387335707,-0.6296030965,6.460,1.083
2.0852906323,-0.7118212299,6.460,0.979
2.1395239914,-0.8593538217,6.460,-0.140
2.2663504677,0.1399335248,6.460,1.080
2.2783683309,-0.2088462449,6.460,0.160
2.3740683561,-0.8280095004,6.460,-0.155
2.3776537931,0.5650823330,6.460,0.241
2.4175057228,-0.2564733717,6.460,0.958
2.5137672714,1.2971078491,6.460,-0.083
2.6898496459,0.5006036996,6.460,0.635
2.8269636912,-1.1215981796,6.460,0.008
2.9550122612,-0.7318920543,6.460,0.015
2.9663914521,-1.2733623926,6.460,0.004
3.0470806413,-1.1060630928,6.460,0.043
3.1172936895,-0.6588432009,6.460,0.528
3.2399157159,0.0925974723,6.460,0.567
3.2815382958,-0.5678212433,6.460,0.172
3.3128255007,-1.3154650206,6.460,0.098
3.4742444018,0.3325154881,6.460,0.972
3.5548575140,1.3359921268,6.460,1.573
3.5549144231,-0.5813840788,6.460,1.250
3.5737278385,0.3187900198,6.460,1.217
3.7905279009,-1.0331921285,6.460,0.111
3.8146954193,0.9959766463,6.460,0.526
4.0005715288,-0.8353938922,6.460,0.927
4.0274769940,-0.2641387660,6.460,1.603
4.0879552506,0.5234448769,6.460,0.433
4.1186336095,-1.0522104354,6.460,1.020
4.2077941169,-0.9374228861,6.460,0.006
4.3140405406,0.0009574011,6.460,1.378
4.3218728355,-0.1311519137,6.460,0.371
4.3792291962,-0.5603544440,6.460,-0.076
4.4375766877,-1.2411323273,6.460,0.260
4.4867380791,0.8873650445,6.460,-0.017
4.5251690198,-0.7815339246,6.460,0.187
4.5416833860,-0.1866875691,6.460,0.326
4.5614245279,0.9213712429,6.460,0.619
4.6990008570,-0.7034661802,6.460,1.411
4.7392390412,-0.9031015116,6.460,0.172
4.8036688136,-0.6542828914,6.460,1.315
4.9251309468,-0.3246513083,6.460,0.902
5.0420644870,0.3231713168,6.460,1.743
5.1920498969,0.4727256059,6.460,0.937
5.2218192586,0.8884166179,6.460,0.003
5.2755366641,-0.8214903464,6.460,1.463
5.3181396395,0.8084748053,6.460,-0.123
5.3270279000,-0.6226231040,6.460,1.311
5.4065836727,-0.0860359001,6.460,1.016
5.5436717229,0.8323863337,6.460,0.007
5.6016625356,0.6519063250,6.460,1.472
5.6954974725,-0.8639163491,6.460,1.148
5.7615283244,0.5760621127,6.460,0.463
5.8358223874,0.8574271548,6.460,1.046
5.8496725279,1.0194451471,6.460,0.990
5.8512203930,0.4701072682,6.460,1.526
5.8763459952,0.6535159544,6.460,-0.132
5.9286416555,-0.5017509864,6.460,1.034
5.9902785926,0.8798603552,6.460,-0.047
6.0176772562,1.0439626628,6.460,0.012
6.0325919296,-0.6356642784,6.460,0.938
6.1263953501,-0.3800351697,6.460,0.433
6.2168907041,0.9738882520,6.460,0.992
0.0219026412,0.4830160963,6.470,0.946
0.0392815903,0.4930126266,6.470,0.242
0.0815843396,-0.1405513891,6.470,0.674
0.1501637723,1.1650134071,6.470,-0.049
0.1993825678,-0.2866567125,6.470,0.314
0.2544466346,0.3735789090,6.470,0.089
0.2689729072,-0.2838878067,6.470,1.184
0.6080139982,-0.0519696670,6.470,0.966
0.6244350647,-0.6558274392,6.470,1.592
0.7294843300,-0.3924503724,6.470,0.398
0.7544653984,-1.1424103342,6.470,1.008
0.8242449500,1.0888165967,6.470,0.231
0.8883947387,0.0158840076,6.470,1.154
0.9014178721,0.5011728209,6.470,0.882
0.9989783544,0.4163855583,6.470,0.377
1.0047397940,-0.0265739297,6.470,0.435
1.0620871875,-0.3515755654,6.470,-0.178
1.1082623525,0.6626517253,6.470,1.029
1.1782637882,0.1791094265,6.470,1.038
1.3402495943,-0.3384519509,6.470,0.648
1.4046489511,-0.3072413255,6.470,1.206
1.5054401938,0.2249438229,6.470,0.234
1.5140765657,0.8992088259,6.470,0.898
1.5358597244,-0.5139894469,6.470,1.473
1.6716159597,0.9944248788,6.470,1.075
1.6745650217,-1.0217833038,6.470,0.120
1.7637132261,-0.9546166846,6.470,-0.119
1.7710872825,0.2215444389,6.470,0.344
1.8011170931,-0.7675189012,6.470,-0.101
1.8556034079,-0.8789485380,6.470,1.424
1.8598160476,-1.2014424161,6.470,1.039
1.8649481560,0.4917760919,6.470,-0.081
1.9393260862,0.2708261465,6.470,-0.190
1.9522846663,1.1577043158,6.470,-0.064
2.1362235742,0.5077699654,6.470,0.804
2.1562918478,0.3085036187,6.470,0.331
2.1726267787,-1.0326559120,6.470,0.397
2.2652983462,1.0461350941,6.470,0.035
2.3383403352,-0.2694707438,6.470,1.393
2.3914039387,0.5679370990,6.470,0.375
2.4598143136,-0.6589822187,6.470,0.193
2.5554985831,-0.9980847062,6.470,-0.108
2.5787820287,-1.3973290737,6.470,0.074
2.6839049149,0.5492213542,6.470,0.858
2.7117083710,-0.4138321275,6.470,0.193
2.8262935472,-1.0450203771,6.470,-0.121
2.9158470815,-0.5231185721,6.470,0.029
3.1207988639,0.6415198144,6.470,1.581
3.1940260686,0.4980526134,6.470,0.428
3.2324018824,0.2712414019,6.470,1.025
3.2430665000,-0.0868214481,6.470,1.189
3.3520747008,0.2365447884,6.470,0.015
3.6006989414,0.9752786236,6.470,0.486
3.7034516196,1.0356373393,6.470,1.023
3.7385487298,-0.1550633027,6.470,1.212
3.7437839782,-0.1316395016,6.470,0.723
3.7477975943,0.9575531289,6.470,0.183
3.9849802913,-0.4190242662,6.470,-0.026
3.9858005775,-0.4417314348,6.470,0.691
3.9961274873,0.8890437774,6.470,0.854
3.9963360497,0.1128327388,6.470,1.308
4.2263520623,0.1503282722,6.470,1.418
4.3674253256,-0.1450303691,6.470,1.147
4.3741655222,-0.6471567961,6.470,0.776
4.3899665689,-0.8121365443,6.470,0.087
4.4704935902,-1.1916880204,6.470,1.570
4.5831367031,0.2081133264,6.470,0.056
4.6046512071,-0.3847372705,6.470,0.011
4.6562503106,0.8309903343,6.470,0.095
4.7746638039,-1.1115946480,6.470,1.414
4.8677591703,0.0861492512,6.470,0.075
4.8935167304,-0.8394106171,6.470,1.220
4.9401501017,-0.7279627817,6.470,1.426
4.9607130847,-1.0961000078,6.470,1.535
4.9631688516,1.0162184077,6.470,0.072
4.9789469003,0.3370161807,6.470,1.114
5.0341132486,0.0962654709,6.470,0.100
5.1259114558,1.1071351507,6.470,1.326
5.1309732634,0.8768292937,6.470,1.034
5.1397548198,0.8601753296,6.470,0.990
5.1743363270,-0.0503257462,6.470,0.016
5.1872765056,-0.2150144553,6.470,1.676
5.1986696316,0.0713600855,6.470,1.345
5.2059088473,-0.2548739710,6.470,0.149
5.2145423466,-0.5767658999,6.470,1.487
5.2630566565,-0.0711781857,6.470,1.156
5.2715894350,-0.9176556406,6.470,0.682
5.2930321662,-0.0057734775,6.470,1.532
5.2950655090,-0.8327530256,6.470,1.249
5.2974290218,0.6388756904,6.470,-0.014
5.3078483526,0.6467561026,6.470,-0.097
5.3738880346,0.5991780449,6.470,0.422
5.3770985760,0.0372245146,6.470,1.514
5.4467662758,-0.7713802325,6.470,1.161
5.4952139406,0.7387012846,6.470,-0.077
5.5386809694,-0.6406394633,6.470,0.520
5.5487898081,-0.2525906398,6.470,0.316
5.6022081763,-0.4398663299,6.470,1.123
5.6433099073,-1.3969503881,6.470,0.044
5.6494788380,0.3199001638,6.470,1.254
5.6523884151,1.1906512169,6.470,-0.083
5.6883021165,0.1313998488,6.470,1.114
5.9554253693,0.6841869899,6.470,1.498
5.9853867525,-1.0451268657,6.470,1.132
6.0639088665,-1.1846646442,6.470,0.394
6.0659007847,-1.1668860220,6.470,0.956
6.0824258640,0.3426761732,6.470,1.151
6.1397376715,-1.1620556762,6.470,1.455
6.1761804840,0.0229186464,6.470,1.151
6.2344153947,0.0386488009,6.470,0.461
6.2411658030,0.9009679772,6.470,0.403
6.2725333674,1.0476094430,6.470,0.029
0.1074944463,0.2498528557,6.480,1.161
0.2681293167,0.8647097633,6.480,1.099
0.2718689457,0.8907276993,6.480,0.122
0.5148164414,0.8219718947,6.480,1.203
0.5653996354,-0.4249141080,6.480,0.289
0.5971728888,0.9958018933,6.480,0.281
0.6850792321,0.4301751775,6.480,0.510
0.6912097805,-0.6630600958,6.480,0.521
0.7133243850,-0.0441821773,6.480,0.981
0.7275914786,-0.3776808976,6.480,0.387
0.8026147574,0.8351135120,6.480,0.301
0.9375619807,-0.4465045304,6.480,0.985
1.3331479649,0.3456925327,6.480,0.219
1.3669904001,0.6516589729,6.480,0.542
1.3772690437,-0.9107508302,6.480,1.213
1.4180384258,1.2864332796,6.480,1.738
1.5165940541,0.4462566564,6.480,1.193
1.5587513647,-0.9324542560,6.480,1.480
1.6014757415,-0.7869953084,6.480,1.162
1.6117699729,-0.8650345961,6.480,0.502
1.6197834663,1.0551123948,6.480,1.698
1.6891576435,-0.6614013667,6.480,0.394
1.6941886859,0.0333825518,6.480,-0.064
1.7382685764,-0.4115542463,6.480,0.664
1.7524385105,0.6271304453,6.480,0.509
1.8208512799,0.6526610305,6.480,1.673
1.8613911202,-0.2163152138,6.480,-0.124
1.9098735447,0.6785188188,6.480,0.995
2.1057252421,0.9996133698,6.480,0.649
2.1437050222,0.9519067271,6.480,0.940
2.1471955920,-0.7574805683,6.480,1.704
2.1527018784,-0.0203485353,6.480,0.918
2.2369209469,0.1756849801,6.480,-0.007
2.2398291862,-0.6696946259,6.480,-0.153
2.3010326471,-0.2976288693,6.480,0.679
2.3114662173,-0.3673645855,6.480,0.256
2.3943388190,-0.2840928416,6.480,1.100
2.3987366321,-0.8626182192,6.480,0.170
2.3988404935,0.2018364573,6.480,0.355
2.4156274623,0.3714620115,6.480,0.046
2.5097713613,-0.6252423864,6.480,0.417
2.5817212568,-0.1979291812,6.480,1.610
2.6111614537,0.4844859374,6.480,0.362
2.6763388485,-0.9876241811,6.480,1.450
2.6936384687,-0.8174239399,6.480,0.329
2.6989220586,0.7513371012,6.480,0.925
2.7752196843,1.4048963030,6.480,0.963
2.8681726553,-1.2049413707,6.480,0.000
2.8895269648,-0.7175772030,6.480,1.474
2.9132240276,0.4070764430,6.480,0.164
3.0641324102,-1.3129643686,6.480,0.528
3.0860208291,-0.5285993204,6.480,0.681
3.1006638129,-0.4760897973,6.480,0.980
3.1602615839,-0.8983649089,6.480,-0.046
3.1896778537,-1.1913786122,6.480,1.352
3.2433211847,-0.2061603370,6.480,1.640
3.3657894307,-0.1804359657,6.480,1.030
3.3901738131,-0.9527289460,6.480,-0.042
3.5075402330,-0.8695720901,6.480,0.959
3.5410675468,-0.4906598811,6.480,0.090
3.5585389969,0.1781101795,6.480,1.043
3.5633729957,0.8637049469,6.480,1.175
3.5641493957,-0.6015772700,6.480,1.026
3.6352617963,0.7040305111,6.480,1.550
3.7390160714,-1.3554963757,6.480,1.375
3.7777484006,-0.4686600256,6.480,0.941
3.9512730317,-0.5332131703,6.480,0.489
3.9533464191,-0.8531761244,6.480,-0.137
4.1153795498,0.2385457814,6.480,0.873
4.2444564494,0.4654894816,6.480,0.391
4.3526882064,0.0921101977,6.480,1.150
4.3740691943,0.8715553093,6.480,0.541
4.4448853382,-0.2595247195,6.480,0.391
4.4678081426,-0.6605048982,6.480,0.263
4.5554733764,0.6733965878,6.480,0.716
4.5691179374,-0.2766933345,6.480,1.146
4.6064380150,-0.6534491471,6.480,0.006
4.6283618509,-1.1842787125,6.480,0.999
4.6831695798,-1.1429917020,6.480,1.086
4.6945698327,-0.3281594992,6.480,0.056
4.7074661470,0.7937097775,6.480,-0.064
4.8641958164,0.1901014344,6.480,0.032
4.9328218765,-0.2368806612,6.480,1.662
4.9540848642,-0.6525193183,6.480,1.122
4.9933982789,-0.0992192260,6.480,2.300
5.0679813152,-0.6105770399,6.480,0.628
5.1148350205,-0.7774811189,6.480,0.526
5.4253700430,0.6211243059,6.480,1.251
5.5268644767,0.0663769412,6.480,0.880
5.5704707218,-0.0280606936,6.480,0.981
5.7145057237,0.7181818216,6.480,0.381
5.8825687961,0.4715671189,6.480,0.986
6.0056793615,-0.5509230775,6.480,1.094
6.0996352241,0.7939314939,6.480,-0.037
0.0024958075,-0.9267299095,6.490,0.616
0.0694441781,-1.3249076252,6.490,0.983
0.1766114231,-0.2882703781,6.490,0.910
0.2184398887,-0.7573842505,6.490,0.286
0.3119028551,0.1796276835,6.490,0.891
0.4266747693,1.1299149350,6.490,0.776
0.5663928119,-0.7132549899,6.490,0.430
0.5771052931,0.0479189094,6.490,1.039
0.9084089392,-0.6257603326,6.490,0.126
0.9092858219,1.0516598686,6.490,0.014
0.9373204631,0.1120098426,6.490,0.642
0.9422775655,-0.0894473211,6.490,1.091
0.9652978071,-0.2059910470,6.490,0.377
0.9810552224,-0.8388279037,6.490,1.011
1.0785217090,1.2915499083,6.490,0.977
1.0895950119,0.0579920000,6.490,0.443
1.2097152005,0.3236369528,6.490,0.810
1.2383290054,0.5736104664,6.490,0.311
1.3352437840,0.6272082933,6.490,0.184
1.3679941221,1.0941666572,6.490,0.204
1.3762553954,-1.2843611788,6.490,0.150
1.3936264567,0.5931574867,6.490,0.256
1.3964319841,0.7753692054,6.490,1.331
1.4020307543,0.0700217073,6.490,-0.089
1.4102255205,-0.4660977384,6.490,0.505
1.4169746977,0.6318082375,6.490,1.645
1.4385601066,-0.0140064822,6.490,0.251
1.4814093487,-0.1694126249,6.490,-0.107
1.5164183146,1.1100092967,6.490,1.010
1.5828050292,0.8344336934,6.490,0.567
1.6606195976,-0.4125602882,6.490,1.132
1.7878197013,0.6547209657,6.490,1.553
1.8354564881,-0.1606220664,6.490,0.142
1.8581672179,1.2345049554,6.490,1.568
1.9400147672,-1.2473982799,6.490,0.120
2.0493630181,-0.3404355103,6.490,1.234
2.0544778787,0.0778331948,6.490,0.944
2.0562409946,0.6472044821,6.490,1.510
2.1544383156,-0.8129513967,6.490,-0.159
2.2120433663,-0.9198749163,6.490,0.419
2.2369670842,-0.8210396643,6.490,1.293
2.3209676078,-0.7153508418,6.490,-0.106
2.3231886863,-0.5673947128,6.490,1.451
2.3537860968,0.2281911642,6.490,1.462
2.4098313294,0.2617302207,6.490,0.731
2.5010024660,0.7943649286,6.490,1.141
2.5503626554,0.3292300505,6.490,1.158
2.5628847647,0.4127299845,6.490,1.093
2.7303448355,0.6182903924,6.490,1.089
2.7735364286,-0.3240898026,6.490,0.199
2.9965355763,0.0525885508,6.490,0.778
3.0264261263,0.0436163638,6.490,1.601
3.0443133548,1.3543004292,6.490,1.610
3.0491722300,1.1230664105,6.490,0.154
3.1379107754,-0.1828388749,6.490,1.450
3.1414022243,0.5940184056,6.490,0.243
3.1681510252,-0.5752820092,6.490,0.623
3.4542394835,-0.4634149672,6.490,0.193
3.4769166067,0.2970058619,6.490,0.926
3.5257018833,-0.4608059337,6.490,1.608
3.5274732717,0.7108664202,6.490,0.927
3.5697719137,0.2496156945,6.490,0.274
3.5746462775,0.9041540846,6.490,1.378
3.6544342399,1.0732528973,6.490,1.040
3.6664591170,-1.0730463691,6.490,0.333
3.7728821098,-0.2036747377,6.490,0.417
3.7755539808,-0.2330566579,6.490,1.223
3.8172334839,-0.3567344969,6.490,0.139
3.8275376850,-0.9260854475,6.490,1.447
3.8813487284,0.8966542289,6.490,0.401
3.9616175281,-1.0668966115,6.490,0.432
3.9802242923,-0.3334710174,6.490,1.507
4.0291643654,-0.8053021650,6.490,0.945
4.0506642778,-1.5382112103,6.490,0.303
4.0659066859,-0.5738836705,6.490,0.065
4.0748134189,0.2991033412,6.490,0.341
4.1286386552,-0.4897652392,6.490,0.332
4.3145233718,-0.1418750678,6.490,0.410
4.4267043302,-0.8676171398,6.490,1.466
4.5643880873,1.0236686839,6.490,0.139
4.8350240968,-1.4728354573,6.490,-0.035
4.8463175980,0.3632910866,6.490,0.795
4.8666563726,-0.3637343310,6.490,0.280
4.8785210743,-0.2444295385,6.490,0.189
4.8799259715,-0.0557395311,6.490,0.553
4.8962366498,0.6064374567,6.490,-0.116
4.9247004507,-0.1047950042,6.490,0.242
4.9706223715,-0.6900108985,6.490,-0.040
4.9719537990,-1.2299100206,6.490,0.305
5.1496807827,1.0560483610,6.490,0.212
5.1936256492,0.1379232230,6.490,-0.086
5.2125758135,-0.1437636021,6.490,-0.040
5.2155892046,-0.1175440928,6.490,0.391
5.2371047012,0.4570648576,6.490,1.132
5.2768839428,0.9778526219,6.490,0.938
5.3229664277,0.8174654352,6.490,-0.084
5.3296813387,-1.1650018594,6.490,0.505
5.3430608655,0.9346575614,6.490,-0.025
5.3850667108,0.3662605748,6.490,-0.138
5.4380533522,-0.6304155749,6.490,0.433
5.6897070677,-1.0005142972,6.490,0.484
5.7121798664,1.1657408752,6.490,0.391
5.9623549459,-0.8671806240,6.490,1.162
5.9672580051,-1.1442422569,6.490,1.208
6.0948231772,-0.7189778294,6.490,1.070
6.1045285840,-0.4954613841,6.490,1.535
6.1961238284,0.6571626039,6.490,0.355
6.2421436096,-0.8268836338,6.490,1.025
0.0072247595,1.2847690897,6.500,0.182
0.0548427189,0.7802877530,6.500,1.112
0.0728924767,-0.3527321029,6.500,-0.108
0.3603254066,-0.0078482739,6.500,1.079
0.3746905028,-0.0685458985,6.500,1.348
0.5589190029,-0.7309512211,6.500,0.205
0.5827589545,0.9260470677,6.500,1.661
0.6094673187,-0.0758445551,6.500,0.082
0.6554962665,-0.4395863391,6.500,0.294
0.8334511316,1.1326535134,6.500,0.163
0.8927508404,-0.8912114969,6.500,0.003
0.9228639840,0.7113950543,6.500,0.243
0.9555721399,0.3650489602,6.500,0.151
0.9693757903,-0.8021164699,6.500,0.522
1.1815001858,0.2818479159,6.500,0.428
1.2914237267,0.0942307480,6.500,0.025
1.4477512406,1.4999102728,6.500,0.360
1.4549793685,0.5724885871,6.500,0.094
1.5074987492,0.5467213333,6.500,1.100
1.5841998269,0.9951573147,6.500,0.953
1.6886696983,-0.0760205878,6.500,-0.155
1.7495162488,-1.2527134279,6.500,1.110
1.8580222656,-0.1860534917,6.500,-0.062
1.8839991544,0.2962930949,6.500,1.423
2.0047275230,-0.4688495843,6.500,-0.094
2.0217597619,0.0863198246,6.500,1.356
2.0353040713,1.0965994869,6.500,0.262
2.0597702290,0.8016818949,6.500,0.213
2.0937680325,0.6297510168,6.500,1.561
2.1261024046,-0.3031417735,6.500,1.246
2.1837793350,0.9350442988,6.500,0.300
2.2191890578,-0.4026645839,6.500,0.060
2.2326613390,0.3313984379,6.500,1.496
2.4862063769,0.9729378571,6.500,0.394
2.5015145272,0.4951139464,6.500,0.128
2.5363084752,0.9750542080,6.500,1.150
2.5443248980,0.9488256082,6.500,0.121
2.5874577254,-0.9664448002,6.500,-0.145
2.6205064813,-0.9938970865,6.500,0.979
2.6446996820,-0.9108513629,6.500,0.997
2.7102025203,-0.3138967492,6.500,0.402
2.7871007201,-1.0343243526,6.500,-0.098
2.9842621254,-1.0102042025,6.500,1.504
3.2075080898,-0.5102863891,6.500,1.086
3.3581619597,0.8506740003,6.500,1.135
3.4150594868,1.0422461524,6.500,0.055
3.4627291195,0.6438097556,6.500,1.616
3.5168484902,1.1041175313,6.500,0.739
3.7351789438,0.7952813970,6.500,1.041
3.7622029758,0.5126018053,6.500,1.440
3.8816890282,-1.2031634923,6.500,-0.101
3.9141622807,0.3762130325,6.500,0.015
3.9827811391,0.1867904532,6.500,1.274
4.0071769534,0.0163957873,6.500,1.600
4.0262714275,-0.5121133679,6.500,1.011
4.2323642577,-1.0989841658,6.500,0.231
4.2661197104,0.0261225805,6.500,1.128
4.4516258666,-0.7851982960,6.500,0.403
4.5328926492,-1.0973683828,6.500,1.087
4.5403514945,-0.3374375247,6.500,0.578
4.7609060762,1.0543452339,6.500,-0.002
4.8288117564,0.4616259064,6.500,-0.107
4.8308433953,-0.1403315657,6.500,1.054
4.9348202807,-0.7166790875,6.500,-0.075
4.9623593336,1.0890291346,6.500,0.927
5.0402139093,1.4566997268,6.500,0.108
5.0562485117,0.3422673857,6.500,-0.006
5.0833828983,-0.0852512327,6.500,0.340
5.1412883831,0.3627386015,6.500,1.037
5.2039258153,-0.9595199542,6.500,0.100
5.2463217707,0.3866158847,6.500,0.127
5.3835083873,0.7290704188,6.500,0.994
5.4303784365,1.2173987916,6.500,0.973
5.4332914785,-0.4755547488,6.500,0.946
5.4525310279,0.8748826300,6.500,1.624
5.5080378963,0.6895627412,6.500,1.510
5.5100493832,0.8002140860,6.500,-0.124
5.5108499520,-0.0161398353,6.500,-0.094
5.6552332425,0.2632304436,6.500,0.940
5.7423831492,-0.9156653443,6.500,0.925
5.7552005638,0.3319668935,6.500,1.013
5.7850716289,0.7873617262,6.500,-0.025
5.8170381079,0.3190429121,6.500,1.374
5.8220113636,0.3000106491,6.500,1.288
6.1589398705,-0.0713386844,6.500,0.531
5.5170336004,-0.3465463062,6.500,0.650
